execve("./myhttpd", ["./myhttpd", "9002"], 0x7ffe23dfc728 /* 54 vars */) = 0
brk(NULL)                               = 0x55bd544b5000
arch_prctl(0x3001 /* ARCH_??? */, 0x7fffdfa22950) = -1 EINVAL (Invalid argument)
mmap(NULL, 8192, PROT_READ|PROT_WRITE, MAP_PRIVATE|MAP_ANONYMOUS, -1, 0) = 0x7f99717f8000
access("/etc/ld.so.preload", R_OK)      = -1 ENOENT (No such file or directory)
openat(AT_FDCWD, "glibc-hwcaps/x86-64-v4/libc.so.6", O_RDONLY|O_CLOEXEC) = -1 ENOENT (No such file or directory)
openat(AT_FDCWD, "glibc-hwcaps/x86-64-v3/libc.so.6", O_RDONLY|O_CLOEXEC) = -1 ENOENT (No such file or directory)
openat(AT_FDCWD, "glibc-hwcaps/x86-64-v2/libc.so.6", O_RDONLY|O_CLOEXEC) = -1 ENOENT (No such file or directory)
openat(AT_FDCWD, "tls/haswell/avx512_1/x86_64/libc.so.6", O_RDONLY|O_CLOEXEC) = -1 ENOENT (No such file or directory)
openat(AT_FDCWD, "tls/haswell/avx512_1/libc.so.6", O_RDONLY|O_CLOEXEC) = -1 ENOENT (No such file or directory)
openat(AT_FDCWD, "tls/haswell/x86_64/libc.so.6", O_RDONLY|O_CLOEXEC) = -1 ENOENT (No such file or directory)
openat(AT_FDCWD, "tls/haswell/libc.so.6", O_RDONLY|O_CLOEXEC) = -1 ENOENT (No such file or directory)
openat(AT_FDCWD, "tls/avx512_1/x86_64/libc.so.6", O_RDONLY|O_CLOEXEC) = -1 ENOENT (No such file or directory)
openat(AT_FDCWD, "tls/avx512_1/libc.so.6", O_RDONLY|O_CLOEXEC) = -1 ENOENT (No such file or directory)
openat(AT_FDCWD, "tls/x86_64/libc.so.6", O_RDONLY|O_CLOEXEC) = -1 ENOENT (No such file or directory)
openat(AT_FDCWD, "tls/libc.so.6", O_RDONLY|O_CLOEXEC) = -1 ENOENT (No such file or directory)
openat(AT_FDCWD, "haswell/avx512_1/x86_64/libc.so.6", O_RDONLY|O_CLOEXEC) = -1 ENOENT (No such file or directory)
openat(AT_FDCWD, "haswell/avx512_1/libc.so.6", O_RDONLY|O_CLOEXEC) = -1 ENOENT (No such file or directory)
openat(AT_FDCWD, "haswell/x86_64/libc.so.6", O_RDONLY|O_CLOEXEC) = -1 ENOENT (No such file or directory)
openat(AT_FDCWD, "haswell/libc.so.6", O_RDONLY|O_CLOEXEC) = -1 ENOENT (No such file or directory)
openat(AT_FDCWD, "avx512_1/x86_64/libc.so.6", O_RDONLY|O_CLOEXEC) = -1 ENOENT (No such file or directory)
openat(AT_FDCWD, "avx512_1/libc.so.6", O_RDONLY|O_CLOEXEC) = -1 ENOENT (No such file or directory)
openat(AT_FDCWD, "x86_64/libc.so.6", O_RDONLY|O_CLOEXEC) = -1 ENOENT (No such file or directory)
openat(AT_FDCWD, "libc.so.6", O_RDONLY|O_CLOEXEC) = -1 ENOENT (No such file or directory)
openat(AT_FDCWD, "/opt/oracle/instantclient_19_8/glibc-hwcaps/x86-64-v4/libc.so.6", O_RDONLY|O_CLOEXEC) = -1 ENOENT (No such file or directory)
newfstatat(AT_FDCWD, "/opt/oracle/instantclient_19_8/glibc-hwcaps/x86-64-v4", 0x7fffdfa21b70, 0) = -1 ENOENT (No such file or directory)
openat(AT_FDCWD, "/opt/oracle/instantclient_19_8/glibc-hwcaps/x86-64-v3/libc.so.6", O_RDONLY|O_CLOEXEC) = -1 ENOENT (No such file or directory)
newfstatat(AT_FDCWD, "/opt/oracle/instantclient_19_8/glibc-hwcaps/x86-64-v3", 0x7fffdfa21b70, 0) = -1 ENOENT (No such file or directory)
openat(AT_FDCWD, "/opt/oracle/instantclient_19_8/glibc-hwcaps/x86-64-v2/libc.so.6", O_RDONLY|O_CLOEXEC) = -1 ENOENT (No such file or directory)
newfstatat(AT_FDCWD, "/opt/oracle/instantclient_19_8/glibc-hwcaps/x86-64-v2", 0x7fffdfa21b70, 0) = -1 ENOENT (No such file or directory)
openat(AT_FDCWD, "/opt/oracle/instantclient_19_8/tls/haswell/avx512_1/x86_64/libc.so.6", O_RDONLY|O_CLOEXEC) = -1 ENOENT (No such file or directory)
newfstatat(AT_FDCWD, "/opt/oracle/instantclient_19_8/tls/haswell/avx512_1/x86_64", 0x7fffdfa21b70, 0) = -1 ENOENT (No such file or directory)
openat(AT_FDCWD, "/opt/oracle/instantclient_19_8/tls/haswell/avx512_1/libc.so.6", O_RDONLY|O_CLOEXEC) = -1 ENOENT (No such file or directory)
newfstatat(AT_FDCWD, "/opt/oracle/instantclient_19_8/tls/haswell/avx512_1", 0x7fffdfa21b70, 0) = -1 ENOENT (No such file or directory)
openat(AT_FDCWD, "/opt/oracle/instantclient_19_8/tls/haswell/x86_64/libc.so.6", O_RDONLY|O_CLOEXEC) = -1 ENOENT (No such file or directory)
newfstatat(AT_FDCWD, "/opt/oracle/instantclient_19_8/tls/haswell/x86_64", 0x7fffdfa21b70, 0) = -1 ENOENT (No such file or directory)
openat(AT_FDCWD, "/opt/oracle/instantclient_19_8/tls/haswell/libc.so.6", O_RDONLY|O_CLOEXEC) = -1 ENOENT (No such file or directory)
newfstatat(AT_FDCWD, "/opt/oracle/instantclient_19_8/tls/haswell", 0x7fffdfa21b70, 0) = -1 ENOENT (No such file or directory)
openat(AT_FDCWD, "/opt/oracle/instantclient_19_8/tls/avx512_1/x86_64/libc.so.6", O_RDONLY|O_CLOEXEC) = -1 ENOENT (No such file or directory)
newfstatat(AT_FDCWD, "/opt/oracle/instantclient_19_8/tls/avx512_1/x86_64", 0x7fffdfa21b70, 0) = -1 ENOENT (No such file or directory)
openat(AT_FDCWD, "/opt/oracle/instantclient_19_8/tls/avx512_1/libc.so.6", O_RDONLY|O_CLOEXEC) = -1 ENOENT (No such file or directory)
newfstatat(AT_FDCWD, "/opt/oracle/instantclient_19_8/tls/avx512_1", 0x7fffdfa21b70, 0) = -1 ENOENT (No such file or directory)
openat(AT_FDCWD, "/opt/oracle/instantclient_19_8/tls/x86_64/libc.so.6", O_RDONLY|O_CLOEXEC) = -1 ENOENT (No such file or directory)
newfstatat(AT_FDCWD, "/opt/oracle/instantclient_19_8/tls/x86_64", 0x7fffdfa21b70, 0) = -1 ENOENT (No such file or directory)
openat(AT_FDCWD, "/opt/oracle/instantclient_19_8/tls/libc.so.6", O_RDONLY|O_CLOEXEC) = -1 ENOENT (No such file or directory)
newfstatat(AT_FDCWD, "/opt/oracle/instantclient_19_8/tls", 0x7fffdfa21b70, 0) = -1 ENOENT (No such file or directory)
openat(AT_FDCWD, "/opt/oracle/instantclient_19_8/haswell/avx512_1/x86_64/libc.so.6", O_RDONLY|O_CLOEXEC) = -1 ENOENT (No such file or directory)
newfstatat(AT_FDCWD, "/opt/oracle/instantclient_19_8/haswell/avx512_1/x86_64", 0x7fffdfa21b70, 0) = -1 ENOENT (No such file or directory)
openat(AT_FDCWD, "/opt/oracle/instantclient_19_8/haswell/avx512_1/libc.so.6", O_RDONLY|O_CLOEXEC) = -1 ENOENT (No such file or directory)
newfstatat(AT_FDCWD, "/opt/oracle/instantclient_19_8/haswell/avx512_1", 0x7fffdfa21b70, 0) = -1 ENOENT (No such file or directory)
openat(AT_FDCWD, "/opt/oracle/instantclient_19_8/haswell/x86_64/libc.so.6", O_RDONLY|O_CLOEXEC) = -1 ENOENT (No such file or directory)
newfstatat(AT_FDCWD, "/opt/oracle/instantclient_19_8/haswell/x86_64", 0x7fffdfa21b70, 0) = -1 ENOENT (No such file or directory)
openat(AT_FDCWD, "/opt/oracle/instantclient_19_8/haswell/libc.so.6", O_RDONLY|O_CLOEXEC) = -1 ENOENT (No such file or directory)
newfstatat(AT_FDCWD, "/opt/oracle/instantclient_19_8/haswell", 0x7fffdfa21b70, 0) = -1 ENOENT (No such file or directory)
openat(AT_FDCWD, "/opt/oracle/instantclient_19_8/avx512_1/x86_64/libc.so.6", O_RDONLY|O_CLOEXEC) = -1 ENOENT (No such file or directory)
newfstatat(AT_FDCWD, "/opt/oracle/instantclient_19_8/avx512_1/x86_64", 0x7fffdfa21b70, 0) = -1 ENOENT (No such file or directory)
openat(AT_FDCWD, "/opt/oracle/instantclient_19_8/avx512_1/libc.so.6", O_RDONLY|O_CLOEXEC) = -1 ENOENT (No such file or directory)
newfstatat(AT_FDCWD, "/opt/oracle/instantclient_19_8/avx512_1", 0x7fffdfa21b70, 0) = -1 ENOENT (No such file or directory)
openat(AT_FDCWD, "/opt/oracle/instantclient_19_8/x86_64/libc.so.6", O_RDONLY|O_CLOEXEC) = -1 ENOENT (No such file or directory)
newfstatat(AT_FDCWD, "/opt/oracle/instantclient_19_8/x86_64", 0x7fffdfa21b70, 0) = -1 ENOENT (No such file or directory)
openat(AT_FDCWD, "/opt/oracle/instantclient_19_8/libc.so.6", O_RDONLY|O_CLOEXEC) = -1 ENOENT (No such file or directory)
newfstatat(AT_FDCWD, "/opt/oracle/instantclient_19_8", {st_mode=S_IFDIR|S_ISGID|0755, st_size=4096, ...}, 0) = 0
openat(AT_FDCWD, "/etc/ld.so.cache", O_RDONLY|O_CLOEXEC) = 3
newfstatat(3, "", {st_mode=S_IFREG|0644, st_size=185644, ...}, AT_EMPTY_PATH) = 0
mmap(NULL, 185644, PROT_READ, MAP_PRIVATE, 3, 0) = 0x7f99717ca000
close(3)                                = 0
openat(AT_FDCWD, "/lib/x86_64-linux-gnu/libc.so.6", O_RDONLY|O_CLOEXEC) = 3
read(3, "\177ELF\2\1\1\3\0\0\0\0\0\0\0\0\3\0>\0\1\0\0\0P\237\2\0\0\0\0\0"..., 832) = 832
pread64(3, "\6\0\0\0\4\0\0\0@\0\0\0\0\0\0\0@\0\0\0\0\0\0\0@\0\0\0\0\0\0\0"..., 784, 64) = 784
pread64(3, "\4\0\0\0 \0\0\0\5\0\0\0GNU\0\2\0\0\300\4\0\0\0\3\0\0\0\0\0\0\0"..., 48, 848) = 48
pread64(3, "\4\0\0\0\24\0\0\0\3\0\0\0GNU\0O{\f\225\\=\201\327\312\301P\32$\230\266\235"..., 68, 896) = 68
newfstatat(3, "", {st_mode=S_IFREG|0755, st_size=2220400, ...}, AT_EMPTY_PATH) = 0
pread64(3, "\6\0\0\0\4\0\0\0@\0\0\0\0\0\0\0@\0\0\0\0\0\0\0@\0\0\0\0\0\0\0"..., 784, 64) = 784
mmap(NULL, 2264656, PROT_READ, MAP_PRIVATE|MAP_DENYWRITE, 3, 0) = 0x7f99715a1000
mprotect(0x7f99715c9000, 2023424, PROT_NONE) = 0
mmap(0x7f99715c9000, 1658880, PROT_READ|PROT_EXEC, MAP_PRIVATE|MAP_FIXED|MAP_DENYWRITE, 3, 0x28000) = 0x7f99715c9000
mmap(0x7f997175e000, 360448, PROT_READ, MAP_PRIVATE|MAP_FIXED|MAP_DENYWRITE, 3, 0x1bd000) = 0x7f997175e000
mmap(0x7f99717b7000, 24576, PROT_READ|PROT_WRITE, MAP_PRIVATE|MAP_FIXED|MAP_DENYWRITE, 3, 0x215000) = 0x7f99717b7000
mmap(0x7f99717bd000, 52816, PROT_READ|PROT_WRITE, MAP_PRIVATE|MAP_FIXED|MAP_ANONYMOUS, -1, 0) = 0x7f99717bd000
close(3)                                = 0
mmap(NULL, 12288, PROT_READ|PROT_WRITE, MAP_PRIVATE|MAP_ANONYMOUS, -1, 0) = 0x7f997159e000
arch_prctl(ARCH_SET_FS, 0x7f997159e740) = 0
set_tid_address(0x7f997159ea10)         = 1435683
set_robust_list(0x7f997159ea20, 24)     = 0
rseq(0x7f997159f0e0, 0x20, 0, 0x53053053) = 0
mprotect(0x7f99717b7000, 16384, PROT_READ) = 0
mprotect(0x55bd387c6000, 4096, PROT_READ) = 0
mprotect(0x7f9971832000, 8192, PROT_READ) = 0
prlimit64(0, RLIMIT_STACK, NULL, {rlim_cur=8192*1024, rlim_max=RLIM64_INFINITY}) = 0
munmap(0x7f99717ca000, 185644)          = 0
newfstatat(1, "", {st_mode=S_IFCHR|0620, st_rdev=makedev(0x88, 0x24), ...}, AT_EMPTY_PATH) = 0
getrandom("\xbf\xc8\x74\x13\x69\xb2\xc1\x6f", 8, GRND_NONBLOCK) = 8
brk(NULL)                               = 0x55bd544b5000
brk(0x55bd544d6000)                     = 0x55bd544d6000
write(1, "Starting HTTP Server on port 900"..., 34) = 34
socket(AF_INET, SOCK_STREAM, IPPROTO_IP) = 3
setsockopt(3, SOL_SOCKET, SO_REUSEADDR, [1], 4) = 0
bind(3, {sa_family=AF_INET, sin_port=htons(9002), sin_addr=inet_addr("0.0.0.0")}, 16) = 0
listen(3, 5)                            = 0
accept(3, {sa_family=AF_INET, sin_port=htons(55217), sin_addr=inet_addr("100.69.114.175")}, [16]) = 4
setsockopt(4, SOL_SOCKET, SO_RCVTIMEO_OLD, "\n\0\0\0\0\0\0\0\0\0\0\0\0\0\0\0", 16) = 0
getpeername(4, {sa_family=AF_INET, sin_port=htons(55217), sin_addr=inet_addr("100.69.114.175")}, [16]) = 0
read(4, "G", 1)                         = 1
read(4, "E", 1)                         = 1
read(4, "T", 1)                         = 1
read(4, " ", 1)                         = 1
read(4, "/", 1)                         = 1
read(4, " ", 1)                         = 1
read(4, "H", 1)                         = 1
read(4, "T", 1)                         = 1
read(4, "T", 1)                         = 1
read(4, "P", 1)                         = 1
read(4, "/", 1)                         = 1
read(4, "1", 1)                         = 1
read(4, ".", 1)                         = 1
read(4, "1", 1)                         = 1
read(4, "\r", 1)                        = 1
read(4, "\n", 1)                        = 1
read(4, "H", 1)                         = 1
read(4, "o", 1)                         = 1
read(4, "s", 1)                         = 1
read(4, "t", 1)                         = 1
read(4, ":", 1)                         = 1
read(4, " ", 1)                         = 1
read(4, "d", 1)                         = 1
read(4, "a", 1)                         = 1
read(4, "t", 1)                         = 1
read(4, "a", 1)                         = 1
read(4, ".", 1)                         = 1
read(4, "c", 1)                         = 1
read(4, "s", 1)                         = 1
read(4, ".", 1)                         = 1
read(4, "p", 1)                         = 1
read(4, "u", 1)                         = 1
read(4, "r", 1)                         = 1
read(4, "d", 1)                         = 1
read(4, "u", 1)                         = 1
read(4, "e", 1)                         = 1
read(4, ".", 1)                         = 1
read(4, "e", 1)                         = 1
read(4, "d", 1)                         = 1
read(4, "u", 1)                         = 1
read(4, ":", 1)                         = 1
read(4, "9", 1)                         = 1
read(4, "0", 1)                         = 1
read(4, "0", 1)                         = 1
read(4, "2", 1)                         = 1
read(4, "\r", 1)                        = 1
read(4, "\n", 1)                        = 1
read(4, "C", 1)                         = 1
read(4, "o", 1)                         = 1
read(4, "n", 1)                         = 1
read(4, "n", 1)                         = 1
read(4, "e", 1)                         = 1
read(4, "c", 1)                         = 1
read(4, "t", 1)                         = 1
read(4, "i", 1)                         = 1
read(4, "o", 1)                         = 1
read(4, "n", 1)                         = 1
read(4, ":", 1)                         = 1
read(4, " ", 1)                         = 1
read(4, "k", 1)                         = 1
read(4, "e", 1)                         = 1
read(4, "e", 1)                         = 1
read(4, "p", 1)                         = 1
read(4, "-", 1)                         = 1
read(4, "a", 1)                         = 1
read(4, "l", 1)                         = 1
read(4, "i", 1)                         = 1
read(4, "v", 1)                         = 1
read(4, "e", 1)                         = 1
read(4, "\r", 1)                        = 1
read(4, "\n", 1)                        = 1
read(4, "U", 1)                         = 1
read(4, "p", 1)                         = 1
read(4, "g", 1)                         = 1
read(4, "r", 1)                         = 1
read(4, "a", 1)                         = 1
read(4, "d", 1)                         = 1
read(4, "e", 1)                         = 1
read(4, "-", 1)                         = 1
read(4, "I", 1)                         = 1
read(4, "n", 1)                         = 1
read(4, "s", 1)                         = 1
read(4, "e", 1)                         = 1
read(4, "c", 1)                         = 1
read(4, "u", 1)                         = 1
read(4, "r", 1)                         = 1
read(4, "e", 1)                         = 1
read(4, "-", 1)                         = 1
read(4, "R", 1)                         = 1
read(4, "e", 1)                         = 1
read(4, "q", 1)                         = 1
read(4, "u", 1)                         = 1
read(4, "e", 1)                         = 1
read(4, "s", 1)                         = 1
read(4, "t", 1)                         = 1
read(4, "s", 1)                         = 1
read(4, ":", 1)                         = 1
read(4, " ", 1)                         = 1
read(4, "1", 1)                         = 1
read(4, "\r", 1)                        = 1
read(4, "\n", 1)                        = 1
read(4, "U", 1)                         = 1
read(4, "s", 1)                         = 1
read(4, "e", 1)                         = 1
read(4, "r", 1)                         = 1
read(4, "-", 1)                         = 1
read(4, "A", 1)                         = 1
read(4, "g", 1)                         = 1
read(4, "e", 1)                         = 1
read(4, "n", 1)                         = 1
read(4, "t", 1)                         = 1
read(4, ":", 1)                         = 1
read(4, " ", 1)                         = 1
read(4, "M", 1)                         = 1
read(4, "o", 1)                         = 1
read(4, "z", 1)                         = 1
read(4, "i", 1)                         = 1
read(4, "l", 1)                         = 1
read(4, "l", 1)                         = 1
read(4, "a", 1)                         = 1
read(4, "/", 1)                         = 1
read(4, "5", 1)                         = 1
read(4, ".", 1)                         = 1
read(4, "0", 1)                         = 1
read(4, " ", 1)                         = 1
read(4, "(", 1)                         = 1
read(4, "M", 1)                         = 1
read(4, "a", 1)                         = 1
read(4, "c", 1)                         = 1
read(4, "i", 1)                         = 1
read(4, "n", 1)                         = 1
read(4, "t", 1)                         = 1
read(4, "o", 1)                         = 1
read(4, "s", 1)                         = 1
read(4, "h", 1)                         = 1
read(4, ";", 1)                         = 1
read(4, " ", 1)                         = 1
read(4, "I", 1)                         = 1
read(4, "n", 1)                         = 1
read(4, "t", 1)                         = 1
read(4, "e", 1)                         = 1
read(4, "l", 1)                         = 1
read(4, " ", 1)                         = 1
read(4, "M", 1)                         = 1
read(4, "a", 1)                         = 1
read(4, "c", 1)                         = 1
read(4, " ", 1)                         = 1
read(4, "O", 1)                         = 1
read(4, "S", 1)                         = 1
read(4, " ", 1)                         = 1
read(4, "X", 1)                         = 1
read(4, " ", 1)                         = 1
read(4, "1", 1)                         = 1
read(4, "0", 1)                         = 1
read(4, "_", 1)                         = 1
read(4, "1", 1)                         = 1
read(4, "5", 1)                         = 1
read(4, "_", 1)                         = 1
read(4, "7", 1)                         = 1
read(4, ")", 1)                         = 1
read(4, " ", 1)                         = 1
read(4, "A", 1)                         = 1
read(4, "p", 1)                         = 1
read(4, "p", 1)                         = 1
read(4, "l", 1)                         = 1
read(4, "e", 1)                         = 1
read(4, "W", 1)                         = 1
read(4, "e", 1)                         = 1
read(4, "b", 1)                         = 1
read(4, "K", 1)                         = 1
read(4, "i", 1)                         = 1
read(4, "t", 1)                         = 1
read(4, "/", 1)                         = 1
read(4, "5", 1)                         = 1
read(4, "3", 1)                         = 1
read(4, "7", 1)                         = 1
read(4, ".", 1)                         = 1
read(4, "3", 1)                         = 1
read(4, "6", 1)                         = 1
read(4, " ", 1)                         = 1
read(4, "(", 1)                         = 1
read(4, "K", 1)                         = 1
read(4, "H", 1)                         = 1
read(4, "T", 1)                         = 1
read(4, "M", 1)                         = 1
read(4, "L", 1)                         = 1
read(4, ",", 1)                         = 1
read(4, " ", 1)                         = 1
read(4, "l", 1)                         = 1
read(4, "i", 1)                         = 1
read(4, "k", 1)                         = 1
read(4, "e", 1)                         = 1
read(4, " ", 1)                         = 1
read(4, "G", 1)                         = 1
read(4, "e", 1)                         = 1
read(4, "c", 1)                         = 1
read(4, "k", 1)                         = 1
read(4, "o", 1)                         = 1
read(4, ")", 1)                         = 1
read(4, " ", 1)                         = 1
read(4, "C", 1)                         = 1
read(4, "h", 1)                         = 1
read(4, "r", 1)                         = 1
read(4, "o", 1)                         = 1
read(4, "m", 1)                         = 1
read(4, "e", 1)                         = 1
read(4, "/", 1)                         = 1
read(4, "1", 1)                         = 1
read(4, "4", 1)                         = 1
read(4, "2", 1)                         = 1
read(4, ".", 1)                         = 1
read(4, "0", 1)                         = 1
read(4, ".", 1)                         = 1
read(4, "0", 1)                         = 1
read(4, ".", 1)                         = 1
read(4, "0", 1)                         = 1
read(4, " ", 1)                         = 1
read(4, "S", 1)                         = 1
read(4, "a", 1)                         = 1
read(4, "f", 1)                         = 1
read(4, "a", 1)                         = 1
read(4, "r", 1)                         = 1
read(4, "i", 1)                         = 1
read(4, "/", 1)                         = 1
read(4, "5", 1)                         = 1
read(4, "3", 1)                         = 1
read(4, "7", 1)                         = 1
read(4, ".", 1)                         = 1
read(4, "3", 1)                         = 1
read(4, "6", 1)                         = 1
read(4, "\r", 1)                        = 1
read(4, "\n", 1)                        = 1
read(4, "A", 1)                         = 1
read(4, "c", 1)                         = 1
read(4, "c", 1)                         = 1
read(4, "e", 1)                         = 1
read(4, "p", 1)                         = 1
read(4, "t", 1)                         = 1
read(4, ":", 1)                         = 1
read(4, " ", 1)                         = 1
read(4, "t", 1)                         = 1
read(4, "e", 1)                         = 1
read(4, "x", 1)                         = 1
read(4, "t", 1)                         = 1
read(4, "/", 1)                         = 1
read(4, "h", 1)                         = 1
read(4, "t", 1)                         = 1
read(4, "m", 1)                         = 1
read(4, "l", 1)                         = 1
read(4, ",", 1)                         = 1
read(4, "a", 1)                         = 1
read(4, "p", 1)                         = 1
read(4, "p", 1)                         = 1
read(4, "l", 1)                         = 1
read(4, "i", 1)                         = 1
read(4, "c", 1)                         = 1
read(4, "a", 1)                         = 1
read(4, "t", 1)                         = 1
read(4, "i", 1)                         = 1
read(4, "o", 1)                         = 1
read(4, "n", 1)                         = 1
read(4, "/", 1)                         = 1
read(4, "x", 1)                         = 1
read(4, "h", 1)                         = 1
read(4, "t", 1)                         = 1
read(4, "m", 1)                         = 1
read(4, "l", 1)                         = 1
read(4, "+", 1)                         = 1
read(4, "x", 1)                         = 1
read(4, "m", 1)                         = 1
read(4, "l", 1)                         = 1
read(4, ",", 1)                         = 1
read(4, "a", 1)                         = 1
read(4, "p", 1)                         = 1
read(4, "p", 1)                         = 1
read(4, "l", 1)                         = 1
read(4, "i", 1)                         = 1
read(4, "c", 1)                         = 1
read(4, "a", 1)                         = 1
read(4, "t", 1)                         = 1
read(4, "i", 1)                         = 1
read(4, "o", 1)                         = 1
read(4, "n", 1)                         = 1
read(4, "/", 1)                         = 1
read(4, "x", 1)                         = 1
read(4, "m", 1)                         = 1
read(4, "l", 1)                         = 1
read(4, ";", 1)                         = 1
read(4, "q", 1)                         = 1
read(4, "=", 1)                         = 1
read(4, "0", 1)                         = 1
read(4, ".", 1)                         = 1
read(4, "9", 1)                         = 1
read(4, ",", 1)                         = 1
read(4, "i", 1)                         = 1
read(4, "m", 1)                         = 1
read(4, "a", 1)                         = 1
read(4, "g", 1)                         = 1
read(4, "e", 1)                         = 1
read(4, "/", 1)                         = 1
read(4, "a", 1)                         = 1
read(4, "v", 1)                         = 1
read(4, "i", 1)                         = 1
read(4, "f", 1)                         = 1
read(4, ",", 1)                         = 1
read(4, "i", 1)                         = 1
read(4, "m", 1)                         = 1
read(4, "a", 1)                         = 1
read(4, "g", 1)                         = 1
read(4, "e", 1)                         = 1
read(4, "/", 1)                         = 1
read(4, "w", 1)                         = 1
read(4, "e", 1)                         = 1
read(4, "b", 1)                         = 1
read(4, "p", 1)                         = 1
read(4, ",", 1)                         = 1
read(4, "i", 1)                         = 1
read(4, "m", 1)                         = 1
read(4, "a", 1)                         = 1
read(4, "g", 1)                         = 1
read(4, "e", 1)                         = 1
read(4, "/", 1)                         = 1
read(4, "a", 1)                         = 1
read(4, "p", 1)                         = 1
read(4, "n", 1)                         = 1
read(4, "g", 1)                         = 1
read(4, ",", 1)                         = 1
read(4, "*", 1)                         = 1
read(4, "/", 1)                         = 1
read(4, "*", 1)                         = 1
read(4, ";", 1)                         = 1
read(4, "q", 1)                         = 1
read(4, "=", 1)                         = 1
read(4, "0", 1)                         = 1
read(4, ".", 1)                         = 1
read(4, "8", 1)                         = 1
read(4, ",", 1)                         = 1
read(4, "a", 1)                         = 1
read(4, "p", 1)                         = 1
read(4, "p", 1)                         = 1
read(4, "l", 1)                         = 1
read(4, "i", 1)                         = 1
read(4, "c", 1)                         = 1
read(4, "a", 1)                         = 1
read(4, "t", 1)                         = 1
read(4, "i", 1)                         = 1
read(4, "o", 1)                         = 1
read(4, "n", 1)                         = 1
read(4, "/", 1)                         = 1
read(4, "s", 1)                         = 1
read(4, "i", 1)                         = 1
read(4, "g", 1)                         = 1
read(4, "n", 1)                         = 1
read(4, "e", 1)                         = 1
read(4, "d", 1)                         = 1
read(4, "-", 1)                         = 1
read(4, "e", 1)                         = 1
read(4, "x", 1)                         = 1
read(4, "c", 1)                         = 1
read(4, "h", 1)                         = 1
read(4, "a", 1)                         = 1
read(4, "n", 1)                         = 1
read(4, "g", 1)                         = 1
read(4, "e", 1)                         = 1
read(4, ";", 1)                         = 1
read(4, "v", 1)                         = 1
read(4, "=", 1)                         = 1
read(4, "b", 1)                         = 1
read(4, "3", 1)                         = 1
read(4, ";", 1)                         = 1
read(4, "q", 1)                         = 1
read(4, "=", 1)                         = 1
read(4, "0", 1)                         = 1
read(4, ".", 1)                         = 1
read(4, "7", 1)                         = 1
read(4, "\r", 1)                        = 1
read(4, "\n", 1)                        = 1
read(4, "A", 1)                         = 1
read(4, "c", 1)                         = 1
read(4, "c", 1)                         = 1
read(4, "e", 1)                         = 1
read(4, "p", 1)                         = 1
read(4, "t", 1)                         = 1
read(4, "-", 1)                         = 1
read(4, "E", 1)                         = 1
read(4, "n", 1)                         = 1
read(4, "c", 1)                         = 1
read(4, "o", 1)                         = 1
read(4, "d", 1)                         = 1
read(4, "i", 1)                         = 1
read(4, "n", 1)                         = 1
read(4, "g", 1)                         = 1
read(4, ":", 1)                         = 1
read(4, " ", 1)                         = 1
read(4, "g", 1)                         = 1
read(4, "z", 1)                         = 1
read(4, "i", 1)                         = 1
read(4, "p", 1)                         = 1
read(4, ",", 1)                         = 1
read(4, " ", 1)                         = 1
read(4, "d", 1)                         = 1
read(4, "e", 1)                         = 1
read(4, "f", 1)                         = 1
read(4, "l", 1)                         = 1
read(4, "a", 1)                         = 1
read(4, "t", 1)                         = 1
read(4, "e", 1)                         = 1
read(4, "\r", 1)                        = 1
read(4, "\n", 1)                        = 1
read(4, "A", 1)                         = 1
read(4, "c", 1)                         = 1
read(4, "c", 1)                         = 1
read(4, "e", 1)                         = 1
read(4, "p", 1)                         = 1
read(4, "t", 1)                         = 1
read(4, "-", 1)                         = 1
read(4, "L", 1)                         = 1
read(4, "a", 1)                         = 1
read(4, "n", 1)                         = 1
read(4, "g", 1)                         = 1
read(4, "u", 1)                         = 1
read(4, "a", 1)                         = 1
read(4, "g", 1)                         = 1
read(4, "e", 1)                         = 1
read(4, ":", 1)                         = 1
read(4, " ", 1)                         = 1
read(4, "e", 1)                         = 1
read(4, "n", 1)                         = 1
read(4, "-", 1)                         = 1
read(4, "G", 1)                         = 1
read(4, "B", 1)                         = 1
read(4, ",", 1)                         = 1
read(4, "e", 1)                         = 1
read(4, "n", 1)                         = 1
read(4, "-", 1)                         = 1
read(4, "U", 1)                         = 1
read(4, "S", 1)                         = 1
read(4, ";", 1)                         = 1
read(4, "q", 1)                         = 1
read(4, "=", 1)                         = 1
read(4, "0", 1)                         = 1
read(4, ".", 1)                         = 1
read(4, "9", 1)                         = 1
read(4, ",", 1)                         = 1
read(4, "e", 1)                         = 1
read(4, "n", 1)                         = 1
read(4, ";", 1)                         = 1
read(4, "q", 1)                         = 1
read(4, "=", 1)                         = 1
read(4, "0", 1)                         = 1
read(4, ".", 1)                         = 1
read(4, "8", 1)                         = 1
read(4, ",", 1)                         = 1
read(4, "h", 1)                         = 1
read(4, "i", 1)                         = 1
read(4, ";", 1)                         = 1
read(4, "q", 1)                         = 1
read(4, "=", 1)                         = 1
read(4, "0", 1)                         = 1
read(4, ".", 1)                         = 1
read(4, "7", 1)                         = 1
read(4, "\r", 1)                        = 1
read(4, "\n", 1)                        = 1
read(4, "C", 1)                         = 1
read(4, "o", 1)                         = 1
read(4, "o", 1)                         = 1
read(4, "k", 1)                         = 1
read(4, "i", 1)                         = 1
read(4, "e", 1)                         = 1
read(4, ":", 1)                         = 1
read(4, " ", 1)                         = 1
read(4, "n", 1)                         = 1
read(4, "m", 1)                         = 1
read(4, "s", 1)                         = 1
read(4, "t", 1)                         = 1
read(4, "a", 1)                         = 1
read(4, "t", 1)                         = 1
read(4, "=", 1)                         = 1
read(4, "e", 1)                         = 1
read(4, "a", 1)                         = 1
read(4, "d", 1)                         = 1
read(4, "6", 1)                         = 1
read(4, "5", 1)                         = 1
read(4, "7", 1)                         = 1
read(4, "4", 1)                         = 1
read(4, "6", 1)                         = 1
read(4, "-", 1)                         = 1
read(4, "b", 1)                         = 1
read(4, "d", 1)                         = 1
read(4, "b", 1)                         = 1
read(4, "a", 1)                         = 1
read(4, "-", 1)                         = 1
read(4, "f", 1)                         = 1
read(4, "9", 1)                         = 1
read(4, "3", 1)                         = 1
read(4, "5", 1)                         = 1
read(4, "-", 1)                         = 1
read(4, "1", 1)                         = 1
read(4, "8", 1)                         = 1
read(4, "a", 1)                         = 1
read(4, "9", 1)                         = 1
read(4, "-", 1)                         = 1
read(4, "7", 1)                         = 1
read(4, "a", 1)                         = 1
read(4, "a", 1)                         = 1
read(4, "9", 1)                         = 1
read(4, "c", 1)                         = 1
read(4, "8", 1)                         = 1
read(4, "2", 1)                         = 1
read(4, "6", 1)                         = 1
read(4, "2", 1)                         = 1
read(4, "4", 1)                         = 1
read(4, "4", 1)                         = 1
read(4, "6", 1)                         = 1
read(4, ";", 1)                         = 1
read(4, " ", 1)                         = 1
read(4, "_", 1)                         = 1
read(4, "g", 1)                         = 1
read(4, "a", 1)                         = 1
read(4, "_", 1)                         = 1
read(4, "P", 1)                         = 1
read(4, "V", 1)                         = 1
read(4, "8", 1)                         = 1
read(4, "T", 1)                         = 1
read(4, "1", 1)                         = 1
read(4, "8", 1)                         = 1
read(4, "L", 1)                         = 1
read(4, "J", 1)                         = 1
read(4, "R", 1)                         = 1
read(4, "9", 1)                         = 1
read(4, "=", 1)                         = 1
read(4, "G", 1)                         = 1
read(4, "S", 1)                         = 1
read(4, "1", 1)                         = 1
read(4, ".", 1)                         = 1
read(4, "2", 1)                         = 1
read(4, ".", 1)                         = 1
read(4, "1", 1)                         = 1
read(4, "7", 1)                         = 1
read(4, "3", 1)                         = 1
read(4, "2", 1)                         = 1
read(4, "6", 1)                         = 1
read(4, "2", 1)                         = 1
read(4, "6", 1)                         = 1
read(4, "6", 1)                         = 1
read(4, "7", 1)                         = 1
read(4, "1", 1)                         = 1
read(4, ".", 1)                         = 1
read(4, "1", 1)                         = 1
read(4, ".", 1)                         = 1
read(4, "1", 1)                         = 1
read(4, ".", 1)                         = 1
read(4, "1", 1)                         = 1
read(4, "7", 1)                         = 1
read(4, "3", 1)                         = 1
read(4, "2", 1)                         = 1
read(4, "6", 1)                         = 1
read(4, "2", 1)                         = 1
read(4, "6", 1)                         = 1
read(4, "7", 1)                         = 1
read(4, "0", 1)                         = 1
read(4, "1", 1)                         = 1
read(4, ".", 1)                         = 1
read(4, "0", 1)                         = 1
read(4, ".", 1)                         = 1
read(4, "0", 1)                         = 1
read(4, ".", 1)                         = 1
read(4, "0", 1)                         = 1
read(4, ";", 1)                         = 1
read(4, " ", 1)                         = 1
read(4, "_", 1)                         = 1
read(4, "f", 1)                         = 1
read(4, "b", 1)                         = 1
read(4, "p", 1)                         = 1
read(4, "=", 1)                         = 1
read(4, "f", 1)                         = 1
read(4, "b", 1)                         = 1
read(4, ".", 1)                         = 1
read(4, "1", 1)                         = 1
read(4, ".", 1)                         = 1
read(4, "1", 1)                         = 1
read(4, "7", 1)                         = 1
read(4, "5", 1)                         = 1
read(4, "8", 1)                         = 1
read(4, "4", 1)                         = 1
read(4, "8", 1)                         = 1
read(4, "4", 1)                         = 1
read(4, "7", 1)                         = 1
read(4, "2", 1)                         = 1
read(4, "7", 1)                         = 1
read(4, "2", 1)                         = 1
read(4, "1", 1)                         = 1
read(4, "7", 1)                         = 1
read(4, ".", 1)                         = 1
read(4, "6", 1)                         = 1
read(4, "3", 1)                         = 1
read(4, "9", 1)                         = 1
read(4, "4", 1)                         = 1
read(4, "0", 1)                         = 1
read(4, "5", 1)                         = 1
read(4, "5", 1)                         = 1
read(4, "7", 1)                         = 1
read(4, "4", 1)                         = 1
read(4, "9", 1)                         = 1
read(4, "2", 1)                         = 1
read(4, "0", 1)                         = 1
read(4, "1", 1)                         = 1
read(4, "8", 1)                         = 1
read(4, "6", 1)                         = 1
read(4, "5", 1)                         = 1
read(4, "9", 1)                         = 1
read(4, "7", 1)                         = 1
read(4, ";", 1)                         = 1
read(4, " ", 1)                         = 1
read(4, "_", 1)                         = 1
read(4, "g", 1)                         = 1
read(4, "c", 1)                         = 1
read(4, "l", 1)                         = 1
read(4, "_", 1)                         = 1
read(4, "a", 1)                         = 1
read(4, "u", 1)                         = 1
read(4, "=", 1)                         = 1
read(4, "1", 1)                         = 1
read(4, ".", 1)                         = 1
read(4, "1", 1)                         = 1
read(4, ".", 1)                         = 1
read(4, "1", 1)                         = 1
read(4, "4", 1)                         = 1
read(4, "3", 1)                         = 1
read(4, "6", 1)                         = 1
read(4, "4", 1)                         = 1
read(4, "7", 1)                         = 1
read(4, "7", 1)                         = 1
read(4, "7", 1)                         = 1
read(4, "0", 1)                         = 1
read(4, ".", 1)                         = 1
read(4, "1", 1)                         = 1
read(4, "7", 1)                         = 1
read(4, "5", 1)                         = 1
read(4, "8", 1)                         = 1
read(4, "4", 1)                         = 1
read(4, "8", 1)                         = 1
read(4, "4", 1)                         = 1
read(4, "7", 1)                         = 1
read(4, "2", 1)                         = 1
read(4, "7", 1)                         = 1
read(4, ";", 1)                         = 1
read(4, " ", 1)                         = 1
read(4, "_", 1)                         = 1
read(4, "g", 1)                         = 1
read(4, "a", 1)                         = 1
read(4, "_", 1)                         = 1
read(4, "M", 1)                         = 1
read(4, "V", 1)                         = 1
read(4, "P", 1)                         = 1
read(4, "Q", 1)                         = 1
read(4, "R", 1)                         = 1
read(4, "H", 1)                         = 1
read(4, "5", 1)                         = 1
read(4, "W", 1)                         = 1
read(4, "M", 1)                         = 1
read(4, "L", 1)                         = 1
read(4, "=", 1)                         = 1
read(4, "G", 1)                         = 1
read(4, "S", 1)                         = 1
read(4, "2", 1)                         = 1
read(4, ".", 1)                         = 1
read(4, "1", 1)                         = 1
read(4, ".", 1)                         = 1
read(4, "s", 1)                         = 1
read(4, "1", 1)                         = 1
read(4, "7", 1)                         = 1
read(4, "5", 1)                         = 1
read(4, "9", 1)                         = 1
read(4, "1", 1)                         = 1
read(4, "7", 1)                         = 1
read(4, "3", 1)                         = 1
read(4, "0", 1)                         = 1
read(4, "1", 1)                         = 1
read(4, "5", 1)                         = 1
read(4, "$", 1)                         = 1
read(4, "o", 1)                         = 1
read(4, "1", 1)                         = 1
read(4, "$", 1)                         = 1
read(4, "g", 1)                         = 1
read(4, "1", 1)                         = 1
read(4, "$", 1)                         = 1
read(4, "t", 1)                         = 1
read(4, "1", 1)                         = 1
read(4, "7", 1)                         = 1
read(4, "5", 1)                         = 1
read(4, "9", 1)                         = 1
read(4, "1", 1)                         = 1
read(4, "7", 1)                         = 1
read(4, "3", 1)                         = 1
read(4, "0", 1)                         = 1
read(4, "1", 1)                         = 1
read(4, "8", 1)                         = 1
read(4, "$", 1)                         = 1
read(4, "j", 1)                         = 1
read(4, "5", 1)                         = 1
read(4, "7", 1)                         = 1
read(4, "$", 1)                         = 1
read(4, "l", 1)                         = 1
read(4, "0", 1)                         = 1
read(4, "$", 1)                         = 1
read(4, "h", 1)                         = 1
read(4, "0", 1)                         = 1
read(4, ";", 1)                         = 1
read(4, " ", 1)                         = 1
read(4, "_", 1)                         = 1
read(4, "g", 1)                         = 1
read(4, "a", 1)                         = 1
read(4, "_", 1)                         = 1
read(4, "Q", 1)                         = 1
read(4, "4", 1)                         = 1
read(4, "Z", 1)                         = 1
read(4, "W", 1)                         = 1
read(4, "X", 1)                         = 1
read(4, "0", 1)                         = 1
read(4, "P", 1)                         = 1
read(4, "5", 1)                         = 1
read(4, "M", 1)                         = 1
read(4, "4", 1)                         = 1
read(4, "=", 1)                         = 1
read(4, "G", 1)                         = 1
read(4, "S", 1)                         = 1
read(4, "2", 1)                         = 1
read(4, ".", 1)                         = 1
read(4, "1", 1)                         = 1
read(4, ".", 1)                         = 1
read(4, "s", 1)                         = 1
read(4, "1", 1)                         = 1
read(4, "7", 1)                         = 1
read(4, "6", 1)                         = 1
read(4, "4", 1)                         = 1
read(4, "1", 1)                         = 1
read(4, "0", 1)                         = 1
read(4, "4", 1)                         = 1
read(4, "9", 1)                         = 1
read(4, "0", 1)                         = 1
read(4, "2", 1)                         = 1
read(4, "$", 1)                         = 1
read(4, "o", 1)                         = 1
read(4, "1", 1)                         = 1
read(4, "$", 1)                         = 1
read(4, "g", 1)                         = 1
read(4, "0", 1)                         = 1
read(4, "$", 1)                         = 1
read(4, "t", 1)                         = 1
read(4, "1", 1)                         = 1
read(4, "7", 1)                         = 1
read(4, "6", 1)                         = 1
read(4, "4", 1)                         = 1
read(4, "1", 1)                         = 1
read(4, "0", 1)                         = 1
read(4, "5", 1)                         = 1
read(4, "6", 1)                         = 1
read(4, "1", 1)                         = 1
read(4, "8", 1)                         = 1
read(4, "$", 1)                         = 1
read(4, "j", 1)                         = 1
read(4, "6", 1)                         = 1
read(4, "0", 1)                         = 1
read(4, "$", 1)                         = 1
read(4, "l", 1)                         = 1
read(4, "0", 1)                         = 1
read(4, "$", 1)                         = 1
read(4, "h", 1)                         = 1
read(4, "0", 1)                         = 1
read(4, ";", 1)                         = 1
read(4, " ", 1)                         = 1
read(4, "_", 1)                         = 1
read(4, "g", 1)                         = 1
read(4, "a", 1)                         = 1
read(4, "_", 1)                         = 1
read(4, "8", 1)                         = 1
read(4, "Z", 1)                         = 1
read(4, "B", 1)                         = 1
read(4, "R", 1)                         = 1
read(4, "9", 1)                         = 1
read(4, "L", 1)                         = 1
read(4, "Y", 1)                         = 1
read(4, "5", 1)                         = 1
read(4, "W", 1)                         = 1
read(4, "Q", 1)                         = 1
read(4, "=", 1)                         = 1
read(4, "G", 1)                         = 1
read(4, "S", 1)                         = 1
read(4, "2", 1)                         = 1
read(4, ".", 1)                         = 1
read(4, "1", 1)                         = 1
read(4, ".", 1)                         = 1
read(4, "s", 1)                         = 1
read(4, "1", 1)                         = 1
read(4, "7", 1)                         = 1
read(4, "6", 1)                         = 1
read(4, "4", 1)                         = 1
read(4, "1", 1)                         = 1
read(4, "0", 1)                         = 1
read(4, "6", 1)                         = 1
read(4, "6", 1)                         = 1
read(4, "0", 1)                         = 1
read(4, "7", 1)                         = 1
read(4, "$", 1)                         = 1
read(4, "o", 1)                         = 1
read(4, "1", 1)                         = 1
read(4, "0", 1)                         = 1
read(4, "$", 1)                         = 1
read(4, "g", 1)                         = 1
read(4, "0", 1)                         = 1
read(4, "$", 1)                         = 1
read(4, "t", 1)                         = 1
read(4, "1", 1)                         = 1
read(4, "7", 1)                         = 1
read(4, "6", 1)                         = 1
read(4, "4", 1)                         = 1
read(4, "1", 1)                         = 1
read(4, "0", 1)                         = 1
read(4, "6", 1)                         = 1
read(4, "6", 1)                         = 1
read(4, "0", 1)                         = 1
read(4, "7", 1)                         = 1
read(4, "$", 1)                         = 1
read(4, "j", 1)                         = 1
read(4, "6", 1)                         = 1
read(4, "0", 1)                         = 1
read(4, "$", 1)                         = 1
read(4, "l", 1)                         = 1
read(4, "0", 1)                         = 1
read(4, "$", 1)                         = 1
read(4, "h", 1)                         = 1
read(4, "0", 1)                         = 1
read(4, ";", 1)                         = 1
read(4, " ", 1)                         = 1
read(4, "t", 1)                         = 1
read(4, "o", 1)                         = 1
read(4, "k", 1)                         = 1
read(4, "e", 1)                         = 1
read(4, "n", 1)                         = 1
read(4, "=", 1)                         = 1
read(4, "n", 1)                         = 1
read(4, "a", 1)                         = 1
read(4, "U", 1)                         = 1
read(4, "B", 1)                         = 1
read(4, "x", 1)                         = 1
read(4, "G", 1)                         = 1
read(4, "Z", 1)                         = 1
read(4, "h", 1)                         = 1
read(4, "L", 1)                         = 1
read(4, "N", 1)                         = 1
read(4, "H", 1)                         = 1
read(4, "c", 1)                         = 1
read(4, "c", 1)                         = 1
read(4, "V", 1)                         = 1
read(4, "a", 1)                         = 1
read(4, "W", 1)                         = 1
read(4, "h", 1)                         = 1
read(4, "Z", 1)                         = 1
read(4, "j", 1)                         = 1
read(4, "%", 1)                         = 1
read(4, "2", 1)                         = 1
read(4, "B", 1)                         = 1
read(4, "2", 1)                         = 1
read(4, "l", 1)                         = 1
read(4, "D", 1)                         = 1
read(4, "m", 1)                         = 1
read(4, "2", 1)                         = 1
read(4, "F", 1)                         = 1
read(4, "s", 1)                         = 1
read(4, "%", 1)                         = 1
read(4, "2", 1)                         = 1
read(4, "B", 1)                         = 1
read(4, "R", 1)                         = 1
read(4, "M", 1)                         = 1
read(4, "7", 1)                         = 1
read(4, "P", 1)                         = 1
read(4, "I", 1)                         = 1
read(4, "Q", 1)                         = 1
read(4, "%", 1)                         = 1
read(4, "2", 1)                         = 1
read(4, "F", 1)                         = 1
read(4, "3", 1)                         = 1
read(4, "a", 1)                         = 1
read(4, "Q", 1)                         = 1
read(4, "E", 1)                         = 1
read(4, "Y", 1)                         = 1
read(4, "O", 1)                         = 1
read(4, "j", 1)                         = 1
read(4, "Q", 1)                         = 1
read(4, "%", 1)                         = 1
read(4, "3", 1)                         = 1
read(4, "D", 1)                         = 1
read(4, ";", 1)                         = 1
read(4, " ", 1)                         = 1
read(4, "_", 1)                         = 1
read(4, "c", 1)                         = 1
read(4, "e", 1)                         = 1
read(4, ".", 1)                         = 1
read(4, "s", 1)                         = 1
read(4, "=", 1)                         = 1
read(4, "v", 1)                         = 1
read(4, "~", 1)                         = 1
read(4, "a", 1)                         = 1
read(4, "4", 1)                         = 1
read(4, "b", 1)                         = 1
read(4, "3", 1)                         = 1
read(4, "a", 1)                         = 1
read(4, "8", 1)                         = 1
read(4, "5", 1)                         = 1
read(4, "8", 1)                         = 1
read(4, "9", 1)                         = 1
read(4, "f", 1)                         = 1
read(4, "7", 1)                         = 1
read(4, "f", 1)                         = 1
read(4, "7", 1)                         = 1
read(4, "e", 1)                         = 1
read(4, "3", 1)                         = 1
read(4, "5", 1)                         = 1
read(4, "7", 1)                         = 1
read(4, "8", 1)                         = 1
read(4, "f", 1)                         = 1
read(4, "5", 1)                         = 1
read(4, "9", 1)                         = 1
read(4, "a", 1)                         = 1
read(4, "1", 1)                         = 1
read(4, "6", 1)                         = 1
read(4, "c", 1)                         = 1
read(4, "2", 1)                         = 1
read(4, "6", 1)                         = 1
read(4, "7", 1)                         = 1
read(4, "1", 1)                         = 1
read(4, "7", 1)                         = 1
read(4, "1", 1)                         = 1
read(4, "d", 1)                         = 1
read(4, "5", 1)                         = 1
read(4, "1", 1)                         = 1
read(4, "7", 1)                         = 1
read(4, "1", 1)                         = 1
read(4, "1", 1)                         = 1
read(4, "c", 1)                         = 1
read(4, "8", 1)                         = 1
read(4, "a", 1)                         = 1
read(4, "~", 1)                         = 1
read(4, "l", 1)                         = 1
read(4, "c", 1)                         = 1
read(4, "w", 1)                         = 1
read(4, "~", 1)                         = 1
read(4, "1", 1)                         = 1
read(4, "7", 1)                         = 1
read(4, "6", 1)                         = 1
read(4, "4", 1)                         = 1
read(4, "8", 1)                         = 1
read(4, "0", 1)                         = 1
read(4, "8", 1)                         = 1
read(4, "4", 1)                         = 1
read(4, "3", 1)                         = 1
read(4, "9", 1)                         = 1
read(4, "9", 1)                         = 1
read(4, "6", 1)                         = 1
read(4, "5", 1)                         = 1
read(4, "~", 1)                         = 1
read(4, "v", 1)                         = 1
read(4, "i", 1)                         = 1
read(4, "r", 1)                         = 1
read(4, "~", 1)                         = 1
read(4, "r", 1)                         = 1
read(4, "e", 1)                         = 1
read(4, "t", 1)                         = 1
read(4, "u", 1)                         = 1
read(4, "r", 1)                         = 1
read(4, "n", 1)                         = 1
read(4, "i", 1)                         = 1
read(4, "n", 1)                         = 1
read(4, "g", 1)                         = 1
read(4, "~", 1)                         = 1
read(4, "l", 1)                         = 1
read(4, "v", 1)                         = 1
read(4, "a", 1)                         = 1
read(4, "~", 1)                         = 1
read(4, "1", 1)                         = 1
read(4, "7", 1)                         = 1
read(4, "6", 1)                         = 1
read(4, "4", 1)                         = 1
read(4, "8", 1)                         = 1
read(4, "0", 1)                         = 1
read(4, "5", 1)                         = 1
read(4, "1", 1)                         = 1
read(4, "0", 1)                         = 1
read(4, "9", 1)                         = 1
read(4, "1", 1)                         = 1
read(4, "3", 1)                         = 1
read(4, "1", 1)                         = 1
read(4, "~", 1)                         = 1
read(4, "v", 1)                         = 1
read(4, "p", 1)                         = 1
read(4, "v", 1)                         = 1
read(4, "~", 1)                         = 1
read(4, "1", 1)                         = 1
read(4, "~", 1)                         = 1
read(4, "v", 1)                         = 1
read(4, "1", 1)                         = 1
read(4, "1", 1)                         = 1
read(4, "l", 1)                         = 1
read(4, "s", 1)                         = 1
read(4, "~", 1)                         = 1
read(4, "e", 1)                         = 1
read(4, "d", 1)                         = 1
read(4, "1", 1)                         = 1
read(4, "c", 1)                         = 1
read(4, "8", 1)                         = 1
read(4, "d", 1)                         = 1
read(4, "c", 1)                         = 1
read(4, "0", 1)                         = 1
read(4, "-", 1)                         = 1
read(4, "d", 1)                         = 1
read(4, "0", 1)                         = 1
read(4, "a", 1)                         = 1
read(4, "8", 1)                         = 1
read(4, "-", 1)                         = 1
read(4, "1", 1)                         = 1
read(4, "1", 1)                         = 1
read(4, "f", 1)                         = 1
read(4, "0", 1)                         = 1
read(4, "-", 1)                         = 1
read(4, "9", 1)                         = 1
read(4, "2", 1)                         = 1
read(4, "2", 1)                         = 1
read(4, "f", 1)                         = 1
read(4, "-", 1)                         = 1
read(4, "d", 1)                         = 1
read(4, "5", 1)                         = 1
read(4, "7", 1)                         = 1
read(4, "c", 1)                         = 1
read(4, "2", 1)                         = 1
read(4, "1", 1)                         = 1
read(4, "d", 1)                         = 1
read(4, "8", 1)                         = 1
read(4, "7", 1)                         = 1
read(4, "c", 1)                         = 1
read(4, "5", 1)                         = 1
read(4, "6", 1)                         = 1
read(4, "~", 1)                         = 1
read(4, "v", 1)                         = 1
read(4, "1", 1)                         = 1
read(4, "1", 1)                         = 1
read(4, ".", 1)                         = 1
read(4, "c", 1)                         = 1
read(4, "s", 1)                         = 1
read(4, "~", 1)                         = 1
read(4, "2", 1)                         = 1
read(4, "4", 1)                         = 1
read(4, "8", 1)                         = 1
read(4, "4", 1)                         = 1
read(4, "3", 1)                         = 1
read(4, "8", 1)                         = 1
read(4, "~", 1)                         = 1
read(4, "v", 1)                         = 1
read(4, "1", 1)                         = 1
read(4, "1", 1)                         = 1
read(4, ".", 1)                         = 1
read(4, "s", 1)                         = 1
read(4, "~", 1)                         = 1
read(4, "e", 1)                         = 1
read(4, "d", 1)                         = 1
read(4, "1", 1)                         = 1
read(4, "c", 1)                         = 1
read(4, "8", 1)                         = 1
read(4, "d", 1)                         = 1
read(4, "c", 1)                         = 1
read(4, "0", 1)                         = 1
read(4, "-", 1)                         = 1
read(4, "d", 1)                         = 1
read(4, "0", 1)                         = 1
read(4, "a", 1)                         = 1
read(4, "8", 1)                         = 1
read(4, "-", 1)                         = 1
read(4, "1", 1)                         = 1
read(4, "1", 1)                         = 1
read(4, "f", 1)                         = 1
read(4, "0", 1)                         = 1
read(4, "-", 1)                         = 1
read(4, "9", 1)                         = 1
read(4, "2", 1)                         = 1
read(4, "2", 1)                         = 1
read(4, "f", 1)                         = 1
read(4, "-", 1)                         = 1
read(4, "d", 1)                         = 1
read(4, "5", 1)                         = 1
read(4, "7", 1)                         = 1
read(4, "c", 1)                         = 1
read(4, "2", 1)                         = 1
read(4, "1", 1)                         = 1
read(4, "d", 1)                         = 1
read(4, "8", 1)                         = 1
read(4, "7", 1)                         = 1
read(4, "c", 1)                         = 1
read(4, "5", 1)                         = 1
read(4, "6", 1)                         = 1
read(4, "~", 1)                         = 1
read(4, "v", 1)                         = 1
read(4, "1", 1)                         = 1
read(4, "1", 1)                         = 1
read(4, ".", 1)                         = 1
read(4, "v", 1)                         = 1
read(4, "s", 1)                         = 1
read(4, "~", 1)                         = 1
read(4, "a", 1)                         = 1
read(4, "4", 1)                         = 1
read(4, "b", 1)                         = 1
read(4, "3", 1)                         = 1
read(4, "a", 1)                         = 1
read(4, "8", 1)                         = 1
read(4, "5", 1)                         = 1
read(4, "8", 1)                         = 1
read(4, "9", 1)                         = 1
read(4, "f", 1)                         = 1
read(4, "7", 1)                         = 1
read(4, "f", 1)                         = 1
read(4, "7", 1)                         = 1
read(4, "e", 1)                         = 1
read(4, "3", 1)                         = 1
read(4, "5", 1)                         = 1
read(4, "7", 1)                         = 1
read(4, "8", 1)                         = 1
read(4, "f", 1)                         = 1
read(4, "5", 1)                         = 1
read(4, "9", 1)                         = 1
read(4, "a", 1)                         = 1
read(4, "1", 1)                         = 1
read(4, "6", 1)                         = 1
read(4, "c", 1)                         = 1
read(4, "2", 1)                         = 1
read(4, "6", 1)                         = 1
read(4, "7", 1)                         = 1
read(4, "1", 1)                         = 1
read(4, "7", 1)                         = 1
read(4, "1", 1)                         = 1
read(4, "d", 1)                         = 1
read(4, "5", 1)                         = 1
read(4, "1", 1)                         = 1
read(4, "7", 1)                         = 1
read(4, "1", 1)                         = 1
read(4, "1", 1)                         = 1
read(4, "c", 1)                         = 1
read(4, "8", 1)                         = 1
read(4, "a", 1)                         = 1
read(4, "~", 1)                         = 1
read(4, "v", 1)                         = 1
read(4, "1", 1)                         = 1
read(4, "1", 1)                         = 1
read(4, ".", 1)                         = 1
read(4, "f", 1)                         = 1
read(4, "s", 1)                         = 1
read(4, "v", 1)                         = 1
read(4, "d", 1)                         = 1
read(4, "~", 1)                         = 1
read(4, "e", 1)                         = 1
read(4, "y", 1)                         = 1
read(4, "J", 1)                         = 1
read(4, "1", 1)                         = 1
read(4, "c", 1)                         = 1
read(4, "m", 1)                         = 1
read(4, "w", 1)                         = 1
read(4, "i", 1)                         = 1
read(4, "O", 1)                         = 1
read(4, "i", 1)                         = 1
read(4, "J", 1)                         = 1
read(4, "j", 1)                         = 1
read(4, "c", 1)                         = 1
read(4, "y", 1)                         = 1
read(4, "5", 1)                         = 1
read(4, "w", 1)                         = 1
read(4, "d", 1)                         = 1
read(4, "X", 1)                         = 1
read(4, "J", 1)                         = 1
read(4, "k", 1)                         = 1
read(4, "d", 1)                         = 1
read(4, "W", 1)                         = 1
read(4, "U", 1)                         = 1
read(4, "u", 1)                         = 1
read(4, "Z", 1)                         = 1
read(4, "W", 1)                         = 1
read(4, "R", 1)                         = 1
read(4, "1", 1)                         = 1
read(4, "L", 1)                         = 1
read(4, "3", 1)                         = 1
read(4, "B", 1)                         = 1
read(4, "l", 1)                         = 1
read(4, "b", 1)                         = 1
read(4, "3", 1)                         = 1
read(4, "B", 1)                         = 1
read(4, "s", 1)                         = 1
read(4, "Z", 1)                         = 1
read(4, "S", 1)                         = 1
read(4, "9", 1)                         = 1
read(4, "m", 1)                         = 1
read(4, "Y", 1)                         = 1
read(4, "W", 1)                         = 1
read(4, "N", 1)                         = 1
read(4, "1", 1)                         = 1
read(4, "b", 1)                         = 1
read(4, "H", 1)                         = 1
read(4, "R", 1)                         = 1
read(4, "5", 1)                         = 1
read(4, "L", 1)                         = 1
read(4, "2", 1)                         = 1
read(4, "d", 1)                         = 1
read(4, "y", 1)                         = 1
read(4, "c", 1)                         = 1
read(4, "i", 1)                         = 1
read(4, "5", 1)                         = 1
read(4, "o", 1)                         = 1
read(4, "d", 1)                         = 1
read(4, "G", 1)                         = 1
read(4, "1", 1)                         = 1
read(4, "s", 1)                         = 1
read(4, "I", 1)                         = 1
read(4, "i", 1)                         = 1
read(4, "w", 1)                         = 1
read(4, "i", 1)                         = 1
read(4, "c", 1)                         = 1
read(4, "m", 1)                         = 1
read(4, "V", 1)                         = 1
read(4, "m", 1)                         = 1
read(4, "I", 1)                         = 1
read(4, "j", 1)                         = 1
read(4, "o", 1)                         = 1
read(4, "i", 1)                         = 1
read(4, "a", 1)                         = 1
read(4, "H", 1)                         = 1
read(4, "R", 1)                         = 1
read(4, "0", 1)                         = 1
read(4, "c", 1)                         = 1
read(4, "D", 1)                         = 1
read(4, "o", 1)                         = 1
read(4, "v", 1)                         = 1
read(4, "L", 1)                         = 1
read(4, "2", 1)                         = 1
read(4, "R", 1)                         = 1
read(4, "h", 1)                         = 1
read(4, "d", 1)                         = 1
read(4, "G", 1)                         = 1
read(4, "E", 1)                         = 1
read(4, "u", 1)                         = 1
read(4, "Y", 1)                         = 1
read(4, "3", 1)                         = 1
read(4, "M", 1)                         = 1
read(4, "u", 1)                         = 1
read(4, "c", 1)                         = 1
read(4, "H", 1)                         = 1
read(4, "V", 1)                         = 1
read(4, "y", 1)                         = 1
read(4, "Z", 1)                         = 1
read(4, "H", 1)                         = 1
read(4, "V", 1)                         = 1
read(4, "l", 1)                         = 1
read(4, "L", 1)                         = 1
read(4, "m", 1)                         = 1
read(4, "V", 1)                         = 1
read(4, "k", 1)                         = 1
read(4, "d", 1)                         = 1
read(4, "T", 1)                         = 1
read(4, "o", 1)                         = 1
read(4, "5", 1)                         = 1
read(4, "M", 1)                         = 1
read(4, "D", 1)                         = 1
read(4, "A", 1)                         = 1
read(4, "w", 1)                         = 1
read(4, "L", 1)                         = 1
read(4, "y", 1)                         = 1
read(4, "I", 1)                         = 1
read(4, "s", 1)                         = 1
read(4, "I", 1)                         = 1
read(4, "n", 1)                         = 1
read(4, "V", 1)                         = 1
read(4, "0", 1)                         = 1
read(4, "b", 1)                         = 1
read(4, "S", 1)                         = 1
read(4, "I", 1)                         = 1
read(4, "6", 1)                         = 1
read(4, "W", 1)                         = 1
read(4, "1", 1)                         = 1
read(4, "1", 1)                         = 1
read(4, "9", 1)                         = 1
read(4, "~", 1)                         = 1
read(4, "v", 1)                         = 1
read(4, "1", 1)                         = 1
read(4, "1", 1)                         = 1
read(4, ".", 1)                         = 1
read(4, "s", 1)                         = 1
read(4, "l", 1)                         = 1
read(4, "a", 1)                         = 1
read(4, "~", 1)                         = 1
read(4, "1", 1)                         = 1
read(4, "7", 1)                         = 1
read(4, "6", 1)                         = 1
read(4, "4", 1)                         = 1
read(4, "8", 1)                         = 1
read(4, "0", 1)                         = 1
read(4, "8", 1)                         = 1
read(4, "4", 1)                         = 1
read(4, "3", 1)                         = 1
read(4, "9", 1)                         = 1
read(4, "9", 1)                         = 1
read(4, "6", 1)                         = 1
read(4, "5", 1)                         = 1
read(4, "~", 1)                         = 1
read(4, "l", 1)                         = 1
read(4, "c", 1)                         = 1
read(4, "w", 1)                         = 1
read(4, "~", 1)                         = 1
read(4, "1", 1)                         = 1
read(4, "7", 1)                         = 1
read(4, "6", 1)                         = 1
read(4, "4", 1)                         = 1
read(4, "8", 1)                         = 1
read(4, "0", 1)                         = 1
read(4, "8", 1)                         = 1
read(4, "4", 1)                         = 1
read(4, "3", 1)                         = 1
read(4, "9", 1)                         = 1
read(4, "9", 1)                         = 1
read(4, "6", 1)                         = 1
read(4, "7", 1)                         = 1
read(4, ";", 1)                         = 1
read(4, " ", 1)                         = 1
read(4, "_", 1)                         = 1
read(4, "g", 1)                         = 1
read(4, "a", 1)                         = 1
read(4, "_", 1)                         = 1
read(4, "9", 1)                         = 1
read(4, "5", 1)                         = 1
read(4, "1", 1)                         = 1
read(4, "K", 1)                         = 1
read(4, "W", 1)                         = 1
read(4, "4", 1)                         = 1
read(4, "6", 1)                         = 1
read(4, "Z", 1)                         = 1
read(4, "Y", 1)                         = 1
read(4, "X", 1)                         = 1
read(4, "=", 1)                         = 1
read(4, "G", 1)                         = 1
read(4, "S", 1)                         = 1
read(4, "2", 1)                         = 1
read(4, ".", 1)                         = 1
read(4, "1", 1)                         = 1
read(4, ".", 1)                         = 1
read(4, "s", 1)                         = 1
read(4, "1", 1)                         = 1
read(4, "7", 1)                         = 1
read(4, "6", 1)                         = 1
read(4, "4", 1)                         = 1
read(4, "8", 1)                         = 1
read(4, "7", 1)                         = 1
read(4, "3", 1)                         = 1
read(4, "9", 1)                         = 1
read(4, "2", 1)                         = 1
read(4, "8", 1)                         = 1
read(4, "$", 1)                         = 1
read(4, "o", 1)                         = 1
read(4, "1", 1)                         = 1
read(4, "$", 1)                         = 1
read(4, "g", 1)                         = 1
read(4, "1", 1)                         = 1
read(4, "$", 1)                         = 1
read(4, "t", 1)                         = 1
read(4, "1", 1)                         = 1
read(4, "7", 1)                         = 1
read(4, "6", 1)                         = 1
read(4, "4", 1)                         = 1
read(4, "8", 1)                         = 1
read(4, "7", 1)                         = 1
read(4, "3", 1)                         = 1
read(4, "9", 1)                         = 1
read(4, "9", 1)                         = 1
read(4, "7", 1)                         = 1
read(4, "$", 1)                         = 1
read(4, "j", 1)                         = 1
read(4, "6", 1)                         = 1
read(4, "0", 1)                         = 1
read(4, "$", 1)                         = 1
read(4, "l", 1)                         = 1
read(4, "0", 1)                         = 1
read(4, "$", 1)                         = 1
read(4, "h", 1)                         = 1
read(4, "0", 1)                         = 1
read(4, ";", 1)                         = 1
read(4, " ", 1)                         = 1
read(4, "_", 1)                         = 1
read(4, "g", 1)                         = 1
read(4, "a", 1)                         = 1
read(4, "_", 1)                         = 1
read(4, "P", 1)                         = 1
read(4, "M", 1)                         = 1
read(4, "P", 1)                         = 1
read(4, "6", 1)                         = 1
read(4, "D", 1)                         = 1
read(4, "Z", 1)                         = 1
read(4, "H", 1)                         = 1
read(4, "D", 1)                         = 1
read(4, "P", 1)                         = 1
read(4, "B", 1)                         = 1
read(4, "=", 1)                         = 1
read(4, "G", 1)                         = 1
read(4, "S", 1)                         = 1
read(4, "2", 1)                         = 1
read(4, ".", 1)                         = 1
read(4, "2", 1)                         = 1
read(4, ".", 1)                         = 1
read(4, "s", 1)                         = 1
read(4, "1", 1)                         = 1
read(4, "7", 1)                         = 1
read(4, "6", 1)                         = 1
read(4, "4", 1)                         = 1
read(4, "9", 1)                         = 1
read(4, "0", 1)                         = 1
read(4, "9", 1)                         = 1
read(4, "9", 1)                         = 1
read(4, "9", 1)                         = 1
read(4, "7", 1)                         = 1
read(4, "$", 1)                         = 1
read(4, "o", 1)                         = 1
read(4, "1", 1)                         = 1
read(4, "$", 1)                         = 1
read(4, "g", 1)                         = 1
read(4, "0", 1)                         = 1
read(4, "$", 1)                         = 1
read(4, "t", 1)                         = 1
read(4, "1", 1)                         = 1
read(4, "7", 1)                         = 1
read(4, "6", 1)                         = 1
read(4, "4", 1)                         = 1
read(4, "9", 1)                         = 1
read(4, "0", 1)                         = 1
read(4, "9", 1)                         = 1
read(4, "9", 1)                         = 1
read(4, "9", 1)                         = 1
read(4, "7", 1)                         = 1
read(4, "$", 1)                         = 1
read(4, "j", 1)                         = 1
read(4, "6", 1)                         = 1
read(4, "0", 1)                         = 1
read(4, "$", 1)                         = 1
read(4, "l", 1)                         = 1
read(4, "0", 1)                         = 1
read(4, "$", 1)                         = 1
read(4, "h", 1)                         = 1
read(4, "0", 1)                         = 1
read(4, ";", 1)                         = 1
read(4, " ", 1)                         = 1
read(4, "_", 1)                         = 1
read(4, "g", 1)                         = 1
read(4, "a", 1)                         = 1
read(4, "_", 1)                         = 1
read(4, "D", 1)                         = 1
read(4, "3", 1)                         = 1
read(4, "0", 1)                         = 1
read(4, "N", 1)                         = 1
read(4, "T", 1)                         = 1
read(4, "0", 1)                         = 1
read(4, "S", 1)                         = 1
read(4, "G", 1)                         = 1
read(4, "5", 1)                         = 1
read(4, "H", 1)                         = 1
read(4, "=", 1)                         = 1
read(4, "G", 1)                         = 1
read(4, "S", 1)                         = 1
read(4, "2", 1)                         = 1
read(4, ".", 1)                         = 1
read(4, "1", 1)                         = 1
read(4, ".", 1)                         = 1
read(4, "s", 1)                         = 1
read(4, "1", 1)                         = 1
read(4, "7", 1)                         = 1
read(4, "6", 1)                         = 1
read(4, "4", 1)                         = 1
read(4, "9", 1)                         = 1
read(4, "0", 1)                         = 1
read(4, "9", 1)                         = 1
read(4, "9", 1)                         = 1
read(4, "9", 1)                         = 1
read(4, "4", 1)                         = 1
read(4, "$", 1)                         = 1
read(4, "o", 1)                         = 1
read(4, "1", 1)                         = 1
read(4, "$", 1)                         = 1
read(4, "g", 1)                         = 1
read(4, "0", 1)                         = 1
read(4, "$", 1)                         = 1
read(4, "t", 1)                         = 1
read(4, "1", 1)                         = 1
read(4, "7", 1)                         = 1
read(4, "6", 1)                         = 1
read(4, "4", 1)                         = 1
read(4, "9", 1)                         = 1
read(4, "1", 1)                         = 1
read(4, "0", 1)                         = 1
read(4, "6", 1)                         = 1
read(4, "8", 1)                         = 1
read(4, "1", 1)                         = 1
read(4, "$", 1)                         = 1
read(4, "j", 1)                         = 1
read(4, "6", 1)                         = 1
read(4, "0", 1)                         = 1
read(4, "$", 1)                         = 1
read(4, "l", 1)                         = 1
read(4, "0", 1)                         = 1
read(4, "$", 1)                         = 1
read(4, "h", 1)                         = 1
read(4, "0", 1)                         = 1
read(4, ";", 1)                         = 1
read(4, " ", 1)                         = 1
read(4, "_", 1)                         = 1
read(4, "g", 1)                         = 1
read(4, "a", 1)                         = 1
read(4, "_", 1)                         = 1
read(4, "B", 1)                         = 1
read(4, "2", 1)                         = 1
read(4, "6", 1)                         = 1
read(4, "W", 1)                         = 1
read(4, "B", 1)                         = 1
read(4, "B", 1)                         = 1
read(4, "Q", 1)                         = 1
read(4, "2", 1)                         = 1
read(4, "7", 1)                         = 1
read(4, "X", 1)                         = 1
read(4, "=", 1)                         = 1
read(4, "G", 1)                         = 1
read(4, "S", 1)                         = 1
read(4, "2", 1)                         = 1
read(4, ".", 1)                         = 1
read(4, "1", 1)                         = 1
read(4, ".", 1)                         = 1
read(4, "s", 1)                         = 1
read(4, "1", 1)                         = 1
read(4, "7", 1)                         = 1
read(4, "6", 1)                         = 1
read(4, "4", 1)                         = 1
read(4, "9", 1)                         = 1
read(4, "0", 1)                         = 1
read(4, "9", 1)                         = 1
read(4, "9", 1)                         = 1
read(4, "9", 1)                         = 1
read(4, "4", 1)                         = 1
read(4, "$", 1)                         = 1
read(4, "o", 1)                         = 1
read(4, "2", 1)                         = 1
read(4, "$", 1)                         = 1
read(4, "g", 1)                         = 1
read(4, "0", 1)                         = 1
read(4, "$", 1)                         = 1
read(4, "t", 1)                         = 1
read(4, "1", 1)                         = 1
read(4, "7", 1)                         = 1
read(4, "6", 1)                         = 1
read(4, "4", 1)                         = 1
read(4, "9", 1)                         = 1
read(4, "1", 1)                         = 1
read(4, "0", 1)                         = 1
read(4, "6", 1)                         = 1
read(4, "8", 1)                         = 1
read(4, "1", 1)                         = 1
read(4, "$", 1)                         = 1
read(4, "j", 1)                         = 1
read(4, "6", 1)                         = 1
read(4, "0", 1)                         = 1
read(4, "$", 1)                         = 1
read(4, "l", 1)                         = 1
read(4, "0", 1)                         = 1
read(4, "$", 1)                         = 1
read(4, "h", 1)                         = 1
read(4, "0", 1)                         = 1
read(4, ";", 1)                         = 1
read(4, " ", 1)                         = 1
read(4, "_", 1)                         = 1
read(4, "g", 1)                         = 1
read(4, "i", 1)                         = 1
read(4, "d", 1)                         = 1
read(4, "=", 1)                         = 1
read(4, "G", 1)                         = 1
read(4, "A", 1)                         = 1
read(4, "1", 1)                         = 1
read(4, ".", 1)                         = 1
read(4, "2", 1)                         = 1
read(4, ".", 1)                         = 1
read(4, "1", 1)                         = 1
read(4, "8", 1)                         = 1
read(4, "4", 1)                         = 1
read(4, "6", 1)                         = 1
read(4, "8", 1)                         = 1
read(4, "8", 1)                         = 1
read(4, "0", 1)                         = 1
read(4, "9", 1)                         = 1
read(4, "9", 1)                         = 1
read(4, ".", 1)                         = 1
read(4, "1", 1)                         = 1
read(4, "7", 1)                         = 1
read(4, "6", 1)                         = 1
read(4, "5", 1)                         = 1
read(4, "1", 1)                         = 1
read(4, "6", 1)                         = 1
read(4, "7", 1)                         = 1
read(4, "2", 1)                         = 1
read(4, "2", 1)                         = 1
read(4, "1", 1)                         = 1
read(4, ";", 1)                         = 1
read(4, " ", 1)                         = 1
read(4, "_", 1)                         = 1
read(4, "g", 1)                         = 1
read(4, "a", 1)                         = 1
read(4, "_", 1)                         = 1
read(4, "D", 1)                         = 1
read(4, "Y", 1)                         = 1
read(4, "3", 1)                         = 1
read(4, "R", 1)                         = 1
read(4, "B", 1)                         = 1
read(4, "5", 1)                         = 1
read(4, "X", 1)                         = 1
read(4, "J", 1)                         = 1
read(4, "5", 1)                         = 1
read(4, "Q", 1)                         = 1
read(4, "=", 1)                         = 1
read(4, "G", 1)                         = 1
read(4, "S", 1)                         = 1
read(4, "2", 1)                         = 1
read(4, ".", 1)                         = 1
read(4, "1", 1)                         = 1
read(4, ".", 1)                         = 1
read(4, "s", 1)                         = 1
read(4, "1", 1)                         = 1
read(4, "7", 1)                         = 1
read(4, "6", 1)                         = 1
read(4, "5", 1)                         = 1
read(4, "1", 1)                         = 1
read(4, "6", 1)                         = 1
read(4, "7", 1)                         = 1
read(4, "2", 1)                         = 1
read(4, "2", 1)                         = 1
read(4, "1", 1)                         = 1
read(4, "$", 1)                         = 1
read(4, "o", 1)                         = 1
read(4, "2", 1)                         = 1
read(4, "$", 1)                         = 1
read(4, "g", 1)                         = 1
read(4, "1", 1)                         = 1
read(4, "$", 1)                         = 1
read(4, "t", 1)                         = 1
read(4, "1", 1)                         = 1
read(4, "7", 1)                         = 1
read(4, "6", 1)                         = 1
read(4, "5", 1)                         = 1
read(4, "1", 1)                         = 1
read(4, "6", 1)                         = 1
read(4, "7", 1)                         = 1
read(4, "4", 1)                         = 1
read(4, "5", 1)                         = 1
read(4, "7", 1)                         = 1
read(4, "$", 1)                         = 1
read(4, "j", 1)                         = 1
read(4, "6", 1)                         = 1
read(4, "0", 1)                         = 1
read(4, "$", 1)                         = 1
read(4, "l", 1)                         = 1
read(4, "0", 1)                         = 1
read(4, "$", 1)                         = 1
read(4, "h", 1)                         = 1
read(4, "0", 1)                         = 1
read(4, ";", 1)                         = 1
read(4, " ", 1)                         = 1
read(4, "_", 1)                         = 1
read(4, "g", 1)                         = 1
read(4, "a", 1)                         = 1
read(4, "_", 1)                         = 1
read(4, "X", 1)                         = 1
read(4, "P", 1)                         = 1
read(4, "M", 1)                         = 1
read(4, "T", 1)                         = 1
read(4, "6", 1)                         = 1
read(4, "7", 1)                         = 1
read(4, "W", 1)                         = 1
read(4, "T", 1)                         = 1
read(4, "8", 1)                         = 1
read(4, "4", 1)                         = 1
read(4, "=", 1)                         = 1
read(4, "G", 1)                         = 1
read(4, "S", 1)                         = 1
read(4, "2", 1)                         = 1
read(4, ".", 1)                         = 1
read(4, "1", 1)                         = 1
read(4, ".", 1)                         = 1
read(4, "s", 1)                         = 1
read(4, "1", 1)                         = 1
read(4, "7", 1)                         = 1
read(4, "6", 1)                         = 1
read(4, "5", 1)                         = 1
read(4, "1", 1)                         = 1
read(4, "6", 1)                         = 1
read(4, "7", 1)                         = 1
read(4, "2", 1)                         = 1
read(4, "2", 1)                         = 1
read(4, "1", 1)                         = 1
read(4, "$", 1)                         = 1
read(4, "o", 1)                         = 1
read(4, "5", 1)                         = 1
read(4, "$", 1)                         = 1
read(4, "g", 1)                         = 1
read(4, "1", 1)                         = 1
read(4, "$", 1)                         = 1
read(4, "t", 1)                         = 1
read(4, "1", 1)                         = 1
read(4, "7", 1)                         = 1
read(4, "6", 1)                         = 1
read(4, "5", 1)                         = 1
read(4, "1", 1)                         = 1
read(4, "6", 1)                         = 1
read(4, "7", 1)                         = 1
read(4, "4", 1)                         = 1
read(4, "5", 1)                         = 1
read(4, "7", 1)                         = 1
read(4, "$", 1)                         = 1
read(4, "j", 1)                         = 1
read(4, "6", 1)                         = 1
read(4, "0", 1)                         = 1
read(4, "$", 1)                         = 1
read(4, "l", 1)                         = 1
read(4, "0", 1)                         = 1
read(4, "$", 1)                         = 1
read(4, "h", 1)                         = 1
read(4, "0", 1)                         = 1
read(4, ";", 1)                         = 1
read(4, " ", 1)                         = 1
read(4, "_", 1)                         = 1
read(4, "g", 1)                         = 1
read(4, "a", 1)                         = 1
read(4, "=", 1)                         = 1
read(4, "G", 1)                         = 1
read(4, "A", 1)                         = 1
read(4, "1", 1)                         = 1
read(4, ".", 1)                         = 1
read(4, "1", 1)                         = 1
read(4, ".", 1)                         = 1
read(4, "7", 1)                         = 1
read(4, "6", 1)                         = 1
read(4, "7", 1)                         = 1
read(4, "4", 1)                         = 1
read(4, "0", 1)                         = 1
read(4, "8", 1)                         = 1
read(4, "3", 1)                         = 1
read(4, "3", 1)                         = 1
read(4, "3", 1)                         = 1
read(4, ".", 1)                         = 1
read(4, "1", 1)                         = 1
read(4, "7", 1)                         = 1
read(4, "6", 1)                         = 1
read(4, "5", 1)                         = 1
read(4, "0", 1)                         = 1
read(4, "6", 1)                         = 1
read(4, "2", 1)                         = 1
read(4, "6", 1)                         = 1
read(4, "7", 1)                         = 1
read(4, "0", 1)                         = 1
read(4, ";", 1)                         = 1
read(4, " ", 1)                         = 1
read(4, "_", 1)                         = 1
read(4, "g", 1)                         = 1
read(4, "a", 1)                         = 1
read(4, "_", 1)                         = 1
read(4, "6", 1)                         = 1
read(4, "S", 1)                         = 1
read(4, "H", 1)                         = 1
read(4, "Q", 1)                         = 1
read(4, "B", 1)                         = 1
read(4, "W", 1)                         = 1
read(4, "Q", 1)                         = 1
read(4, "2", 1)                         = 1
read(4, "J", 1)                         = 1
read(4, "2", 1)                         = 1
read(4, "=", 1)                         = 1
read(4, "G", 1)                         = 1
read(4, "S", 1)                         = 1
read(4, "2", 1)                         = 1
read(4, ".", 1)                         = 1
read(4, "2", 1)                         = 1
read(4, ".", 1)                         = 1
read(4, "s", 1)                         = 1
read(4, "1", 1)                         = 1
read(4, "7", 1)                         = 1
read(4, "6", 1)                         = 1
read(4, "5", 1)                         = 1
read(4, "1", 1)                         = 1
read(4, "6", 1)                         = 1
read(4, "7", 1)                         = 1
read(4, "2", 1)                         = 1
read(4, "2", 1)                         = 1
read(4, "1", 1)                         = 1
read(4, "$", 1)                         = 1
read(4, "o", 1)                         = 1
read(4, "5", 1)                         = 1
read(4, "$", 1)                         = 1
read(4, "g", 1)                         = 1
read(4, "1", 1)                         = 1
read(4, "$", 1)                         = 1
read(4, "t", 1)                         = 1
read(4, "1", 1)                         = 1
read(4, "7", 1)                         = 1
read(4, "6", 1)                         = 1
read(4, "5", 1)                         = 1
read(4, "1", 1)                         = 1
read(4, "6", 1)                         = 1
read(4, "7", 1)                         = 1
read(4, "4", 1)                         = 1
read(4, "5", 1)                         = 1
read(4, "7", 1)                         = 1
read(4, "$", 1)                         = 1
read(4, "j", 1)                         = 1
read(4, "6", 1)                         = 1
read(4, "0", 1)                         = 1
read(4, "$", 1)                         = 1
read(4, "l", 1)                         = 1
read(4, "0", 1)                         = 1
read(4, "$", 1)                         = 1
read(4, "h", 1)                         = 1
read(4, "0", 1)                         = 1
read(4, ";", 1)                         = 1
read(4, " ", 1)                         = 1
read(4, "_", 1)                         = 1
read(4, "g", 1)                         = 1
read(4, "a", 1)                         = 1
read(4, "_", 1)                         = 1
read(4, "C", 1)                         = 1
read(4, "S", 1)                         = 1
read(4, "L", 1)                         = 1
read(4, "9", 1)                         = 1
read(4, "0", 1)                         = 1
read(4, "E", 1)                         = 1
read(4, "N", 1)                         = 1
read(4, "V", 1)                         = 1
read(4, "J", 1)                         = 1
read(4, "5", 1)                         = 1
read(4, "=", 1)                         = 1
read(4, "G", 1)                         = 1
read(4, "S", 1)                         = 1
read(4, "2", 1)                         = 1
read(4, ".", 1)                         = 1
read(4, "2", 1)                         = 1
read(4, ".", 1)                         = 1
read(4, "s", 1)                         = 1
read(4, "1", 1)                         = 1
read(4, "7", 1)                         = 1
read(4, "6", 1)                         = 1
read(4, "5", 1)                         = 1
read(4, "1", 1)                         = 1
read(4, "6", 1)                         = 1
read(4, "7", 1)                         = 1
read(4, "2", 1)                         = 1
read(4, "2", 1)                         = 1
read(4, "1", 1)                         = 1
read(4, "$", 1)                         = 1
read(4, "o", 1)                         = 1
read(4, "5", 1)                         = 1
read(4, "$", 1)                         = 1
read(4, "g", 1)                         = 1
read(4, "1", 1)                         = 1
read(4, "$", 1)                         = 1
read(4, "t", 1)                         = 1
read(4, "1", 1)                         = 1
read(4, "7", 1)                         = 1
read(4, "6", 1)                         = 1
read(4, "5", 1)                         = 1
read(4, "1", 1)                         = 1
read(4, "6", 1)                         = 1
read(4, "7", 1)                         = 1
read(4, "4", 1)                         = 1
read(4, "5", 1)                         = 1
read(4, "7", 1)                         = 1
read(4, "$", 1)                         = 1
read(4, "j", 1)                         = 1
read(4, "6", 1)                         = 1
read(4, "0", 1)                         = 1
read(4, "$", 1)                         = 1
read(4, "l", 1)                         = 1
read(4, "0", 1)                         = 1
read(4, "$", 1)                         = 1
read(4, "h", 1)                         = 1
read(4, "0", 1)                         = 1
read(4, ";", 1)                         = 1
read(4, " ", 1)                         = 1
read(4, "_", 1)                         = 1
read(4, "g", 1)                         = 1
read(4, "a", 1)                         = 1
read(4, "_", 1)                         = 1
read(4, "N", 1)                         = 1
read(4, "6", 1)                         = 1
read(4, "1", 1)                         = 1
read(4, "R", 1)                         = 1
read(4, "R", 1)                         = 1
read(4, "1", 1)                         = 1
read(4, "E", 1)                         = 1
read(4, "H", 1)                         = 1
read(4, "3", 1)                         = 1
read(4, "V", 1)                         = 1
read(4, "=", 1)                         = 1
read(4, "G", 1)                         = 1
read(4, "S", 1)                         = 1
read(4, "2", 1)                         = 1
read(4, ".", 1)                         = 1
read(4, "2", 1)                         = 1
read(4, ".", 1)                         = 1
read(4, "s", 1)                         = 1
read(4, "1", 1)                         = 1
read(4, "7", 1)                         = 1
read(4, "6", 1)                         = 1
read(4, "5", 1)                         = 1
read(4, "1", 1)                         = 1
read(4, "6", 1)                         = 1
read(4, "7", 1)                         = 1
read(4, "2", 1)                         = 1
read(4, "2", 1)                         = 1
read(4, "1", 1)                         = 1
read(4, "$", 1)                         = 1
read(4, "o", 1)                         = 1
read(4, "5", 1)                         = 1
read(4, "$", 1)                         = 1
read(4, "g", 1)                         = 1
read(4, "1", 1)                         = 1
read(4, "$", 1)                         = 1
read(4, "t", 1)                         = 1
read(4, "1", 1)                         = 1
read(4, "7", 1)                         = 1
read(4, "6", 1)                         = 1
read(4, "5", 1)                         = 1
read(4, "1", 1)                         = 1
read(4, "6", 1)                         = 1
read(4, "7", 1)                         = 1
read(4, "4", 1)                         = 1
read(4, "5", 1)                         = 1
read(4, "7", 1)                         = 1
read(4, "$", 1)                         = 1
read(4, "j", 1)                         = 1
read(4, "6", 1)                         = 1
read(4, "0", 1)                         = 1
read(4, "$", 1)                         = 1
read(4, "l", 1)                         = 1
read(4, "0", 1)                         = 1
read(4, "$", 1)                         = 1
read(4, "h", 1)                         = 1
read(4, "0", 1)                         = 1
read(4, "\r", 1)                        = 1
read(4, "\n", 1)                        = 1
read(4, "\r", 1)                        = 1
read(4, "\n", 1)                        = 1
write(4, "HTTP/1.1 401 Unauthorized\r\nServe"..., 194) = 194
close(4)                                = 0
accept(3, {sa_family=AF_INET, sin_port=htons(55218), sin_addr=inet_addr("100.69.114.175")}, [16]) = 4
setsockopt(4, SOL_SOCKET, SO_RCVTIMEO_OLD, "\n\0\0\0\0\0\0\0\0\0\0\0\0\0\0\0", 16) = 0
getpeername(4, {sa_family=AF_INET, sin_port=htons(55218), sin_addr=inet_addr("100.69.114.175")}, [16]) = 0
read(4, "G", 1)                         = 1
read(4, "E", 1)                         = 1
read(4, "T", 1)                         = 1
read(4, " ", 1)                         = 1
read(4, "/", 1)                         = 1
read(4, " ", 1)                         = 1
read(4, "H", 1)                         = 1
read(4, "T", 1)                         = 1
read(4, "T", 1)                         = 1
read(4, "P", 1)                         = 1
read(4, "/", 1)                         = 1
read(4, "1", 1)                         = 1
read(4, ".", 1)                         = 1
read(4, "1", 1)                         = 1
read(4, "\r", 1)                        = 1
read(4, "\n", 1)                        = 1
read(4, "H", 1)                         = 1
read(4, "o", 1)                         = 1
read(4, "s", 1)                         = 1
read(4, "t", 1)                         = 1
read(4, ":", 1)                         = 1
read(4, " ", 1)                         = 1
read(4, "d", 1)                         = 1
read(4, "a", 1)                         = 1
read(4, "t", 1)                         = 1
read(4, "a", 1)                         = 1
read(4, ".", 1)                         = 1
read(4, "c", 1)                         = 1
read(4, "s", 1)                         = 1
read(4, ".", 1)                         = 1
read(4, "p", 1)                         = 1
read(4, "u", 1)                         = 1
read(4, "r", 1)                         = 1
read(4, "d", 1)                         = 1
read(4, "u", 1)                         = 1
read(4, "e", 1)                         = 1
read(4, ".", 1)                         = 1
read(4, "e", 1)                         = 1
read(4, "d", 1)                         = 1
read(4, "u", 1)                         = 1
read(4, ":", 1)                         = 1
read(4, "9", 1)                         = 1
read(4, "0", 1)                         = 1
read(4, "0", 1)                         = 1
read(4, "2", 1)                         = 1
read(4, "\r", 1)                        = 1
read(4, "\n", 1)                        = 1
read(4, "C", 1)                         = 1
read(4, "o", 1)                         = 1
read(4, "n", 1)                         = 1
read(4, "n", 1)                         = 1
read(4, "e", 1)                         = 1
read(4, "c", 1)                         = 1
read(4, "t", 1)                         = 1
read(4, "i", 1)                         = 1
read(4, "o", 1)                         = 1
read(4, "n", 1)                         = 1
read(4, ":", 1)                         = 1
read(4, " ", 1)                         = 1
read(4, "k", 1)                         = 1
read(4, "e", 1)                         = 1
read(4, "e", 1)                         = 1
read(4, "p", 1)                         = 1
read(4, "-", 1)                         = 1
read(4, "a", 1)                         = 1
read(4, "l", 1)                         = 1
read(4, "i", 1)                         = 1
read(4, "v", 1)                         = 1
read(4, "e", 1)                         = 1
read(4, "\r", 1)                        = 1
read(4, "\n", 1)                        = 1
read(4, "C", 1)                         = 1
read(4, "a", 1)                         = 1
read(4, "c", 1)                         = 1
read(4, "h", 1)                         = 1
read(4, "e", 1)                         = 1
read(4, "-", 1)                         = 1
read(4, "C", 1)                         = 1
read(4, "o", 1)                         = 1
read(4, "n", 1)                         = 1
read(4, "t", 1)                         = 1
read(4, "r", 1)                         = 1
read(4, "o", 1)                         = 1
read(4, "l", 1)                         = 1
read(4, ":", 1)                         = 1
read(4, " ", 1)                         = 1
read(4, "m", 1)                         = 1
read(4, "a", 1)                         = 1
read(4, "x", 1)                         = 1
read(4, "-", 1)                         = 1
read(4, "a", 1)                         = 1
read(4, "g", 1)                         = 1
read(4, "e", 1)                         = 1
read(4, "=", 1)                         = 1
read(4, "0", 1)                         = 1
read(4, "\r", 1)                        = 1
read(4, "\n", 1)                        = 1
read(4, "A", 1)                         = 1
read(4, "u", 1)                         = 1
read(4, "t", 1)                         = 1
read(4, "h", 1)                         = 1
read(4, "o", 1)                         = 1
read(4, "r", 1)                         = 1
read(4, "i", 1)                         = 1
read(4, "z", 1)                         = 1
read(4, "a", 1)                         = 1
read(4, "t", 1)                         = 1
read(4, "i", 1)                         = 1
read(4, "o", 1)                         = 1
read(4, "n", 1)                         = 1
read(4, ":", 1)                         = 1
read(4, " ", 1)                         = 1
read(4, "B", 1)                         = 1
read(4, "a", 1)                         = 1
read(4, "s", 1)                         = 1
read(4, "i", 1)                         = 1
read(4, "c", 1)                         = 1
read(4, " ", 1)                         = 1
read(4, "b", 1)                         = 1
read(4, "m", 1)                         = 1
read(4, "F", 1)                         = 1
read(4, "t", 1)                         = 1
read(4, "Y", 1)                         = 1
read(4, "W", 1)                         = 1
read(4, "I", 1)                         = 1
read(4, "6", 1)                         = 1
read(4, "a", 1)                         = 1
read(4, "2", 1)                         = 1
read(4, "F", 1)                         = 1
read(4, "u", 1)                         = 1
read(4, "c", 1)                         = 1
read(4, "2", 1)                         = 1
read(4, "F", 1)                         = 1
read(4, "s", 1)                         = 1
read(4, "M", 1)                         = 1
read(4, "g", 1)                         = 1
read(4, "=", 1)                         = 1
read(4, "=", 1)                         = 1
read(4, "\r", 1)                        = 1
read(4, "\n", 1)                        = 1
read(4, "U", 1)                         = 1
read(4, "p", 1)                         = 1
read(4, "g", 1)                         = 1
read(4, "r", 1)                         = 1
read(4, "a", 1)                         = 1
read(4, "d", 1)                         = 1
read(4, "e", 1)                         = 1
read(4, "-", 1)                         = 1
read(4, "I", 1)                         = 1
read(4, "n", 1)                         = 1
read(4, "s", 1)                         = 1
read(4, "e", 1)                         = 1
read(4, "c", 1)                         = 1
read(4, "u", 1)                         = 1
read(4, "r", 1)                         = 1
read(4, "e", 1)                         = 1
read(4, "-", 1)                         = 1
read(4, "R", 1)                         = 1
read(4, "e", 1)                         = 1
read(4, "q", 1)                         = 1
read(4, "u", 1)                         = 1
read(4, "e", 1)                         = 1
read(4, "s", 1)                         = 1
read(4, "t", 1)                         = 1
read(4, "s", 1)                         = 1
read(4, ":", 1)                         = 1
read(4, " ", 1)                         = 1
read(4, "1", 1)                         = 1
read(4, "\r", 1)                        = 1
read(4, "\n", 1)                        = 1
read(4, "U", 1)                         = 1
read(4, "s", 1)                         = 1
read(4, "e", 1)                         = 1
read(4, "r", 1)                         = 1
read(4, "-", 1)                         = 1
read(4, "A", 1)                         = 1
read(4, "g", 1)                         = 1
read(4, "e", 1)                         = 1
read(4, "n", 1)                         = 1
read(4, "t", 1)                         = 1
read(4, ":", 1)                         = 1
read(4, " ", 1)                         = 1
read(4, "M", 1)                         = 1
read(4, "o", 1)                         = 1
read(4, "z", 1)                         = 1
read(4, "i", 1)                         = 1
read(4, "l", 1)                         = 1
read(4, "l", 1)                         = 1
read(4, "a", 1)                         = 1
read(4, "/", 1)                         = 1
read(4, "5", 1)                         = 1
read(4, ".", 1)                         = 1
read(4, "0", 1)                         = 1
read(4, " ", 1)                         = 1
read(4, "(", 1)                         = 1
read(4, "M", 1)                         = 1
read(4, "a", 1)                         = 1
read(4, "c", 1)                         = 1
read(4, "i", 1)                         = 1
read(4, "n", 1)                         = 1
read(4, "t", 1)                         = 1
read(4, "o", 1)                         = 1
read(4, "s", 1)                         = 1
read(4, "h", 1)                         = 1
read(4, ";", 1)                         = 1
read(4, " ", 1)                         = 1
read(4, "I", 1)                         = 1
read(4, "n", 1)                         = 1
read(4, "t", 1)                         = 1
read(4, "e", 1)                         = 1
read(4, "l", 1)                         = 1
read(4, " ", 1)                         = 1
read(4, "M", 1)                         = 1
read(4, "a", 1)                         = 1
read(4, "c", 1)                         = 1
read(4, " ", 1)                         = 1
read(4, "O", 1)                         = 1
read(4, "S", 1)                         = 1
read(4, " ", 1)                         = 1
read(4, "X", 1)                         = 1
read(4, " ", 1)                         = 1
read(4, "1", 1)                         = 1
read(4, "0", 1)                         = 1
read(4, "_", 1)                         = 1
read(4, "1", 1)                         = 1
read(4, "5", 1)                         = 1
read(4, "_", 1)                         = 1
read(4, "7", 1)                         = 1
read(4, ")", 1)                         = 1
read(4, " ", 1)                         = 1
read(4, "A", 1)                         = 1
read(4, "p", 1)                         = 1
read(4, "p", 1)                         = 1
read(4, "l", 1)                         = 1
read(4, "e", 1)                         = 1
read(4, "W", 1)                         = 1
read(4, "e", 1)                         = 1
read(4, "b", 1)                         = 1
read(4, "K", 1)                         = 1
read(4, "i", 1)                         = 1
read(4, "t", 1)                         = 1
read(4, "/", 1)                         = 1
read(4, "5", 1)                         = 1
read(4, "3", 1)                         = 1
read(4, "7", 1)                         = 1
read(4, ".", 1)                         = 1
read(4, "3", 1)                         = 1
read(4, "6", 1)                         = 1
read(4, " ", 1)                         = 1
read(4, "(", 1)                         = 1
read(4, "K", 1)                         = 1
read(4, "H", 1)                         = 1
read(4, "T", 1)                         = 1
read(4, "M", 1)                         = 1
read(4, "L", 1)                         = 1
read(4, ",", 1)                         = 1
read(4, " ", 1)                         = 1
read(4, "l", 1)                         = 1
read(4, "i", 1)                         = 1
read(4, "k", 1)                         = 1
read(4, "e", 1)                         = 1
read(4, " ", 1)                         = 1
read(4, "G", 1)                         = 1
read(4, "e", 1)                         = 1
read(4, "c", 1)                         = 1
read(4, "k", 1)                         = 1
read(4, "o", 1)                         = 1
read(4, ")", 1)                         = 1
read(4, " ", 1)                         = 1
read(4, "C", 1)                         = 1
read(4, "h", 1)                         = 1
read(4, "r", 1)                         = 1
read(4, "o", 1)                         = 1
read(4, "m", 1)                         = 1
read(4, "e", 1)                         = 1
read(4, "/", 1)                         = 1
read(4, "1", 1)                         = 1
read(4, "4", 1)                         = 1
read(4, "2", 1)                         = 1
read(4, ".", 1)                         = 1
read(4, "0", 1)                         = 1
read(4, ".", 1)                         = 1
read(4, "0", 1)                         = 1
read(4, ".", 1)                         = 1
read(4, "0", 1)                         = 1
read(4, " ", 1)                         = 1
read(4, "S", 1)                         = 1
read(4, "a", 1)                         = 1
read(4, "f", 1)                         = 1
read(4, "a", 1)                         = 1
read(4, "r", 1)                         = 1
read(4, "i", 1)                         = 1
read(4, "/", 1)                         = 1
read(4, "5", 1)                         = 1
read(4, "3", 1)                         = 1
read(4, "7", 1)                         = 1
read(4, ".", 1)                         = 1
read(4, "3", 1)                         = 1
read(4, "6", 1)                         = 1
read(4, "\r", 1)                        = 1
read(4, "\n", 1)                        = 1
read(4, "A", 1)                         = 1
read(4, "c", 1)                         = 1
read(4, "c", 1)                         = 1
read(4, "e", 1)                         = 1
read(4, "p", 1)                         = 1
read(4, "t", 1)                         = 1
read(4, ":", 1)                         = 1
read(4, " ", 1)                         = 1
read(4, "t", 1)                         = 1
read(4, "e", 1)                         = 1
read(4, "x", 1)                         = 1
read(4, "t", 1)                         = 1
read(4, "/", 1)                         = 1
read(4, "h", 1)                         = 1
read(4, "t", 1)                         = 1
read(4, "m", 1)                         = 1
read(4, "l", 1)                         = 1
read(4, ",", 1)                         = 1
read(4, "a", 1)                         = 1
read(4, "p", 1)                         = 1
read(4, "p", 1)                         = 1
read(4, "l", 1)                         = 1
read(4, "i", 1)                         = 1
read(4, "c", 1)                         = 1
read(4, "a", 1)                         = 1
read(4, "t", 1)                         = 1
read(4, "i", 1)                         = 1
read(4, "o", 1)                         = 1
read(4, "n", 1)                         = 1
read(4, "/", 1)                         = 1
read(4, "x", 1)                         = 1
read(4, "h", 1)                         = 1
read(4, "t", 1)                         = 1
read(4, "m", 1)                         = 1
read(4, "l", 1)                         = 1
read(4, "+", 1)                         = 1
read(4, "x", 1)                         = 1
read(4, "m", 1)                         = 1
read(4, "l", 1)                         = 1
read(4, ",", 1)                         = 1
read(4, "a", 1)                         = 1
read(4, "p", 1)                         = 1
read(4, "p", 1)                         = 1
read(4, "l", 1)                         = 1
read(4, "i", 1)                         = 1
read(4, "c", 1)                         = 1
read(4, "a", 1)                         = 1
read(4, "t", 1)                         = 1
read(4, "i", 1)                         = 1
read(4, "o", 1)                         = 1
read(4, "n", 1)                         = 1
read(4, "/", 1)                         = 1
read(4, "x", 1)                         = 1
read(4, "m", 1)                         = 1
read(4, "l", 1)                         = 1
read(4, ";", 1)                         = 1
read(4, "q", 1)                         = 1
read(4, "=", 1)                         = 1
read(4, "0", 1)                         = 1
read(4, ".", 1)                         = 1
read(4, "9", 1)                         = 1
read(4, ",", 1)                         = 1
read(4, "i", 1)                         = 1
read(4, "m", 1)                         = 1
read(4, "a", 1)                         = 1
read(4, "g", 1)                         = 1
read(4, "e", 1)                         = 1
read(4, "/", 1)                         = 1
read(4, "a", 1)                         = 1
read(4, "v", 1)                         = 1
read(4, "i", 1)                         = 1
read(4, "f", 1)                         = 1
read(4, ",", 1)                         = 1
read(4, "i", 1)                         = 1
read(4, "m", 1)                         = 1
read(4, "a", 1)                         = 1
read(4, "g", 1)                         = 1
read(4, "e", 1)                         = 1
read(4, "/", 1)                         = 1
read(4, "w", 1)                         = 1
read(4, "e", 1)                         = 1
read(4, "b", 1)                         = 1
read(4, "p", 1)                         = 1
read(4, ",", 1)                         = 1
read(4, "i", 1)                         = 1
read(4, "m", 1)                         = 1
read(4, "a", 1)                         = 1
read(4, "g", 1)                         = 1
read(4, "e", 1)                         = 1
read(4, "/", 1)                         = 1
read(4, "a", 1)                         = 1
read(4, "p", 1)                         = 1
read(4, "n", 1)                         = 1
read(4, "g", 1)                         = 1
read(4, ",", 1)                         = 1
read(4, "*", 1)                         = 1
read(4, "/", 1)                         = 1
read(4, "*", 1)                         = 1
read(4, ";", 1)                         = 1
read(4, "q", 1)                         = 1
read(4, "=", 1)                         = 1
read(4, "0", 1)                         = 1
read(4, ".", 1)                         = 1
read(4, "8", 1)                         = 1
read(4, ",", 1)                         = 1
read(4, "a", 1)                         = 1
read(4, "p", 1)                         = 1
read(4, "p", 1)                         = 1
read(4, "l", 1)                         = 1
read(4, "i", 1)                         = 1
read(4, "c", 1)                         = 1
read(4, "a", 1)                         = 1
read(4, "t", 1)                         = 1
read(4, "i", 1)                         = 1
read(4, "o", 1)                         = 1
read(4, "n", 1)                         = 1
read(4, "/", 1)                         = 1
read(4, "s", 1)                         = 1
read(4, "i", 1)                         = 1
read(4, "g", 1)                         = 1
read(4, "n", 1)                         = 1
read(4, "e", 1)                         = 1
read(4, "d", 1)                         = 1
read(4, "-", 1)                         = 1
read(4, "e", 1)                         = 1
read(4, "x", 1)                         = 1
read(4, "c", 1)                         = 1
read(4, "h", 1)                         = 1
read(4, "a", 1)                         = 1
read(4, "n", 1)                         = 1
read(4, "g", 1)                         = 1
read(4, "e", 1)                         = 1
read(4, ";", 1)                         = 1
read(4, "v", 1)                         = 1
read(4, "=", 1)                         = 1
read(4, "b", 1)                         = 1
read(4, "3", 1)                         = 1
read(4, ";", 1)                         = 1
read(4, "q", 1)                         = 1
read(4, "=", 1)                         = 1
read(4, "0", 1)                         = 1
read(4, ".", 1)                         = 1
read(4, "7", 1)                         = 1
read(4, "\r", 1)                        = 1
read(4, "\n", 1)                        = 1
read(4, "A", 1)                         = 1
read(4, "c", 1)                         = 1
read(4, "c", 1)                         = 1
read(4, "e", 1)                         = 1
read(4, "p", 1)                         = 1
read(4, "t", 1)                         = 1
read(4, "-", 1)                         = 1
read(4, "E", 1)                         = 1
read(4, "n", 1)                         = 1
read(4, "c", 1)                         = 1
read(4, "o", 1)                         = 1
read(4, "d", 1)                         = 1
read(4, "i", 1)                         = 1
read(4, "n", 1)                         = 1
read(4, "g", 1)                         = 1
read(4, ":", 1)                         = 1
read(4, " ", 1)                         = 1
read(4, "g", 1)                         = 1
read(4, "z", 1)                         = 1
read(4, "i", 1)                         = 1
read(4, "p", 1)                         = 1
read(4, ",", 1)                         = 1
read(4, " ", 1)                         = 1
read(4, "d", 1)                         = 1
read(4, "e", 1)                         = 1
read(4, "f", 1)                         = 1
read(4, "l", 1)                         = 1
read(4, "a", 1)                         = 1
read(4, "t", 1)                         = 1
read(4, "e", 1)                         = 1
read(4, "\r", 1)                        = 1
read(4, "\n", 1)                        = 1
read(4, "A", 1)                         = 1
read(4, "c", 1)                         = 1
read(4, "c", 1)                         = 1
read(4, "e", 1)                         = 1
read(4, "p", 1)                         = 1
read(4, "t", 1)                         = 1
read(4, "-", 1)                         = 1
read(4, "L", 1)                         = 1
read(4, "a", 1)                         = 1
read(4, "n", 1)                         = 1
read(4, "g", 1)                         = 1
read(4, "u", 1)                         = 1
read(4, "a", 1)                         = 1
read(4, "g", 1)                         = 1
read(4, "e", 1)                         = 1
read(4, ":", 1)                         = 1
read(4, " ", 1)                         = 1
read(4, "e", 1)                         = 1
read(4, "n", 1)                         = 1
read(4, "-", 1)                         = 1
read(4, "G", 1)                         = 1
read(4, "B", 1)                         = 1
read(4, ",", 1)                         = 1
read(4, "e", 1)                         = 1
read(4, "n", 1)                         = 1
read(4, "-", 1)                         = 1
read(4, "U", 1)                         = 1
read(4, "S", 1)                         = 1
read(4, ";", 1)                         = 1
read(4, "q", 1)                         = 1
read(4, "=", 1)                         = 1
read(4, "0", 1)                         = 1
read(4, ".", 1)                         = 1
read(4, "9", 1)                         = 1
read(4, ",", 1)                         = 1
read(4, "e", 1)                         = 1
read(4, "n", 1)                         = 1
read(4, ";", 1)                         = 1
read(4, "q", 1)                         = 1
read(4, "=", 1)                         = 1
read(4, "0", 1)                         = 1
read(4, ".", 1)                         = 1
read(4, "8", 1)                         = 1
read(4, ",", 1)                         = 1
read(4, "h", 1)                         = 1
read(4, "i", 1)                         = 1
read(4, ";", 1)                         = 1
read(4, "q", 1)                         = 1
read(4, "=", 1)                         = 1
read(4, "0", 1)                         = 1
read(4, ".", 1)                         = 1
read(4, "7", 1)                         = 1
read(4, "\r", 1)                        = 1
read(4, "\n", 1)                        = 1
read(4, "C", 1)                         = 1
read(4, "o", 1)                         = 1
read(4, "o", 1)                         = 1
read(4, "k", 1)                         = 1
read(4, "i", 1)                         = 1
read(4, "e", 1)                         = 1
read(4, ":", 1)                         = 1
read(4, " ", 1)                         = 1
read(4, "n", 1)                         = 1
read(4, "m", 1)                         = 1
read(4, "s", 1)                         = 1
read(4, "t", 1)                         = 1
read(4, "a", 1)                         = 1
read(4, "t", 1)                         = 1
read(4, "=", 1)                         = 1
read(4, "e", 1)                         = 1
read(4, "a", 1)                         = 1
read(4, "d", 1)                         = 1
read(4, "6", 1)                         = 1
read(4, "5", 1)                         = 1
read(4, "7", 1)                         = 1
read(4, "4", 1)                         = 1
read(4, "6", 1)                         = 1
read(4, "-", 1)                         = 1
read(4, "b", 1)                         = 1
read(4, "d", 1)                         = 1
read(4, "b", 1)                         = 1
read(4, "a", 1)                         = 1
read(4, "-", 1)                         = 1
read(4, "f", 1)                         = 1
read(4, "9", 1)                         = 1
read(4, "3", 1)                         = 1
read(4, "5", 1)                         = 1
read(4, "-", 1)                         = 1
read(4, "1", 1)                         = 1
read(4, "8", 1)                         = 1
read(4, "a", 1)                         = 1
read(4, "9", 1)                         = 1
read(4, "-", 1)                         = 1
read(4, "7", 1)                         = 1
read(4, "a", 1)                         = 1
read(4, "a", 1)                         = 1
read(4, "9", 1)                         = 1
read(4, "c", 1)                         = 1
read(4, "8", 1)                         = 1
read(4, "2", 1)                         = 1
read(4, "6", 1)                         = 1
read(4, "2", 1)                         = 1
read(4, "4", 1)                         = 1
read(4, "4", 1)                         = 1
read(4, "6", 1)                         = 1
read(4, ";", 1)                         = 1
read(4, " ", 1)                         = 1
read(4, "_", 1)                         = 1
read(4, "g", 1)                         = 1
read(4, "a", 1)                         = 1
read(4, "_", 1)                         = 1
read(4, "P", 1)                         = 1
read(4, "V", 1)                         = 1
read(4, "8", 1)                         = 1
read(4, "T", 1)                         = 1
read(4, "1", 1)                         = 1
read(4, "8", 1)                         = 1
read(4, "L", 1)                         = 1
read(4, "J", 1)                         = 1
read(4, "R", 1)                         = 1
read(4, "9", 1)                         = 1
read(4, "=", 1)                         = 1
read(4, "G", 1)                         = 1
read(4, "S", 1)                         = 1
read(4, "1", 1)                         = 1
read(4, ".", 1)                         = 1
read(4, "2", 1)                         = 1
read(4, ".", 1)                         = 1
read(4, "1", 1)                         = 1
read(4, "7", 1)                         = 1
read(4, "3", 1)                         = 1
read(4, "2", 1)                         = 1
read(4, "6", 1)                         = 1
read(4, "2", 1)                         = 1
read(4, "6", 1)                         = 1
read(4, "6", 1)                         = 1
read(4, "7", 1)                         = 1
read(4, "1", 1)                         = 1
read(4, ".", 1)                         = 1
read(4, "1", 1)                         = 1
read(4, ".", 1)                         = 1
read(4, "1", 1)                         = 1
read(4, ".", 1)                         = 1
read(4, "1", 1)                         = 1
read(4, "7", 1)                         = 1
read(4, "3", 1)                         = 1
read(4, "2", 1)                         = 1
read(4, "6", 1)                         = 1
read(4, "2", 1)                         = 1
read(4, "6", 1)                         = 1
read(4, "7", 1)                         = 1
read(4, "0", 1)                         = 1
read(4, "1", 1)                         = 1
read(4, ".", 1)                         = 1
read(4, "0", 1)                         = 1
read(4, ".", 1)                         = 1
read(4, "0", 1)                         = 1
read(4, ".", 1)                         = 1
read(4, "0", 1)                         = 1
read(4, ";", 1)                         = 1
read(4, " ", 1)                         = 1
read(4, "_", 1)                         = 1
read(4, "f", 1)                         = 1
read(4, "b", 1)                         = 1
read(4, "p", 1)                         = 1
read(4, "=", 1)                         = 1
read(4, "f", 1)                         = 1
read(4, "b", 1)                         = 1
read(4, ".", 1)                         = 1
read(4, "1", 1)                         = 1
read(4, ".", 1)                         = 1
read(4, "1", 1)                         = 1
read(4, "7", 1)                         = 1
read(4, "5", 1)                         = 1
read(4, "8", 1)                         = 1
read(4, "4", 1)                         = 1
read(4, "8", 1)                         = 1
read(4, "4", 1)                         = 1
read(4, "7", 1)                         = 1
read(4, "2", 1)                         = 1
read(4, "7", 1)                         = 1
read(4, "2", 1)                         = 1
read(4, "1", 1)                         = 1
read(4, "7", 1)                         = 1
read(4, ".", 1)                         = 1
read(4, "6", 1)                         = 1
read(4, "3", 1)                         = 1
read(4, "9", 1)                         = 1
read(4, "4", 1)                         = 1
read(4, "0", 1)                         = 1
read(4, "5", 1)                         = 1
read(4, "5", 1)                         = 1
read(4, "7", 1)                         = 1
read(4, "4", 1)                         = 1
read(4, "9", 1)                         = 1
read(4, "2", 1)                         = 1
read(4, "0", 1)                         = 1
read(4, "1", 1)                         = 1
read(4, "8", 1)                         = 1
read(4, "6", 1)                         = 1
read(4, "5", 1)                         = 1
read(4, "9", 1)                         = 1
read(4, "7", 1)                         = 1
read(4, ";", 1)                         = 1
read(4, " ", 1)                         = 1
read(4, "_", 1)                         = 1
read(4, "g", 1)                         = 1
read(4, "c", 1)                         = 1
read(4, "l", 1)                         = 1
read(4, "_", 1)                         = 1
read(4, "a", 1)                         = 1
read(4, "u", 1)                         = 1
read(4, "=", 1)                         = 1
read(4, "1", 1)                         = 1
read(4, ".", 1)                         = 1
read(4, "1", 1)                         = 1
read(4, ".", 1)                         = 1
read(4, "1", 1)                         = 1
read(4, "4", 1)                         = 1
read(4, "3", 1)                         = 1
read(4, "6", 1)                         = 1
read(4, "4", 1)                         = 1
read(4, "7", 1)                         = 1
read(4, "7", 1)                         = 1
read(4, "7", 1)                         = 1
read(4, "0", 1)                         = 1
read(4, ".", 1)                         = 1
read(4, "1", 1)                         = 1
read(4, "7", 1)                         = 1
read(4, "5", 1)                         = 1
read(4, "8", 1)                         = 1
read(4, "4", 1)                         = 1
read(4, "8", 1)                         = 1
read(4, "4", 1)                         = 1
read(4, "7", 1)                         = 1
read(4, "2", 1)                         = 1
read(4, "7", 1)                         = 1
read(4, ";", 1)                         = 1
read(4, " ", 1)                         = 1
read(4, "_", 1)                         = 1
read(4, "g", 1)                         = 1
read(4, "a", 1)                         = 1
read(4, "_", 1)                         = 1
read(4, "M", 1)                         = 1
read(4, "V", 1)                         = 1
read(4, "P", 1)                         = 1
read(4, "Q", 1)                         = 1
read(4, "R", 1)                         = 1
read(4, "H", 1)                         = 1
read(4, "5", 1)                         = 1
read(4, "W", 1)                         = 1
read(4, "M", 1)                         = 1
read(4, "L", 1)                         = 1
read(4, "=", 1)                         = 1
read(4, "G", 1)                         = 1
read(4, "S", 1)                         = 1
read(4, "2", 1)                         = 1
read(4, ".", 1)                         = 1
read(4, "1", 1)                         = 1
read(4, ".", 1)                         = 1
read(4, "s", 1)                         = 1
read(4, "1", 1)                         = 1
read(4, "7", 1)                         = 1
read(4, "5", 1)                         = 1
read(4, "9", 1)                         = 1
read(4, "1", 1)                         = 1
read(4, "7", 1)                         = 1
read(4, "3", 1)                         = 1
read(4, "0", 1)                         = 1
read(4, "1", 1)                         = 1
read(4, "5", 1)                         = 1
read(4, "$", 1)                         = 1
read(4, "o", 1)                         = 1
read(4, "1", 1)                         = 1
read(4, "$", 1)                         = 1
read(4, "g", 1)                         = 1
read(4, "1", 1)                         = 1
read(4, "$", 1)                         = 1
read(4, "t", 1)                         = 1
read(4, "1", 1)                         = 1
read(4, "7", 1)                         = 1
read(4, "5", 1)                         = 1
read(4, "9", 1)                         = 1
read(4, "1", 1)                         = 1
read(4, "7", 1)                         = 1
read(4, "3", 1)                         = 1
read(4, "0", 1)                         = 1
read(4, "1", 1)                         = 1
read(4, "8", 1)                         = 1
read(4, "$", 1)                         = 1
read(4, "j", 1)                         = 1
read(4, "5", 1)                         = 1
read(4, "7", 1)                         = 1
read(4, "$", 1)                         = 1
read(4, "l", 1)                         = 1
read(4, "0", 1)                         = 1
read(4, "$", 1)                         = 1
read(4, "h", 1)                         = 1
read(4, "0", 1)                         = 1
read(4, ";", 1)                         = 1
read(4, " ", 1)                         = 1
read(4, "_", 1)                         = 1
read(4, "g", 1)                         = 1
read(4, "a", 1)                         = 1
read(4, "_", 1)                         = 1
read(4, "Q", 1)                         = 1
read(4, "4", 1)                         = 1
read(4, "Z", 1)                         = 1
read(4, "W", 1)                         = 1
read(4, "X", 1)                         = 1
read(4, "0", 1)                         = 1
read(4, "P", 1)                         = 1
read(4, "5", 1)                         = 1
read(4, "M", 1)                         = 1
read(4, "4", 1)                         = 1
read(4, "=", 1)                         = 1
read(4, "G", 1)                         = 1
read(4, "S", 1)                         = 1
read(4, "2", 1)                         = 1
read(4, ".", 1)                         = 1
read(4, "1", 1)                         = 1
read(4, ".", 1)                         = 1
read(4, "s", 1)                         = 1
read(4, "1", 1)                         = 1
read(4, "7", 1)                         = 1
read(4, "6", 1)                         = 1
read(4, "4", 1)                         = 1
read(4, "1", 1)                         = 1
read(4, "0", 1)                         = 1
read(4, "4", 1)                         = 1
read(4, "9", 1)                         = 1
read(4, "0", 1)                         = 1
read(4, "2", 1)                         = 1
read(4, "$", 1)                         = 1
read(4, "o", 1)                         = 1
read(4, "1", 1)                         = 1
read(4, "$", 1)                         = 1
read(4, "g", 1)                         = 1
read(4, "0", 1)                         = 1
read(4, "$", 1)                         = 1
read(4, "t", 1)                         = 1
read(4, "1", 1)                         = 1
read(4, "7", 1)                         = 1
read(4, "6", 1)                         = 1
read(4, "4", 1)                         = 1
read(4, "1", 1)                         = 1
read(4, "0", 1)                         = 1
read(4, "5", 1)                         = 1
read(4, "6", 1)                         = 1
read(4, "1", 1)                         = 1
read(4, "8", 1)                         = 1
read(4, "$", 1)                         = 1
read(4, "j", 1)                         = 1
read(4, "6", 1)                         = 1
read(4, "0", 1)                         = 1
read(4, "$", 1)                         = 1
read(4, "l", 1)                         = 1
read(4, "0", 1)                         = 1
read(4, "$", 1)                         = 1
read(4, "h", 1)                         = 1
read(4, "0", 1)                         = 1
read(4, ";", 1)                         = 1
read(4, " ", 1)                         = 1
read(4, "_", 1)                         = 1
read(4, "g", 1)                         = 1
read(4, "a", 1)                         = 1
read(4, "_", 1)                         = 1
read(4, "8", 1)                         = 1
read(4, "Z", 1)                         = 1
read(4, "B", 1)                         = 1
read(4, "R", 1)                         = 1
read(4, "9", 1)                         = 1
read(4, "L", 1)                         = 1
read(4, "Y", 1)                         = 1
read(4, "5", 1)                         = 1
read(4, "W", 1)                         = 1
read(4, "Q", 1)                         = 1
read(4, "=", 1)                         = 1
read(4, "G", 1)                         = 1
read(4, "S", 1)                         = 1
read(4, "2", 1)                         = 1
read(4, ".", 1)                         = 1
read(4, "1", 1)                         = 1
read(4, ".", 1)                         = 1
read(4, "s", 1)                         = 1
read(4, "1", 1)                         = 1
read(4, "7", 1)                         = 1
read(4, "6", 1)                         = 1
read(4, "4", 1)                         = 1
read(4, "1", 1)                         = 1
read(4, "0", 1)                         = 1
read(4, "6", 1)                         = 1
read(4, "6", 1)                         = 1
read(4, "0", 1)                         = 1
read(4, "7", 1)                         = 1
read(4, "$", 1)                         = 1
read(4, "o", 1)                         = 1
read(4, "1", 1)                         = 1
read(4, "0", 1)                         = 1
read(4, "$", 1)                         = 1
read(4, "g", 1)                         = 1
read(4, "0", 1)                         = 1
read(4, "$", 1)                         = 1
read(4, "t", 1)                         = 1
read(4, "1", 1)                         = 1
read(4, "7", 1)                         = 1
read(4, "6", 1)                         = 1
read(4, "4", 1)                         = 1
read(4, "1", 1)                         = 1
read(4, "0", 1)                         = 1
read(4, "6", 1)                         = 1
read(4, "6", 1)                         = 1
read(4, "0", 1)                         = 1
read(4, "7", 1)                         = 1
read(4, "$", 1)                         = 1
read(4, "j", 1)                         = 1
read(4, "6", 1)                         = 1
read(4, "0", 1)                         = 1
read(4, "$", 1)                         = 1
read(4, "l", 1)                         = 1
read(4, "0", 1)                         = 1
read(4, "$", 1)                         = 1
read(4, "h", 1)                         = 1
read(4, "0", 1)                         = 1
read(4, ";", 1)                         = 1
read(4, " ", 1)                         = 1
read(4, "t", 1)                         = 1
read(4, "o", 1)                         = 1
read(4, "k", 1)                         = 1
read(4, "e", 1)                         = 1
read(4, "n", 1)                         = 1
read(4, "=", 1)                         = 1
read(4, "n", 1)                         = 1
read(4, "a", 1)                         = 1
read(4, "U", 1)                         = 1
read(4, "B", 1)                         = 1
read(4, "x", 1)                         = 1
read(4, "G", 1)                         = 1
read(4, "Z", 1)                         = 1
read(4, "h", 1)                         = 1
read(4, "L", 1)                         = 1
read(4, "N", 1)                         = 1
read(4, "H", 1)                         = 1
read(4, "c", 1)                         = 1
read(4, "c", 1)                         = 1
read(4, "V", 1)                         = 1
read(4, "a", 1)                         = 1
read(4, "W", 1)                         = 1
read(4, "h", 1)                         = 1
read(4, "Z", 1)                         = 1
read(4, "j", 1)                         = 1
read(4, "%", 1)                         = 1
read(4, "2", 1)                         = 1
read(4, "B", 1)                         = 1
read(4, "2", 1)                         = 1
read(4, "l", 1)                         = 1
read(4, "D", 1)                         = 1
read(4, "m", 1)                         = 1
read(4, "2", 1)                         = 1
read(4, "F", 1)                         = 1
read(4, "s", 1)                         = 1
read(4, "%", 1)                         = 1
read(4, "2", 1)                         = 1
read(4, "B", 1)                         = 1
read(4, "R", 1)                         = 1
read(4, "M", 1)                         = 1
read(4, "7", 1)                         = 1
read(4, "P", 1)                         = 1
read(4, "I", 1)                         = 1
read(4, "Q", 1)                         = 1
read(4, "%", 1)                         = 1
read(4, "2", 1)                         = 1
read(4, "F", 1)                         = 1
read(4, "3", 1)                         = 1
read(4, "a", 1)                         = 1
read(4, "Q", 1)                         = 1
read(4, "E", 1)                         = 1
read(4, "Y", 1)                         = 1
read(4, "O", 1)                         = 1
read(4, "j", 1)                         = 1
read(4, "Q", 1)                         = 1
read(4, "%", 1)                         = 1
read(4, "3", 1)                         = 1
read(4, "D", 1)                         = 1
read(4, ";", 1)                         = 1
read(4, " ", 1)                         = 1
read(4, "_", 1)                         = 1
read(4, "c", 1)                         = 1
read(4, "e", 1)                         = 1
read(4, ".", 1)                         = 1
read(4, "s", 1)                         = 1
read(4, "=", 1)                         = 1
read(4, "v", 1)                         = 1
read(4, "~", 1)                         = 1
read(4, "a", 1)                         = 1
read(4, "4", 1)                         = 1
read(4, "b", 1)                         = 1
read(4, "3", 1)                         = 1
read(4, "a", 1)                         = 1
read(4, "8", 1)                         = 1
read(4, "5", 1)                         = 1
read(4, "8", 1)                         = 1
read(4, "9", 1)                         = 1
read(4, "f", 1)                         = 1
read(4, "7", 1)                         = 1
read(4, "f", 1)                         = 1
read(4, "7", 1)                         = 1
read(4, "e", 1)                         = 1
read(4, "3", 1)                         = 1
read(4, "5", 1)                         = 1
read(4, "7", 1)                         = 1
read(4, "8", 1)                         = 1
read(4, "f", 1)                         = 1
read(4, "5", 1)                         = 1
read(4, "9", 1)                         = 1
read(4, "a", 1)                         = 1
read(4, "1", 1)                         = 1
read(4, "6", 1)                         = 1
read(4, "c", 1)                         = 1
read(4, "2", 1)                         = 1
read(4, "6", 1)                         = 1
read(4, "7", 1)                         = 1
read(4, "1", 1)                         = 1
read(4, "7", 1)                         = 1
read(4, "1", 1)                         = 1
read(4, "d", 1)                         = 1
read(4, "5", 1)                         = 1
read(4, "1", 1)                         = 1
read(4, "7", 1)                         = 1
read(4, "1", 1)                         = 1
read(4, "1", 1)                         = 1
read(4, "c", 1)                         = 1
read(4, "8", 1)                         = 1
read(4, "a", 1)                         = 1
read(4, "~", 1)                         = 1
read(4, "l", 1)                         = 1
read(4, "c", 1)                         = 1
read(4, "w", 1)                         = 1
read(4, "~", 1)                         = 1
read(4, "1", 1)                         = 1
read(4, "7", 1)                         = 1
read(4, "6", 1)                         = 1
read(4, "4", 1)                         = 1
read(4, "8", 1)                         = 1
read(4, "0", 1)                         = 1
read(4, "8", 1)                         = 1
read(4, "4", 1)                         = 1
read(4, "3", 1)                         = 1
read(4, "9", 1)                         = 1
read(4, "9", 1)                         = 1
read(4, "6", 1)                         = 1
read(4, "5", 1)                         = 1
read(4, "~", 1)                         = 1
read(4, "v", 1)                         = 1
read(4, "i", 1)                         = 1
read(4, "r", 1)                         = 1
read(4, "~", 1)                         = 1
read(4, "r", 1)                         = 1
read(4, "e", 1)                         = 1
read(4, "t", 1)                         = 1
read(4, "u", 1)                         = 1
read(4, "r", 1)                         = 1
read(4, "n", 1)                         = 1
read(4, "i", 1)                         = 1
read(4, "n", 1)                         = 1
read(4, "g", 1)                         = 1
read(4, "~", 1)                         = 1
read(4, "l", 1)                         = 1
read(4, "v", 1)                         = 1
read(4, "a", 1)                         = 1
read(4, "~", 1)                         = 1
read(4, "1", 1)                         = 1
read(4, "7", 1)                         = 1
read(4, "6", 1)                         = 1
read(4, "4", 1)                         = 1
read(4, "8", 1)                         = 1
read(4, "0", 1)                         = 1
read(4, "5", 1)                         = 1
read(4, "1", 1)                         = 1
read(4, "0", 1)                         = 1
read(4, "9", 1)                         = 1
read(4, "1", 1)                         = 1
read(4, "3", 1)                         = 1
read(4, "1", 1)                         = 1
read(4, "~", 1)                         = 1
read(4, "v", 1)                         = 1
read(4, "p", 1)                         = 1
read(4, "v", 1)                         = 1
read(4, "~", 1)                         = 1
read(4, "1", 1)                         = 1
read(4, "~", 1)                         = 1
read(4, "v", 1)                         = 1
read(4, "1", 1)                         = 1
read(4, "1", 1)                         = 1
read(4, "l", 1)                         = 1
read(4, "s", 1)                         = 1
read(4, "~", 1)                         = 1
read(4, "e", 1)                         = 1
read(4, "d", 1)                         = 1
read(4, "1", 1)                         = 1
read(4, "c", 1)                         = 1
read(4, "8", 1)                         = 1
read(4, "d", 1)                         = 1
read(4, "c", 1)                         = 1
read(4, "0", 1)                         = 1
read(4, "-", 1)                         = 1
read(4, "d", 1)                         = 1
read(4, "0", 1)                         = 1
read(4, "a", 1)                         = 1
read(4, "8", 1)                         = 1
read(4, "-", 1)                         = 1
read(4, "1", 1)                         = 1
read(4, "1", 1)                         = 1
read(4, "f", 1)                         = 1
read(4, "0", 1)                         = 1
read(4, "-", 1)                         = 1
read(4, "9", 1)                         = 1
read(4, "2", 1)                         = 1
read(4, "2", 1)                         = 1
read(4, "f", 1)                         = 1
read(4, "-", 1)                         = 1
read(4, "d", 1)                         = 1
read(4, "5", 1)                         = 1
read(4, "7", 1)                         = 1
read(4, "c", 1)                         = 1
read(4, "2", 1)                         = 1
read(4, "1", 1)                         = 1
read(4, "d", 1)                         = 1
read(4, "8", 1)                         = 1
read(4, "7", 1)                         = 1
read(4, "c", 1)                         = 1
read(4, "5", 1)                         = 1
read(4, "6", 1)                         = 1
read(4, "~", 1)                         = 1
read(4, "v", 1)                         = 1
read(4, "1", 1)                         = 1
read(4, "1", 1)                         = 1
read(4, ".", 1)                         = 1
read(4, "c", 1)                         = 1
read(4, "s", 1)                         = 1
read(4, "~", 1)                         = 1
read(4, "2", 1)                         = 1
read(4, "4", 1)                         = 1
read(4, "8", 1)                         = 1
read(4, "4", 1)                         = 1
read(4, "3", 1)                         = 1
read(4, "8", 1)                         = 1
read(4, "~", 1)                         = 1
read(4, "v", 1)                         = 1
read(4, "1", 1)                         = 1
read(4, "1", 1)                         = 1
read(4, ".", 1)                         = 1
read(4, "s", 1)                         = 1
read(4, "~", 1)                         = 1
read(4, "e", 1)                         = 1
read(4, "d", 1)                         = 1
read(4, "1", 1)                         = 1
read(4, "c", 1)                         = 1
read(4, "8", 1)                         = 1
read(4, "d", 1)                         = 1
read(4, "c", 1)                         = 1
read(4, "0", 1)                         = 1
read(4, "-", 1)                         = 1
read(4, "d", 1)                         = 1
read(4, "0", 1)                         = 1
read(4, "a", 1)                         = 1
read(4, "8", 1)                         = 1
read(4, "-", 1)                         = 1
read(4, "1", 1)                         = 1
read(4, "1", 1)                         = 1
read(4, "f", 1)                         = 1
read(4, "0", 1)                         = 1
read(4, "-", 1)                         = 1
read(4, "9", 1)                         = 1
read(4, "2", 1)                         = 1
read(4, "2", 1)                         = 1
read(4, "f", 1)                         = 1
read(4, "-", 1)                         = 1
read(4, "d", 1)                         = 1
read(4, "5", 1)                         = 1
read(4, "7", 1)                         = 1
read(4, "c", 1)                         = 1
read(4, "2", 1)                         = 1
read(4, "1", 1)                         = 1
read(4, "d", 1)                         = 1
read(4, "8", 1)                         = 1
read(4, "7", 1)                         = 1
read(4, "c", 1)                         = 1
read(4, "5", 1)                         = 1
read(4, "6", 1)                         = 1
read(4, "~", 1)                         = 1
read(4, "v", 1)                         = 1
read(4, "1", 1)                         = 1
read(4, "1", 1)                         = 1
read(4, ".", 1)                         = 1
read(4, "v", 1)                         = 1
read(4, "s", 1)                         = 1
read(4, "~", 1)                         = 1
read(4, "a", 1)                         = 1
read(4, "4", 1)                         = 1
read(4, "b", 1)                         = 1
read(4, "3", 1)                         = 1
read(4, "a", 1)                         = 1
read(4, "8", 1)                         = 1
read(4, "5", 1)                         = 1
read(4, "8", 1)                         = 1
read(4, "9", 1)                         = 1
read(4, "f", 1)                         = 1
read(4, "7", 1)                         = 1
read(4, "f", 1)                         = 1
read(4, "7", 1)                         = 1
read(4, "e", 1)                         = 1
read(4, "3", 1)                         = 1
read(4, "5", 1)                         = 1
read(4, "7", 1)                         = 1
read(4, "8", 1)                         = 1
read(4, "f", 1)                         = 1
read(4, "5", 1)                         = 1
read(4, "9", 1)                         = 1
read(4, "a", 1)                         = 1
read(4, "1", 1)                         = 1
read(4, "6", 1)                         = 1
read(4, "c", 1)                         = 1
read(4, "2", 1)                         = 1
read(4, "6", 1)                         = 1
read(4, "7", 1)                         = 1
read(4, "1", 1)                         = 1
read(4, "7", 1)                         = 1
read(4, "1", 1)                         = 1
read(4, "d", 1)                         = 1
read(4, "5", 1)                         = 1
read(4, "1", 1)                         = 1
read(4, "7", 1)                         = 1
read(4, "1", 1)                         = 1
read(4, "1", 1)                         = 1
read(4, "c", 1)                         = 1
read(4, "8", 1)                         = 1
read(4, "a", 1)                         = 1
read(4, "~", 1)                         = 1
read(4, "v", 1)                         = 1
read(4, "1", 1)                         = 1
read(4, "1", 1)                         = 1
read(4, ".", 1)                         = 1
read(4, "f", 1)                         = 1
read(4, "s", 1)                         = 1
read(4, "v", 1)                         = 1
read(4, "d", 1)                         = 1
read(4, "~", 1)                         = 1
read(4, "e", 1)                         = 1
read(4, "y", 1)                         = 1
read(4, "J", 1)                         = 1
read(4, "1", 1)                         = 1
read(4, "c", 1)                         = 1
read(4, "m", 1)                         = 1
read(4, "w", 1)                         = 1
read(4, "i", 1)                         = 1
read(4, "O", 1)                         = 1
read(4, "i", 1)                         = 1
read(4, "J", 1)                         = 1
read(4, "j", 1)                         = 1
read(4, "c", 1)                         = 1
read(4, "y", 1)                         = 1
read(4, "5", 1)                         = 1
read(4, "w", 1)                         = 1
read(4, "d", 1)                         = 1
read(4, "X", 1)                         = 1
read(4, "J", 1)                         = 1
read(4, "k", 1)                         = 1
read(4, "d", 1)                         = 1
read(4, "W", 1)                         = 1
read(4, "U", 1)                         = 1
read(4, "u", 1)                         = 1
read(4, "Z", 1)                         = 1
read(4, "W", 1)                         = 1
read(4, "R", 1)                         = 1
read(4, "1", 1)                         = 1
read(4, "L", 1)                         = 1
read(4, "3", 1)                         = 1
read(4, "B", 1)                         = 1
read(4, "l", 1)                         = 1
read(4, "b", 1)                         = 1
read(4, "3", 1)                         = 1
read(4, "B", 1)                         = 1
read(4, "s", 1)                         = 1
read(4, "Z", 1)                         = 1
read(4, "S", 1)                         = 1
read(4, "9", 1)                         = 1
read(4, "m", 1)                         = 1
read(4, "Y", 1)                         = 1
read(4, "W", 1)                         = 1
read(4, "N", 1)                         = 1
read(4, "1", 1)                         = 1
read(4, "b", 1)                         = 1
read(4, "H", 1)                         = 1
read(4, "R", 1)                         = 1
read(4, "5", 1)                         = 1
read(4, "L", 1)                         = 1
read(4, "2", 1)                         = 1
read(4, "d", 1)                         = 1
read(4, "y", 1)                         = 1
read(4, "c", 1)                         = 1
read(4, "i", 1)                         = 1
read(4, "5", 1)                         = 1
read(4, "o", 1)                         = 1
read(4, "d", 1)                         = 1
read(4, "G", 1)                         = 1
read(4, "1", 1)                         = 1
read(4, "s", 1)                         = 1
read(4, "I", 1)                         = 1
read(4, "i", 1)                         = 1
read(4, "w", 1)                         = 1
read(4, "i", 1)                         = 1
read(4, "c", 1)                         = 1
read(4, "m", 1)                         = 1
read(4, "V", 1)                         = 1
read(4, "m", 1)                         = 1
read(4, "I", 1)                         = 1
read(4, "j", 1)                         = 1
read(4, "o", 1)                         = 1
read(4, "i", 1)                         = 1
read(4, "a", 1)                         = 1
read(4, "H", 1)                         = 1
read(4, "R", 1)                         = 1
read(4, "0", 1)                         = 1
read(4, "c", 1)                         = 1
read(4, "D", 1)                         = 1
read(4, "o", 1)                         = 1
read(4, "v", 1)                         = 1
read(4, "L", 1)                         = 1
read(4, "2", 1)                         = 1
read(4, "R", 1)                         = 1
read(4, "h", 1)                         = 1
read(4, "d", 1)                         = 1
read(4, "G", 1)                         = 1
read(4, "E", 1)                         = 1
read(4, "u", 1)                         = 1
read(4, "Y", 1)                         = 1
read(4, "3", 1)                         = 1
read(4, "M", 1)                         = 1
read(4, "u", 1)                         = 1
read(4, "c", 1)                         = 1
read(4, "H", 1)                         = 1
read(4, "V", 1)                         = 1
read(4, "y", 1)                         = 1
read(4, "Z", 1)                         = 1
read(4, "H", 1)                         = 1
read(4, "V", 1)                         = 1
read(4, "l", 1)                         = 1
read(4, "L", 1)                         = 1
read(4, "m", 1)                         = 1
read(4, "V", 1)                         = 1
read(4, "k", 1)                         = 1
read(4, "d", 1)                         = 1
read(4, "T", 1)                         = 1
read(4, "o", 1)                         = 1
read(4, "5", 1)                         = 1
read(4, "M", 1)                         = 1
read(4, "D", 1)                         = 1
read(4, "A", 1)                         = 1
read(4, "w", 1)                         = 1
read(4, "L", 1)                         = 1
read(4, "y", 1)                         = 1
read(4, "I", 1)                         = 1
read(4, "s", 1)                         = 1
read(4, "I", 1)                         = 1
read(4, "n", 1)                         = 1
read(4, "V", 1)                         = 1
read(4, "0", 1)                         = 1
read(4, "b", 1)                         = 1
read(4, "S", 1)                         = 1
read(4, "I", 1)                         = 1
read(4, "6", 1)                         = 1
read(4, "W", 1)                         = 1
read(4, "1", 1)                         = 1
read(4, "1", 1)                         = 1
read(4, "9", 1)                         = 1
read(4, "~", 1)                         = 1
read(4, "v", 1)                         = 1
read(4, "1", 1)                         = 1
read(4, "1", 1)                         = 1
read(4, ".", 1)                         = 1
read(4, "s", 1)                         = 1
read(4, "l", 1)                         = 1
read(4, "a", 1)                         = 1
read(4, "~", 1)                         = 1
read(4, "1", 1)                         = 1
read(4, "7", 1)                         = 1
read(4, "6", 1)                         = 1
read(4, "4", 1)                         = 1
read(4, "8", 1)                         = 1
read(4, "0", 1)                         = 1
read(4, "8", 1)                         = 1
read(4, "4", 1)                         = 1
read(4, "3", 1)                         = 1
read(4, "9", 1)                         = 1
read(4, "9", 1)                         = 1
read(4, "6", 1)                         = 1
read(4, "5", 1)                         = 1
read(4, "~", 1)                         = 1
read(4, "l", 1)                         = 1
read(4, "c", 1)                         = 1
read(4, "w", 1)                         = 1
read(4, "~", 1)                         = 1
read(4, "1", 1)                         = 1
read(4, "7", 1)                         = 1
read(4, "6", 1)                         = 1
read(4, "4", 1)                         = 1
read(4, "8", 1)                         = 1
read(4, "0", 1)                         = 1
read(4, "8", 1)                         = 1
read(4, "4", 1)                         = 1
read(4, "3", 1)                         = 1
read(4, "9", 1)                         = 1
read(4, "9", 1)                         = 1
read(4, "6", 1)                         = 1
read(4, "7", 1)                         = 1
read(4, ";", 1)                         = 1
read(4, " ", 1)                         = 1
read(4, "_", 1)                         = 1
read(4, "g", 1)                         = 1
read(4, "a", 1)                         = 1
read(4, "_", 1)                         = 1
read(4, "9", 1)                         = 1
read(4, "5", 1)                         = 1
read(4, "1", 1)                         = 1
read(4, "K", 1)                         = 1
read(4, "W", 1)                         = 1
read(4, "4", 1)                         = 1
read(4, "6", 1)                         = 1
read(4, "Z", 1)                         = 1
read(4, "Y", 1)                         = 1
read(4, "X", 1)                         = 1
read(4, "=", 1)                         = 1
read(4, "G", 1)                         = 1
read(4, "S", 1)                         = 1
read(4, "2", 1)                         = 1
read(4, ".", 1)                         = 1
read(4, "1", 1)                         = 1
read(4, ".", 1)                         = 1
read(4, "s", 1)                         = 1
read(4, "1", 1)                         = 1
read(4, "7", 1)                         = 1
read(4, "6", 1)                         = 1
read(4, "4", 1)                         = 1
read(4, "8", 1)                         = 1
read(4, "7", 1)                         = 1
read(4, "3", 1)                         = 1
read(4, "9", 1)                         = 1
read(4, "2", 1)                         = 1
read(4, "8", 1)                         = 1
read(4, "$", 1)                         = 1
read(4, "o", 1)                         = 1
read(4, "1", 1)                         = 1
read(4, "$", 1)                         = 1
read(4, "g", 1)                         = 1
read(4, "1", 1)                         = 1
read(4, "$", 1)                         = 1
read(4, "t", 1)                         = 1
read(4, "1", 1)                         = 1
read(4, "7", 1)                         = 1
read(4, "6", 1)                         = 1
read(4, "4", 1)                         = 1
read(4, "8", 1)                         = 1
read(4, "7", 1)                         = 1
read(4, "3", 1)                         = 1
read(4, "9", 1)                         = 1
read(4, "9", 1)                         = 1
read(4, "7", 1)                         = 1
read(4, "$", 1)                         = 1
read(4, "j", 1)                         = 1
read(4, "6", 1)                         = 1
read(4, "0", 1)                         = 1
read(4, "$", 1)                         = 1
read(4, "l", 1)                         = 1
read(4, "0", 1)                         = 1
read(4, "$", 1)                         = 1
read(4, "h", 1)                         = 1
read(4, "0", 1)                         = 1
read(4, ";", 1)                         = 1
read(4, " ", 1)                         = 1
read(4, "_", 1)                         = 1
read(4, "g", 1)                         = 1
read(4, "a", 1)                         = 1
read(4, "_", 1)                         = 1
read(4, "P", 1)                         = 1
read(4, "M", 1)                         = 1
read(4, "P", 1)                         = 1
read(4, "6", 1)                         = 1
read(4, "D", 1)                         = 1
read(4, "Z", 1)                         = 1
read(4, "H", 1)                         = 1
read(4, "D", 1)                         = 1
read(4, "P", 1)                         = 1
read(4, "B", 1)                         = 1
read(4, "=", 1)                         = 1
read(4, "G", 1)                         = 1
read(4, "S", 1)                         = 1
read(4, "2", 1)                         = 1
read(4, ".", 1)                         = 1
read(4, "2", 1)                         = 1
read(4, ".", 1)                         = 1
read(4, "s", 1)                         = 1
read(4, "1", 1)                         = 1
read(4, "7", 1)                         = 1
read(4, "6", 1)                         = 1
read(4, "4", 1)                         = 1
read(4, "9", 1)                         = 1
read(4, "0", 1)                         = 1
read(4, "9", 1)                         = 1
read(4, "9", 1)                         = 1
read(4, "9", 1)                         = 1
read(4, "7", 1)                         = 1
read(4, "$", 1)                         = 1
read(4, "o", 1)                         = 1
read(4, "1", 1)                         = 1
read(4, "$", 1)                         = 1
read(4, "g", 1)                         = 1
read(4, "0", 1)                         = 1
read(4, "$", 1)                         = 1
read(4, "t", 1)                         = 1
read(4, "1", 1)                         = 1
read(4, "7", 1)                         = 1
read(4, "6", 1)                         = 1
read(4, "4", 1)                         = 1
read(4, "9", 1)                         = 1
read(4, "0", 1)                         = 1
read(4, "9", 1)                         = 1
read(4, "9", 1)                         = 1
read(4, "9", 1)                         = 1
read(4, "7", 1)                         = 1
read(4, "$", 1)                         = 1
read(4, "j", 1)                         = 1
read(4, "6", 1)                         = 1
read(4, "0", 1)                         = 1
read(4, "$", 1)                         = 1
read(4, "l", 1)                         = 1
read(4, "0", 1)                         = 1
read(4, "$", 1)                         = 1
read(4, "h", 1)                         = 1
read(4, "0", 1)                         = 1
read(4, ";", 1)                         = 1
read(4, " ", 1)                         = 1
read(4, "_", 1)                         = 1
read(4, "g", 1)                         = 1
read(4, "a", 1)                         = 1
read(4, "_", 1)                         = 1
read(4, "D", 1)                         = 1
read(4, "3", 1)                         = 1
read(4, "0", 1)                         = 1
read(4, "N", 1)                         = 1
read(4, "T", 1)                         = 1
read(4, "0", 1)                         = 1
read(4, "S", 1)                         = 1
read(4, "G", 1)                         = 1
read(4, "5", 1)                         = 1
read(4, "H", 1)                         = 1
read(4, "=", 1)                         = 1
read(4, "G", 1)                         = 1
read(4, "S", 1)                         = 1
read(4, "2", 1)                         = 1
read(4, ".", 1)                         = 1
read(4, "1", 1)                         = 1
read(4, ".", 1)                         = 1
read(4, "s", 1)                         = 1
read(4, "1", 1)                         = 1
read(4, "7", 1)                         = 1
read(4, "6", 1)                         = 1
read(4, "4", 1)                         = 1
read(4, "9", 1)                         = 1
read(4, "0", 1)                         = 1
read(4, "9", 1)                         = 1
read(4, "9", 1)                         = 1
read(4, "9", 1)                         = 1
read(4, "4", 1)                         = 1
read(4, "$", 1)                         = 1
read(4, "o", 1)                         = 1
read(4, "1", 1)                         = 1
read(4, "$", 1)                         = 1
read(4, "g", 1)                         = 1
read(4, "0", 1)                         = 1
read(4, "$", 1)                         = 1
read(4, "t", 1)                         = 1
read(4, "1", 1)                         = 1
read(4, "7", 1)                         = 1
read(4, "6", 1)                         = 1
read(4, "4", 1)                         = 1
read(4, "9", 1)                         = 1
read(4, "1", 1)                         = 1
read(4, "0", 1)                         = 1
read(4, "6", 1)                         = 1
read(4, "8", 1)                         = 1
read(4, "1", 1)                         = 1
read(4, "$", 1)                         = 1
read(4, "j", 1)                         = 1
read(4, "6", 1)                         = 1
read(4, "0", 1)                         = 1
read(4, "$", 1)                         = 1
read(4, "l", 1)                         = 1
read(4, "0", 1)                         = 1
read(4, "$", 1)                         = 1
read(4, "h", 1)                         = 1
read(4, "0", 1)                         = 1
read(4, ";", 1)                         = 1
read(4, " ", 1)                         = 1
read(4, "_", 1)                         = 1
read(4, "g", 1)                         = 1
read(4, "a", 1)                         = 1
read(4, "_", 1)                         = 1
read(4, "B", 1)                         = 1
read(4, "2", 1)                         = 1
read(4, "6", 1)                         = 1
read(4, "W", 1)                         = 1
read(4, "B", 1)                         = 1
read(4, "B", 1)                         = 1
read(4, "Q", 1)                         = 1
read(4, "2", 1)                         = 1
read(4, "7", 1)                         = 1
read(4, "X", 1)                         = 1
read(4, "=", 1)                         = 1
read(4, "G", 1)                         = 1
read(4, "S", 1)                         = 1
read(4, "2", 1)                         = 1
read(4, ".", 1)                         = 1
read(4, "1", 1)                         = 1
read(4, ".", 1)                         = 1
read(4, "s", 1)                         = 1
read(4, "1", 1)                         = 1
read(4, "7", 1)                         = 1
read(4, "6", 1)                         = 1
read(4, "4", 1)                         = 1
read(4, "9", 1)                         = 1
read(4, "0", 1)                         = 1
read(4, "9", 1)                         = 1
read(4, "9", 1)                         = 1
read(4, "9", 1)                         = 1
read(4, "4", 1)                         = 1
read(4, "$", 1)                         = 1
read(4, "o", 1)                         = 1
read(4, "2", 1)                         = 1
read(4, "$", 1)                         = 1
read(4, "g", 1)                         = 1
read(4, "0", 1)                         = 1
read(4, "$", 1)                         = 1
read(4, "t", 1)                         = 1
read(4, "1", 1)                         = 1
read(4, "7", 1)                         = 1
read(4, "6", 1)                         = 1
read(4, "4", 1)                         = 1
read(4, "9", 1)                         = 1
read(4, "1", 1)                         = 1
read(4, "0", 1)                         = 1
read(4, "6", 1)                         = 1
read(4, "8", 1)                         = 1
read(4, "1", 1)                         = 1
read(4, "$", 1)                         = 1
read(4, "j", 1)                         = 1
read(4, "6", 1)                         = 1
read(4, "0", 1)                         = 1
read(4, "$", 1)                         = 1
read(4, "l", 1)                         = 1
read(4, "0", 1)                         = 1
read(4, "$", 1)                         = 1
read(4, "h", 1)                         = 1
read(4, "0", 1)                         = 1
read(4, ";", 1)                         = 1
read(4, " ", 1)                         = 1
read(4, "_", 1)                         = 1
read(4, "g", 1)                         = 1
read(4, "i", 1)                         = 1
read(4, "d", 1)                         = 1
read(4, "=", 1)                         = 1
read(4, "G", 1)                         = 1
read(4, "A", 1)                         = 1
read(4, "1", 1)                         = 1
read(4, ".", 1)                         = 1
read(4, "2", 1)                         = 1
read(4, ".", 1)                         = 1
read(4, "1", 1)                         = 1
read(4, "8", 1)                         = 1
read(4, "4", 1)                         = 1
read(4, "6", 1)                         = 1
read(4, "8", 1)                         = 1
read(4, "8", 1)                         = 1
read(4, "0", 1)                         = 1
read(4, "9", 1)                         = 1
read(4, "9", 1)                         = 1
read(4, ".", 1)                         = 1
read(4, "1", 1)                         = 1
read(4, "7", 1)                         = 1
read(4, "6", 1)                         = 1
read(4, "5", 1)                         = 1
read(4, "1", 1)                         = 1
read(4, "6", 1)                         = 1
read(4, "7", 1)                         = 1
read(4, "2", 1)                         = 1
read(4, "2", 1)                         = 1
read(4, "1", 1)                         = 1
read(4, ";", 1)                         = 1
read(4, " ", 1)                         = 1
read(4, "_", 1)                         = 1
read(4, "g", 1)                         = 1
read(4, "a", 1)                         = 1
read(4, "_", 1)                         = 1
read(4, "D", 1)                         = 1
read(4, "Y", 1)                         = 1
read(4, "3", 1)                         = 1
read(4, "R", 1)                         = 1
read(4, "B", 1)                         = 1
read(4, "5", 1)                         = 1
read(4, "X", 1)                         = 1
read(4, "J", 1)                         = 1
read(4, "5", 1)                         = 1
read(4, "Q", 1)                         = 1
read(4, "=", 1)                         = 1
read(4, "G", 1)                         = 1
read(4, "S", 1)                         = 1
read(4, "2", 1)                         = 1
read(4, ".", 1)                         = 1
read(4, "1", 1)                         = 1
read(4, ".", 1)                         = 1
read(4, "s", 1)                         = 1
read(4, "1", 1)                         = 1
read(4, "7", 1)                         = 1
read(4, "6", 1)                         = 1
read(4, "5", 1)                         = 1
read(4, "1", 1)                         = 1
read(4, "6", 1)                         = 1
read(4, "7", 1)                         = 1
read(4, "2", 1)                         = 1
read(4, "2", 1)                         = 1
read(4, "1", 1)                         = 1
read(4, "$", 1)                         = 1
read(4, "o", 1)                         = 1
read(4, "2", 1)                         = 1
read(4, "$", 1)                         = 1
read(4, "g", 1)                         = 1
read(4, "1", 1)                         = 1
read(4, "$", 1)                         = 1
read(4, "t", 1)                         = 1
read(4, "1", 1)                         = 1
read(4, "7", 1)                         = 1
read(4, "6", 1)                         = 1
read(4, "5", 1)                         = 1
read(4, "1", 1)                         = 1
read(4, "6", 1)                         = 1
read(4, "7", 1)                         = 1
read(4, "4", 1)                         = 1
read(4, "5", 1)                         = 1
read(4, "7", 1)                         = 1
read(4, "$", 1)                         = 1
read(4, "j", 1)                         = 1
read(4, "6", 1)                         = 1
read(4, "0", 1)                         = 1
read(4, "$", 1)                         = 1
read(4, "l", 1)                         = 1
read(4, "0", 1)                         = 1
read(4, "$", 1)                         = 1
read(4, "h", 1)                         = 1
read(4, "0", 1)                         = 1
read(4, ";", 1)                         = 1
read(4, " ", 1)                         = 1
read(4, "_", 1)                         = 1
read(4, "g", 1)                         = 1
read(4, "a", 1)                         = 1
read(4, "_", 1)                         = 1
read(4, "X", 1)                         = 1
read(4, "P", 1)                         = 1
read(4, "M", 1)                         = 1
read(4, "T", 1)                         = 1
read(4, "6", 1)                         = 1
read(4, "7", 1)                         = 1
read(4, "W", 1)                         = 1
read(4, "T", 1)                         = 1
read(4, "8", 1)                         = 1
read(4, "4", 1)                         = 1
read(4, "=", 1)                         = 1
read(4, "G", 1)                         = 1
read(4, "S", 1)                         = 1
read(4, "2", 1)                         = 1
read(4, ".", 1)                         = 1
read(4, "1", 1)                         = 1
read(4, ".", 1)                         = 1
read(4, "s", 1)                         = 1
read(4, "1", 1)                         = 1
read(4, "7", 1)                         = 1
read(4, "6", 1)                         = 1
read(4, "5", 1)                         = 1
read(4, "1", 1)                         = 1
read(4, "6", 1)                         = 1
read(4, "7", 1)                         = 1
read(4, "2", 1)                         = 1
read(4, "2", 1)                         = 1
read(4, "1", 1)                         = 1
read(4, "$", 1)                         = 1
read(4, "o", 1)                         = 1
read(4, "5", 1)                         = 1
read(4, "$", 1)                         = 1
read(4, "g", 1)                         = 1
read(4, "1", 1)                         = 1
read(4, "$", 1)                         = 1
read(4, "t", 1)                         = 1
read(4, "1", 1)                         = 1
read(4, "7", 1)                         = 1
read(4, "6", 1)                         = 1
read(4, "5", 1)                         = 1
read(4, "1", 1)                         = 1
read(4, "6", 1)                         = 1
read(4, "7", 1)                         = 1
read(4, "4", 1)                         = 1
read(4, "5", 1)                         = 1
read(4, "7", 1)                         = 1
read(4, "$", 1)                         = 1
read(4, "j", 1)                         = 1
read(4, "6", 1)                         = 1
read(4, "0", 1)                         = 1
read(4, "$", 1)                         = 1
read(4, "l", 1)                         = 1
read(4, "0", 1)                         = 1
read(4, "$", 1)                         = 1
read(4, "h", 1)                         = 1
read(4, "0", 1)                         = 1
read(4, ";", 1)                         = 1
read(4, " ", 1)                         = 1
read(4, "_", 1)                         = 1
read(4, "g", 1)                         = 1
read(4, "a", 1)                         = 1
read(4, "=", 1)                         = 1
read(4, "G", 1)                         = 1
read(4, "A", 1)                         = 1
read(4, "1", 1)                         = 1
read(4, ".", 1)                         = 1
read(4, "1", 1)                         = 1
read(4, ".", 1)                         = 1
read(4, "7", 1)                         = 1
read(4, "6", 1)                         = 1
read(4, "7", 1)                         = 1
read(4, "4", 1)                         = 1
read(4, "0", 1)                         = 1
read(4, "8", 1)                         = 1
read(4, "3", 1)                         = 1
read(4, "3", 1)                         = 1
read(4, "3", 1)                         = 1
read(4, ".", 1)                         = 1
read(4, "1", 1)                         = 1
read(4, "7", 1)                         = 1
read(4, "6", 1)                         = 1
read(4, "5", 1)                         = 1
read(4, "0", 1)                         = 1
read(4, "6", 1)                         = 1
read(4, "2", 1)                         = 1
read(4, "6", 1)                         = 1
read(4, "7", 1)                         = 1
read(4, "0", 1)                         = 1
read(4, ";", 1)                         = 1
read(4, " ", 1)                         = 1
read(4, "_", 1)                         = 1
read(4, "g", 1)                         = 1
read(4, "a", 1)                         = 1
read(4, "_", 1)                         = 1
read(4, "6", 1)                         = 1
read(4, "S", 1)                         = 1
read(4, "H", 1)                         = 1
read(4, "Q", 1)                         = 1
read(4, "B", 1)                         = 1
read(4, "W", 1)                         = 1
read(4, "Q", 1)                         = 1
read(4, "2", 1)                         = 1
read(4, "J", 1)                         = 1
read(4, "2", 1)                         = 1
read(4, "=", 1)                         = 1
read(4, "G", 1)                         = 1
read(4, "S", 1)                         = 1
read(4, "2", 1)                         = 1
read(4, ".", 1)                         = 1
read(4, "2", 1)                         = 1
read(4, ".", 1)                         = 1
read(4, "s", 1)                         = 1
read(4, "1", 1)                         = 1
read(4, "7", 1)                         = 1
read(4, "6", 1)                         = 1
read(4, "5", 1)                         = 1
read(4, "1", 1)                         = 1
read(4, "6", 1)                         = 1
read(4, "7", 1)                         = 1
read(4, "2", 1)                         = 1
read(4, "2", 1)                         = 1
read(4, "1", 1)                         = 1
read(4, "$", 1)                         = 1
read(4, "o", 1)                         = 1
read(4, "5", 1)                         = 1
read(4, "$", 1)                         = 1
read(4, "g", 1)                         = 1
read(4, "1", 1)                         = 1
read(4, "$", 1)                         = 1
read(4, "t", 1)                         = 1
read(4, "1", 1)                         = 1
read(4, "7", 1)                         = 1
read(4, "6", 1)                         = 1
read(4, "5", 1)                         = 1
read(4, "1", 1)                         = 1
read(4, "6", 1)                         = 1
read(4, "7", 1)                         = 1
read(4, "4", 1)                         = 1
read(4, "5", 1)                         = 1
read(4, "7", 1)                         = 1
read(4, "$", 1)                         = 1
read(4, "j", 1)                         = 1
read(4, "6", 1)                         = 1
read(4, "0", 1)                         = 1
read(4, "$", 1)                         = 1
read(4, "l", 1)                         = 1
read(4, "0", 1)                         = 1
read(4, "$", 1)                         = 1
read(4, "h", 1)                         = 1
read(4, "0", 1)                         = 1
read(4, ";", 1)                         = 1
read(4, " ", 1)                         = 1
read(4, "_", 1)                         = 1
read(4, "g", 1)                         = 1
read(4, "a", 1)                         = 1
read(4, "_", 1)                         = 1
read(4, "C", 1)                         = 1
read(4, "S", 1)                         = 1
read(4, "L", 1)                         = 1
read(4, "9", 1)                         = 1
read(4, "0", 1)                         = 1
read(4, "E", 1)                         = 1
read(4, "N", 1)                         = 1
read(4, "V", 1)                         = 1
read(4, "J", 1)                         = 1
read(4, "5", 1)                         = 1
read(4, "=", 1)                         = 1
read(4, "G", 1)                         = 1
read(4, "S", 1)                         = 1
read(4, "2", 1)                         = 1
read(4, ".", 1)                         = 1
read(4, "2", 1)                         = 1
read(4, ".", 1)                         = 1
read(4, "s", 1)                         = 1
read(4, "1", 1)                         = 1
read(4, "7", 1)                         = 1
read(4, "6", 1)                         = 1
read(4, "5", 1)                         = 1
read(4, "1", 1)                         = 1
read(4, "6", 1)                         = 1
read(4, "7", 1)                         = 1
read(4, "2", 1)                         = 1
read(4, "2", 1)                         = 1
read(4, "1", 1)                         = 1
read(4, "$", 1)                         = 1
read(4, "o", 1)                         = 1
read(4, "5", 1)                         = 1
read(4, "$", 1)                         = 1
read(4, "g", 1)                         = 1
read(4, "1", 1)                         = 1
read(4, "$", 1)                         = 1
read(4, "t", 1)                         = 1
read(4, "1", 1)                         = 1
read(4, "7", 1)                         = 1
read(4, "6", 1)                         = 1
read(4, "5", 1)                         = 1
read(4, "1", 1)                         = 1
read(4, "6", 1)                         = 1
read(4, "7", 1)                         = 1
read(4, "4", 1)                         = 1
read(4, "5", 1)                         = 1
read(4, "7", 1)                         = 1
read(4, "$", 1)                         = 1
read(4, "j", 1)                         = 1
read(4, "6", 1)                         = 1
read(4, "0", 1)                         = 1
read(4, "$", 1)                         = 1
read(4, "l", 1)                         = 1
read(4, "0", 1)                         = 1
read(4, "$", 1)                         = 1
read(4, "h", 1)                         = 1
read(4, "0", 1)                         = 1
read(4, ";", 1)                         = 1
read(4, " ", 1)                         = 1
read(4, "_", 1)                         = 1
read(4, "g", 1)                         = 1
read(4, "a", 1)                         = 1
read(4, "_", 1)                         = 1
read(4, "N", 1)                         = 1
read(4, "6", 1)                         = 1
read(4, "1", 1)                         = 1
read(4, "R", 1)                         = 1
read(4, "R", 1)                         = 1
read(4, "1", 1)                         = 1
read(4, "E", 1)                         = 1
read(4, "H", 1)                         = 1
read(4, "3", 1)                         = 1
read(4, "V", 1)                         = 1
read(4, "=", 1)                         = 1
read(4, "G", 1)                         = 1
read(4, "S", 1)                         = 1
read(4, "2", 1)                         = 1
read(4, ".", 1)                         = 1
read(4, "2", 1)                         = 1
read(4, ".", 1)                         = 1
read(4, "s", 1)                         = 1
read(4, "1", 1)                         = 1
read(4, "7", 1)                         = 1
read(4, "6", 1)                         = 1
read(4, "5", 1)                         = 1
read(4, "1", 1)                         = 1
read(4, "6", 1)                         = 1
read(4, "7", 1)                         = 1
read(4, "2", 1)                         = 1
read(4, "2", 1)                         = 1
read(4, "1", 1)                         = 1
read(4, "$", 1)                         = 1
read(4, "o", 1)                         = 1
read(4, "5", 1)                         = 1
read(4, "$", 1)                         = 1
read(4, "g", 1)                         = 1
read(4, "1", 1)                         = 1
read(4, "$", 1)                         = 1
read(4, "t", 1)                         = 1
read(4, "1", 1)                         = 1
read(4, "7", 1)                         = 1
read(4, "6", 1)                         = 1
read(4, "5", 1)                         = 1
read(4, "1", 1)                         = 1
read(4, "6", 1)                         = 1
read(4, "7", 1)                         = 1
read(4, "4", 1)                         = 1
read(4, "5", 1)                         = 1
read(4, "7", 1)                         = 1
read(4, "$", 1)                         = 1
read(4, "j", 1)                         = 1
read(4, "6", 1)                         = 1
read(4, "0", 1)                         = 1
read(4, "$", 1)                         = 1
read(4, "l", 1)                         = 1
read(4, "0", 1)                         = 1
read(4, "$", 1)                         = 1
read(4, "h", 1)                         = 1
read(4, "0", 1)                         = 1
read(4, "\r", 1)                        = 1
read(4, "\n", 1)                        = 1
read(4, "\r", 1)                        = 1
read(4, "\n", 1)                        = 1
openat(AT_FDCWD, "http-root-dir/server.log", O_WRONLY|O_CREAT|O_APPEND, 0666) = 5
lseek(5, 0, SEEK_END)                   = 38781
openat(AT_FDCWD, "/etc/localtime", O_RDONLY|O_CLOEXEC) = 6
newfstatat(6, "", {st_mode=S_IFREG|0644, st_size=1682, ...}, AT_EMPTY_PATH) = 0
newfstatat(6, "", {st_mode=S_IFREG|0644, st_size=1682, ...}, AT_EMPTY_PATH) = 0
read(6, "TZif2\0\0\0\0\0\0\0\0\0\0\0\0\0\0\0\0\0\0\10\0\0\0\10\0\0\0\0"..., 4096) = 1682
lseek(6, -1051, SEEK_CUR)               = 631
read(6, "TZif2\0\0\0\0\0\0\0\0\0\0\0\0\0\0\0\0\0\0\10\0\0\0\10\0\0\0\0"..., 4096) = 1051
close(6)                                = 0
newfstatat(5, "", {st_mode=S_IFREG|0640, st_size=38781, ...}, AT_EMPTY_PATH) = 0
write(5, "2025-12-08 01:02:11 | 100.69.114"..., 41) = 41
close(5)                                = 0
newfstatat(AT_FDCWD, "http-root-dir/htdocs/index.html", {st_mode=S_IFREG|0750, st_size=801, ...}, 0) = 0
openat(AT_FDCWD, "http-root-dir/htdocs/index.html", O_RDONLY) = 5
newfstatat(5, "", {st_mode=S_IFREG|0750, st_size=801, ...}, AT_EMPTY_PATH) = 0
read(5, "<!DOCTYPE HTML PUBLIC \"-//IETF//"..., 801) = 801
write(4, "HTTP/1.1 200 Document follows\r\nS"..., 124) = 124
write(4, "<!DOCTYPE HTML PUBLIC \"-//IETF//"..., 801) = 801
close(5)                                = 0
getpeername(4, {sa_family=AF_INET, sin_port=htons(55218), sin_addr=inet_addr("100.69.114.175")}, [16]) = 0
read(4, "G", 1)                         = 1
read(4, "E", 1)                         = 1
read(4, "T", 1)                         = 1
read(4, " ", 1)                         = 1
read(4, "/", 1)                         = 1
read(4, "f", 1)                         = 1
read(4, "a", 1)                         = 1
read(4, "v", 1)                         = 1
read(4, "i", 1)                         = 1
read(4, "c", 1)                         = 1
read(4, "o", 1)                         = 1
read(4, "n", 1)                         = 1
read(4, ".", 1)                         = 1
read(4, "i", 1)                         = 1
read(4, "c", 1)                         = 1
read(4, "o", 1)                         = 1
read(4, " ", 1)                         = 1
read(4, "H", 1)                         = 1
read(4, "T", 1)                         = 1
read(4, "T", 1)                         = 1
read(4, "P", 1)                         = 1
read(4, "/", 1)                         = 1
read(4, "1", 1)                         = 1
read(4, ".", 1)                         = 1
read(4, "1", 1)                         = 1
read(4, "\r", 1)                        = 1
read(4, "\n", 1)                        = 1
read(4, "H", 1)                         = 1
read(4, "o", 1)                         = 1
read(4, "s", 1)                         = 1
read(4, "t", 1)                         = 1
read(4, ":", 1)                         = 1
read(4, " ", 1)                         = 1
read(4, "d", 1)                         = 1
read(4, "a", 1)                         = 1
read(4, "t", 1)                         = 1
read(4, "a", 1)                         = 1
read(4, ".", 1)                         = 1
read(4, "c", 1)                         = 1
read(4, "s", 1)                         = 1
read(4, ".", 1)                         = 1
read(4, "p", 1)                         = 1
read(4, "u", 1)                         = 1
read(4, "r", 1)                         = 1
read(4, "d", 1)                         = 1
read(4, "u", 1)                         = 1
read(4, "e", 1)                         = 1
read(4, ".", 1)                         = 1
read(4, "e", 1)                         = 1
read(4, "d", 1)                         = 1
read(4, "u", 1)                         = 1
read(4, ":", 1)                         = 1
read(4, "9", 1)                         = 1
read(4, "0", 1)                         = 1
read(4, "0", 1)                         = 1
read(4, "2", 1)                         = 1
read(4, "\r", 1)                        = 1
read(4, "\n", 1)                        = 1
read(4, "C", 1)                         = 1
read(4, "o", 1)                         = 1
read(4, "n", 1)                         = 1
read(4, "n", 1)                         = 1
read(4, "e", 1)                         = 1
read(4, "c", 1)                         = 1
read(4, "t", 1)                         = 1
read(4, "i", 1)                         = 1
read(4, "o", 1)                         = 1
read(4, "n", 1)                         = 1
read(4, ":", 1)                         = 1
read(4, " ", 1)                         = 1
read(4, "k", 1)                         = 1
read(4, "e", 1)                         = 1
read(4, "e", 1)                         = 1
read(4, "p", 1)                         = 1
read(4, "-", 1)                         = 1
read(4, "a", 1)                         = 1
read(4, "l", 1)                         = 1
read(4, "i", 1)                         = 1
read(4, "v", 1)                         = 1
read(4, "e", 1)                         = 1
read(4, "\r", 1)                        = 1
read(4, "\n", 1)                        = 1
read(4, "A", 1)                         = 1
read(4, "u", 1)                         = 1
read(4, "t", 1)                         = 1
read(4, "h", 1)                         = 1
read(4, "o", 1)                         = 1
read(4, "r", 1)                         = 1
read(4, "i", 1)                         = 1
read(4, "z", 1)                         = 1
read(4, "a", 1)                         = 1
read(4, "t", 1)                         = 1
read(4, "i", 1)                         = 1
read(4, "o", 1)                         = 1
read(4, "n", 1)                         = 1
read(4, ":", 1)                         = 1
read(4, " ", 1)                         = 1
read(4, "B", 1)                         = 1
read(4, "a", 1)                         = 1
read(4, "s", 1)                         = 1
read(4, "i", 1)                         = 1
read(4, "c", 1)                         = 1
read(4, " ", 1)                         = 1
read(4, "b", 1)                         = 1
read(4, "m", 1)                         = 1
read(4, "F", 1)                         = 1
read(4, "t", 1)                         = 1
read(4, "Y", 1)                         = 1
read(4, "W", 1)                         = 1
read(4, "I", 1)                         = 1
read(4, "6", 1)                         = 1
read(4, "a", 1)                         = 1
read(4, "2", 1)                         = 1
read(4, "F", 1)                         = 1
read(4, "u", 1)                         = 1
read(4, "c", 1)                         = 1
read(4, "2", 1)                         = 1
read(4, "F", 1)                         = 1
read(4, "s", 1)                         = 1
read(4, "M", 1)                         = 1
read(4, "g", 1)                         = 1
read(4, "=", 1)                         = 1
read(4, "=", 1)                         = 1
read(4, "\r", 1)                        = 1
read(4, "\n", 1)                        = 1
read(4, "U", 1)                         = 1
read(4, "s", 1)                         = 1
read(4, "e", 1)                         = 1
read(4, "r", 1)                         = 1
read(4, "-", 1)                         = 1
read(4, "A", 1)                         = 1
read(4, "g", 1)                         = 1
read(4, "e", 1)                         = 1
read(4, "n", 1)                         = 1
read(4, "t", 1)                         = 1
read(4, ":", 1)                         = 1
read(4, " ", 1)                         = 1
read(4, "M", 1)                         = 1
read(4, "o", 1)                         = 1
read(4, "z", 1)                         = 1
read(4, "i", 1)                         = 1
read(4, "l", 1)                         = 1
read(4, "l", 1)                         = 1
read(4, "a", 1)                         = 1
read(4, "/", 1)                         = 1
read(4, "5", 1)                         = 1
read(4, ".", 1)                         = 1
read(4, "0", 1)                         = 1
read(4, " ", 1)                         = 1
read(4, "(", 1)                         = 1
read(4, "M", 1)                         = 1
read(4, "a", 1)                         = 1
read(4, "c", 1)                         = 1
read(4, "i", 1)                         = 1
read(4, "n", 1)                         = 1
read(4, "t", 1)                         = 1
read(4, "o", 1)                         = 1
read(4, "s", 1)                         = 1
read(4, "h", 1)                         = 1
read(4, ";", 1)                         = 1
read(4, " ", 1)                         = 1
read(4, "I", 1)                         = 1
read(4, "n", 1)                         = 1
read(4, "t", 1)                         = 1
read(4, "e", 1)                         = 1
read(4, "l", 1)                         = 1
read(4, " ", 1)                         = 1
read(4, "M", 1)                         = 1
read(4, "a", 1)                         = 1
read(4, "c", 1)                         = 1
read(4, " ", 1)                         = 1
read(4, "O", 1)                         = 1
read(4, "S", 1)                         = 1
read(4, " ", 1)                         = 1
read(4, "X", 1)                         = 1
read(4, " ", 1)                         = 1
read(4, "1", 1)                         = 1
read(4, "0", 1)                         = 1
read(4, "_", 1)                         = 1
read(4, "1", 1)                         = 1
read(4, "5", 1)                         = 1
read(4, "_", 1)                         = 1
read(4, "7", 1)                         = 1
read(4, ")", 1)                         = 1
read(4, " ", 1)                         = 1
read(4, "A", 1)                         = 1
read(4, "p", 1)                         = 1
read(4, "p", 1)                         = 1
read(4, "l", 1)                         = 1
read(4, "e", 1)                         = 1
read(4, "W", 1)                         = 1
read(4, "e", 1)                         = 1
read(4, "b", 1)                         = 1
read(4, "K", 1)                         = 1
read(4, "i", 1)                         = 1
read(4, "t", 1)                         = 1
read(4, "/", 1)                         = 1
read(4, "5", 1)                         = 1
read(4, "3", 1)                         = 1
read(4, "7", 1)                         = 1
read(4, ".", 1)                         = 1
read(4, "3", 1)                         = 1
read(4, "6", 1)                         = 1
read(4, " ", 1)                         = 1
read(4, "(", 1)                         = 1
read(4, "K", 1)                         = 1
read(4, "H", 1)                         = 1
read(4, "T", 1)                         = 1
read(4, "M", 1)                         = 1
read(4, "L", 1)                         = 1
read(4, ",", 1)                         = 1
read(4, " ", 1)                         = 1
read(4, "l", 1)                         = 1
read(4, "i", 1)                         = 1
read(4, "k", 1)                         = 1
read(4, "e", 1)                         = 1
read(4, " ", 1)                         = 1
read(4, "G", 1)                         = 1
read(4, "e", 1)                         = 1
read(4, "c", 1)                         = 1
read(4, "k", 1)                         = 1
read(4, "o", 1)                         = 1
read(4, ")", 1)                         = 1
read(4, " ", 1)                         = 1
read(4, "C", 1)                         = 1
read(4, "h", 1)                         = 1
read(4, "r", 1)                         = 1
read(4, "o", 1)                         = 1
read(4, "m", 1)                         = 1
read(4, "e", 1)                         = 1
read(4, "/", 1)                         = 1
read(4, "1", 1)                         = 1
read(4, "4", 1)                         = 1
read(4, "2", 1)                         = 1
read(4, ".", 1)                         = 1
read(4, "0", 1)                         = 1
read(4, ".", 1)                         = 1
read(4, "0", 1)                         = 1
read(4, ".", 1)                         = 1
read(4, "0", 1)                         = 1
read(4, " ", 1)                         = 1
read(4, "S", 1)                         = 1
read(4, "a", 1)                         = 1
read(4, "f", 1)                         = 1
read(4, "a", 1)                         = 1
read(4, "r", 1)                         = 1
read(4, "i", 1)                         = 1
read(4, "/", 1)                         = 1
read(4, "5", 1)                         = 1
read(4, "3", 1)                         = 1
read(4, "7", 1)                         = 1
read(4, ".", 1)                         = 1
read(4, "3", 1)                         = 1
read(4, "6", 1)                         = 1
read(4, "\r", 1)                        = 1
read(4, "\n", 1)                        = 1
read(4, "A", 1)                         = 1
read(4, "c", 1)                         = 1
read(4, "c", 1)                         = 1
read(4, "e", 1)                         = 1
read(4, "p", 1)                         = 1
read(4, "t", 1)                         = 1
read(4, ":", 1)                         = 1
read(4, " ", 1)                         = 1
read(4, "i", 1)                         = 1
read(4, "m", 1)                         = 1
read(4, "a", 1)                         = 1
read(4, "g", 1)                         = 1
read(4, "e", 1)                         = 1
read(4, "/", 1)                         = 1
read(4, "a", 1)                         = 1
read(4, "v", 1)                         = 1
read(4, "i", 1)                         = 1
read(4, "f", 1)                         = 1
read(4, ",", 1)                         = 1
read(4, "i", 1)                         = 1
read(4, "m", 1)                         = 1
read(4, "a", 1)                         = 1
read(4, "g", 1)                         = 1
read(4, "e", 1)                         = 1
read(4, "/", 1)                         = 1
read(4, "w", 1)                         = 1
read(4, "e", 1)                         = 1
read(4, "b", 1)                         = 1
read(4, "p", 1)                         = 1
read(4, ",", 1)                         = 1
read(4, "i", 1)                         = 1
read(4, "m", 1)                         = 1
read(4, "a", 1)                         = 1
read(4, "g", 1)                         = 1
read(4, "e", 1)                         = 1
read(4, "/", 1)                         = 1
read(4, "a", 1)                         = 1
read(4, "p", 1)                         = 1
read(4, "n", 1)                         = 1
read(4, "g", 1)                         = 1
read(4, ",", 1)                         = 1
read(4, "i", 1)                         = 1
read(4, "m", 1)                         = 1
read(4, "a", 1)                         = 1
read(4, "g", 1)                         = 1
read(4, "e", 1)                         = 1
read(4, "/", 1)                         = 1
read(4, "s", 1)                         = 1
read(4, "v", 1)                         = 1
read(4, "g", 1)                         = 1
read(4, "+", 1)                         = 1
read(4, "x", 1)                         = 1
read(4, "m", 1)                         = 1
read(4, "l", 1)                         = 1
read(4, ",", 1)                         = 1
read(4, "i", 1)                         = 1
read(4, "m", 1)                         = 1
read(4, "a", 1)                         = 1
read(4, "g", 1)                         = 1
read(4, "e", 1)                         = 1
read(4, "/", 1)                         = 1
read(4, "*", 1)                         = 1
read(4, ",", 1)                         = 1
read(4, "*", 1)                         = 1
read(4, "/", 1)                         = 1
read(4, "*", 1)                         = 1
read(4, ";", 1)                         = 1
read(4, "q", 1)                         = 1
read(4, "=", 1)                         = 1
read(4, "0", 1)                         = 1
read(4, ".", 1)                         = 1
read(4, "8", 1)                         = 1
read(4, "\r", 1)                        = 1
read(4, "\n", 1)                        = 1
read(4, "R", 1)                         = 1
read(4, "e", 1)                         = 1
read(4, "f", 1)                         = 1
read(4, "e", 1)                         = 1
read(4, "r", 1)                         = 1
read(4, "e", 1)                         = 1
read(4, "r", 1)                         = 1
read(4, ":", 1)                         = 1
read(4, " ", 1)                         = 1
read(4, "h", 1)                         = 1
read(4, "t", 1)                         = 1
read(4, "t", 1)                         = 1
read(4, "p", 1)                         = 1
read(4, ":", 1)                         = 1
read(4, "/", 1)                         = 1
read(4, "/", 1)                         = 1
read(4, "d", 1)                         = 1
read(4, "a", 1)                         = 1
read(4, "t", 1)                         = 1
read(4, "a", 1)                         = 1
read(4, ".", 1)                         = 1
read(4, "c", 1)                         = 1
read(4, "s", 1)                         = 1
read(4, ".", 1)                         = 1
read(4, "p", 1)                         = 1
read(4, "u", 1)                         = 1
read(4, "r", 1)                         = 1
read(4, "d", 1)                         = 1
read(4, "u", 1)                         = 1
read(4, "e", 1)                         = 1
read(4, ".", 1)                         = 1
read(4, "e", 1)                         = 1
read(4, "d", 1)                         = 1
read(4, "u", 1)                         = 1
read(4, ":", 1)                         = 1
read(4, "9", 1)                         = 1
read(4, "0", 1)                         = 1
read(4, "0", 1)                         = 1
read(4, "2", 1)                         = 1
read(4, "/", 1)                         = 1
read(4, "\r", 1)                        = 1
read(4, "\n", 1)                        = 1
read(4, "A", 1)                         = 1
read(4, "c", 1)                         = 1
read(4, "c", 1)                         = 1
read(4, "e", 1)                         = 1
read(4, "p", 1)                         = 1
read(4, "t", 1)                         = 1
read(4, "-", 1)                         = 1
read(4, "E", 1)                         = 1
read(4, "n", 1)                         = 1
read(4, "c", 1)                         = 1
read(4, "o", 1)                         = 1
read(4, "d", 1)                         = 1
read(4, "i", 1)                         = 1
read(4, "n", 1)                         = 1
read(4, "g", 1)                         = 1
read(4, ":", 1)                         = 1
read(4, " ", 1)                         = 1
read(4, "g", 1)                         = 1
read(4, "z", 1)                         = 1
read(4, "i", 1)                         = 1
read(4, "p", 1)                         = 1
read(4, ",", 1)                         = 1
read(4, " ", 1)                         = 1
read(4, "d", 1)                         = 1
read(4, "e", 1)                         = 1
read(4, "f", 1)                         = 1
read(4, "l", 1)                         = 1
read(4, "a", 1)                         = 1
read(4, "t", 1)                         = 1
read(4, "e", 1)                         = 1
read(4, "\r", 1)                        = 1
read(4, "\n", 1)                        = 1
read(4, "A", 1)                         = 1
read(4, "c", 1)                         = 1
read(4, "c", 1)                         = 1
read(4, "e", 1)                         = 1
read(4, "p", 1)                         = 1
read(4, "t", 1)                         = 1
read(4, "-", 1)                         = 1
read(4, "L", 1)                         = 1
read(4, "a", 1)                         = 1
read(4, "n", 1)                         = 1
read(4, "g", 1)                         = 1
read(4, "u", 1)                         = 1
read(4, "a", 1)                         = 1
read(4, "g", 1)                         = 1
read(4, "e", 1)                         = 1
read(4, ":", 1)                         = 1
read(4, " ", 1)                         = 1
read(4, "e", 1)                         = 1
read(4, "n", 1)                         = 1
read(4, "-", 1)                         = 1
read(4, "G", 1)                         = 1
read(4, "B", 1)                         = 1
read(4, ",", 1)                         = 1
read(4, "e", 1)                         = 1
read(4, "n", 1)                         = 1
read(4, "-", 1)                         = 1
read(4, "U", 1)                         = 1
read(4, "S", 1)                         = 1
read(4, ";", 1)                         = 1
read(4, "q", 1)                         = 1
read(4, "=", 1)                         = 1
read(4, "0", 1)                         = 1
read(4, ".", 1)                         = 1
read(4, "9", 1)                         = 1
read(4, ",", 1)                         = 1
read(4, "e", 1)                         = 1
read(4, "n", 1)                         = 1
read(4, ";", 1)                         = 1
read(4, "q", 1)                         = 1
read(4, "=", 1)                         = 1
read(4, "0", 1)                         = 1
read(4, ".", 1)                         = 1
read(4, "8", 1)                         = 1
read(4, ",", 1)                         = 1
read(4, "h", 1)                         = 1
read(4, "i", 1)                         = 1
read(4, ";", 1)                         = 1
read(4, "q", 1)                         = 1
read(4, "=", 1)                         = 1
read(4, "0", 1)                         = 1
read(4, ".", 1)                         = 1
read(4, "7", 1)                         = 1
read(4, "\r", 1)                        = 1
read(4, "\n", 1)                        = 1
read(4, "C", 1)                         = 1
read(4, "o", 1)                         = 1
read(4, "o", 1)                         = 1
read(4, "k", 1)                         = 1
read(4, "i", 1)                         = 1
read(4, "e", 1)                         = 1
read(4, ":", 1)                         = 1
read(4, " ", 1)                         = 1
read(4, "n", 1)                         = 1
read(4, "m", 1)                         = 1
read(4, "s", 1)                         = 1
read(4, "t", 1)                         = 1
read(4, "a", 1)                         = 1
read(4, "t", 1)                         = 1
read(4, "=", 1)                         = 1
read(4, "e", 1)                         = 1
read(4, "a", 1)                         = 1
read(4, "d", 1)                         = 1
read(4, "6", 1)                         = 1
read(4, "5", 1)                         = 1
read(4, "7", 1)                         = 1
read(4, "4", 1)                         = 1
read(4, "6", 1)                         = 1
read(4, "-", 1)                         = 1
read(4, "b", 1)                         = 1
read(4, "d", 1)                         = 1
read(4, "b", 1)                         = 1
read(4, "a", 1)                         = 1
read(4, "-", 1)                         = 1
read(4, "f", 1)                         = 1
read(4, "9", 1)                         = 1
read(4, "3", 1)                         = 1
read(4, "5", 1)                         = 1
read(4, "-", 1)                         = 1
read(4, "1", 1)                         = 1
read(4, "8", 1)                         = 1
read(4, "a", 1)                         = 1
read(4, "9", 1)                         = 1
read(4, "-", 1)                         = 1
read(4, "7", 1)                         = 1
read(4, "a", 1)                         = 1
read(4, "a", 1)                         = 1
read(4, "9", 1)                         = 1
read(4, "c", 1)                         = 1
read(4, "8", 1)                         = 1
read(4, "2", 1)                         = 1
read(4, "6", 1)                         = 1
read(4, "2", 1)                         = 1
read(4, "4", 1)                         = 1
read(4, "4", 1)                         = 1
read(4, "6", 1)                         = 1
read(4, ";", 1)                         = 1
read(4, " ", 1)                         = 1
read(4, "_", 1)                         = 1
read(4, "g", 1)                         = 1
read(4, "a", 1)                         = 1
read(4, "_", 1)                         = 1
read(4, "P", 1)                         = 1
read(4, "V", 1)                         = 1
read(4, "8", 1)                         = 1
read(4, "T", 1)                         = 1
read(4, "1", 1)                         = 1
read(4, "8", 1)                         = 1
read(4, "L", 1)                         = 1
read(4, "J", 1)                         = 1
read(4, "R", 1)                         = 1
read(4, "9", 1)                         = 1
read(4, "=", 1)                         = 1
read(4, "G", 1)                         = 1
read(4, "S", 1)                         = 1
read(4, "1", 1)                         = 1
read(4, ".", 1)                         = 1
read(4, "2", 1)                         = 1
read(4, ".", 1)                         = 1
read(4, "1", 1)                         = 1
read(4, "7", 1)                         = 1
read(4, "3", 1)                         = 1
read(4, "2", 1)                         = 1
read(4, "6", 1)                         = 1
read(4, "2", 1)                         = 1
read(4, "6", 1)                         = 1
read(4, "6", 1)                         = 1
read(4, "7", 1)                         = 1
read(4, "1", 1)                         = 1
read(4, ".", 1)                         = 1
read(4, "1", 1)                         = 1
read(4, ".", 1)                         = 1
read(4, "1", 1)                         = 1
read(4, ".", 1)                         = 1
read(4, "1", 1)                         = 1
read(4, "7", 1)                         = 1
read(4, "3", 1)                         = 1
read(4, "2", 1)                         = 1
read(4, "6", 1)                         = 1
read(4, "2", 1)                         = 1
read(4, "6", 1)                         = 1
read(4, "7", 1)                         = 1
read(4, "0", 1)                         = 1
read(4, "1", 1)                         = 1
read(4, ".", 1)                         = 1
read(4, "0", 1)                         = 1
read(4, ".", 1)                         = 1
read(4, "0", 1)                         = 1
read(4, ".", 1)                         = 1
read(4, "0", 1)                         = 1
read(4, ";", 1)                         = 1
read(4, " ", 1)                         = 1
read(4, "_", 1)                         = 1
read(4, "f", 1)                         = 1
read(4, "b", 1)                         = 1
read(4, "p", 1)                         = 1
read(4, "=", 1)                         = 1
read(4, "f", 1)                         = 1
read(4, "b", 1)                         = 1
read(4, ".", 1)                         = 1
read(4, "1", 1)                         = 1
read(4, ".", 1)                         = 1
read(4, "1", 1)                         = 1
read(4, "7", 1)                         = 1
read(4, "5", 1)                         = 1
read(4, "8", 1)                         = 1
read(4, "4", 1)                         = 1
read(4, "8", 1)                         = 1
read(4, "4", 1)                         = 1
read(4, "7", 1)                         = 1
read(4, "2", 1)                         = 1
read(4, "7", 1)                         = 1
read(4, "2", 1)                         = 1
read(4, "1", 1)                         = 1
read(4, "7", 1)                         = 1
read(4, ".", 1)                         = 1
read(4, "6", 1)                         = 1
read(4, "3", 1)                         = 1
read(4, "9", 1)                         = 1
read(4, "4", 1)                         = 1
read(4, "0", 1)                         = 1
read(4, "5", 1)                         = 1
read(4, "5", 1)                         = 1
read(4, "7", 1)                         = 1
read(4, "4", 1)                         = 1
read(4, "9", 1)                         = 1
read(4, "2", 1)                         = 1
read(4, "0", 1)                         = 1
read(4, "1", 1)                         = 1
read(4, "8", 1)                         = 1
read(4, "6", 1)                         = 1
read(4, "5", 1)                         = 1
read(4, "9", 1)                         = 1
read(4, "7", 1)                         = 1
read(4, ";", 1)                         = 1
read(4, " ", 1)                         = 1
read(4, "_", 1)                         = 1
read(4, "g", 1)                         = 1
read(4, "c", 1)                         = 1
read(4, "l", 1)                         = 1
read(4, "_", 1)                         = 1
read(4, "a", 1)                         = 1
read(4, "u", 1)                         = 1
read(4, "=", 1)                         = 1
read(4, "1", 1)                         = 1
read(4, ".", 1)                         = 1
read(4, "1", 1)                         = 1
read(4, ".", 1)                         = 1
read(4, "1", 1)                         = 1
read(4, "4", 1)                         = 1
read(4, "3", 1)                         = 1
read(4, "6", 1)                         = 1
read(4, "4", 1)                         = 1
read(4, "7", 1)                         = 1
read(4, "7", 1)                         = 1
read(4, "7", 1)                         = 1
read(4, "0", 1)                         = 1
read(4, ".", 1)                         = 1
read(4, "1", 1)                         = 1
read(4, "7", 1)                         = 1
read(4, "5", 1)                         = 1
read(4, "8", 1)                         = 1
read(4, "4", 1)                         = 1
read(4, "8", 1)                         = 1
read(4, "4", 1)                         = 1
read(4, "7", 1)                         = 1
read(4, "2", 1)                         = 1
read(4, "7", 1)                         = 1
read(4, ";", 1)                         = 1
read(4, " ", 1)                         = 1
read(4, "_", 1)                         = 1
read(4, "g", 1)                         = 1
read(4, "a", 1)                         = 1
read(4, "_", 1)                         = 1
read(4, "M", 1)                         = 1
read(4, "V", 1)                         = 1
read(4, "P", 1)                         = 1
read(4, "Q", 1)                         = 1
read(4, "R", 1)                         = 1
read(4, "H", 1)                         = 1
read(4, "5", 1)                         = 1
read(4, "W", 1)                         = 1
read(4, "M", 1)                         = 1
read(4, "L", 1)                         = 1
read(4, "=", 1)                         = 1
read(4, "G", 1)                         = 1
read(4, "S", 1)                         = 1
read(4, "2", 1)                         = 1
read(4, ".", 1)                         = 1
read(4, "1", 1)                         = 1
read(4, ".", 1)                         = 1
read(4, "s", 1)                         = 1
read(4, "1", 1)                         = 1
read(4, "7", 1)                         = 1
read(4, "5", 1)                         = 1
read(4, "9", 1)                         = 1
read(4, "1", 1)                         = 1
read(4, "7", 1)                         = 1
read(4, "3", 1)                         = 1
read(4, "0", 1)                         = 1
read(4, "1", 1)                         = 1
read(4, "5", 1)                         = 1
read(4, "$", 1)                         = 1
read(4, "o", 1)                         = 1
read(4, "1", 1)                         = 1
read(4, "$", 1)                         = 1
read(4, "g", 1)                         = 1
read(4, "1", 1)                         = 1
read(4, "$", 1)                         = 1
read(4, "t", 1)                         = 1
read(4, "1", 1)                         = 1
read(4, "7", 1)                         = 1
read(4, "5", 1)                         = 1
read(4, "9", 1)                         = 1
read(4, "1", 1)                         = 1
read(4, "7", 1)                         = 1
read(4, "3", 1)                         = 1
read(4, "0", 1)                         = 1
read(4, "1", 1)                         = 1
read(4, "8", 1)                         = 1
read(4, "$", 1)                         = 1
read(4, "j", 1)                         = 1
read(4, "5", 1)                         = 1
read(4, "7", 1)                         = 1
read(4, "$", 1)                         = 1
read(4, "l", 1)                         = 1
read(4, "0", 1)                         = 1
read(4, "$", 1)                         = 1
read(4, "h", 1)                         = 1
read(4, "0", 1)                         = 1
read(4, ";", 1)                         = 1
read(4, " ", 1)                         = 1
read(4, "_", 1)                         = 1
read(4, "g", 1)                         = 1
read(4, "a", 1)                         = 1
read(4, "_", 1)                         = 1
read(4, "Q", 1)                         = 1
read(4, "4", 1)                         = 1
read(4, "Z", 1)                         = 1
read(4, "W", 1)                         = 1
read(4, "X", 1)                         = 1
read(4, "0", 1)                         = 1
read(4, "P", 1)                         = 1
read(4, "5", 1)                         = 1
read(4, "M", 1)                         = 1
read(4, "4", 1)                         = 1
read(4, "=", 1)                         = 1
read(4, "G", 1)                         = 1
read(4, "S", 1)                         = 1
read(4, "2", 1)                         = 1
read(4, ".", 1)                         = 1
read(4, "1", 1)                         = 1
read(4, ".", 1)                         = 1
read(4, "s", 1)                         = 1
read(4, "1", 1)                         = 1
read(4, "7", 1)                         = 1
read(4, "6", 1)                         = 1
read(4, "4", 1)                         = 1
read(4, "1", 1)                         = 1
read(4, "0", 1)                         = 1
read(4, "4", 1)                         = 1
read(4, "9", 1)                         = 1
read(4, "0", 1)                         = 1
read(4, "2", 1)                         = 1
read(4, "$", 1)                         = 1
read(4, "o", 1)                         = 1
read(4, "1", 1)                         = 1
read(4, "$", 1)                         = 1
read(4, "g", 1)                         = 1
read(4, "0", 1)                         = 1
read(4, "$", 1)                         = 1
read(4, "t", 1)                         = 1
read(4, "1", 1)                         = 1
read(4, "7", 1)                         = 1
read(4, "6", 1)                         = 1
read(4, "4", 1)                         = 1
read(4, "1", 1)                         = 1
read(4, "0", 1)                         = 1
read(4, "5", 1)                         = 1
read(4, "6", 1)                         = 1
read(4, "1", 1)                         = 1
read(4, "8", 1)                         = 1
read(4, "$", 1)                         = 1
read(4, "j", 1)                         = 1
read(4, "6", 1)                         = 1
read(4, "0", 1)                         = 1
read(4, "$", 1)                         = 1
read(4, "l", 1)                         = 1
read(4, "0", 1)                         = 1
read(4, "$", 1)                         = 1
read(4, "h", 1)                         = 1
read(4, "0", 1)                         = 1
read(4, ";", 1)                         = 1
read(4, " ", 1)                         = 1
read(4, "_", 1)                         = 1
read(4, "g", 1)                         = 1
read(4, "a", 1)                         = 1
read(4, "_", 1)                         = 1
read(4, "8", 1)                         = 1
read(4, "Z", 1)                         = 1
read(4, "B", 1)                         = 1
read(4, "R", 1)                         = 1
read(4, "9", 1)                         = 1
read(4, "L", 1)                         = 1
read(4, "Y", 1)                         = 1
read(4, "5", 1)                         = 1
read(4, "W", 1)                         = 1
read(4, "Q", 1)                         = 1
read(4, "=", 1)                         = 1
read(4, "G", 1)                         = 1
read(4, "S", 1)                         = 1
read(4, "2", 1)                         = 1
read(4, ".", 1)                         = 1
read(4, "1", 1)                         = 1
read(4, ".", 1)                         = 1
read(4, "s", 1)                         = 1
read(4, "1", 1)                         = 1
read(4, "7", 1)                         = 1
read(4, "6", 1)                         = 1
read(4, "4", 1)                         = 1
read(4, "1", 1)                         = 1
read(4, "0", 1)                         = 1
read(4, "6", 1)                         = 1
read(4, "6", 1)                         = 1
read(4, "0", 1)                         = 1
read(4, "7", 1)                         = 1
read(4, "$", 1)                         = 1
read(4, "o", 1)                         = 1
read(4, "1", 1)                         = 1
read(4, "0", 1)                         = 1
read(4, "$", 1)                         = 1
read(4, "g", 1)                         = 1
read(4, "0", 1)                         = 1
read(4, "$", 1)                         = 1
read(4, "t", 1)                         = 1
read(4, "1", 1)                         = 1
read(4, "7", 1)                         = 1
read(4, "6", 1)                         = 1
read(4, "4", 1)                         = 1
read(4, "1", 1)                         = 1
read(4, "0", 1)                         = 1
read(4, "6", 1)                         = 1
read(4, "6", 1)                         = 1
read(4, "0", 1)                         = 1
read(4, "7", 1)                         = 1
read(4, "$", 1)                         = 1
read(4, "j", 1)                         = 1
read(4, "6", 1)                         = 1
read(4, "0", 1)                         = 1
read(4, "$", 1)                         = 1
read(4, "l", 1)                         = 1
read(4, "0", 1)                         = 1
read(4, "$", 1)                         = 1
read(4, "h", 1)                         = 1
read(4, "0", 1)                         = 1
read(4, ";", 1)                         = 1
read(4, " ", 1)                         = 1
read(4, "t", 1)                         = 1
read(4, "o", 1)                         = 1
read(4, "k", 1)                         = 1
read(4, "e", 1)                         = 1
read(4, "n", 1)                         = 1
read(4, "=", 1)                         = 1
read(4, "n", 1)                         = 1
read(4, "a", 1)                         = 1
read(4, "U", 1)                         = 1
read(4, "B", 1)                         = 1
read(4, "x", 1)                         = 1
read(4, "G", 1)                         = 1
read(4, "Z", 1)                         = 1
read(4, "h", 1)                         = 1
read(4, "L", 1)                         = 1
read(4, "N", 1)                         = 1
read(4, "H", 1)                         = 1
read(4, "c", 1)                         = 1
read(4, "c", 1)                         = 1
read(4, "V", 1)                         = 1
read(4, "a", 1)                         = 1
read(4, "W", 1)                         = 1
read(4, "h", 1)                         = 1
read(4, "Z", 1)                         = 1
read(4, "j", 1)                         = 1
read(4, "%", 1)                         = 1
read(4, "2", 1)                         = 1
read(4, "B", 1)                         = 1
read(4, "2", 1)                         = 1
read(4, "l", 1)                         = 1
read(4, "D", 1)                         = 1
read(4, "m", 1)                         = 1
read(4, "2", 1)                         = 1
read(4, "F", 1)                         = 1
read(4, "s", 1)                         = 1
read(4, "%", 1)                         = 1
read(4, "2", 1)                         = 1
read(4, "B", 1)                         = 1
read(4, "R", 1)                         = 1
read(4, "M", 1)                         = 1
read(4, "7", 1)                         = 1
read(4, "P", 1)                         = 1
read(4, "I", 1)                         = 1
read(4, "Q", 1)                         = 1
read(4, "%", 1)                         = 1
read(4, "2", 1)                         = 1
read(4, "F", 1)                         = 1
read(4, "3", 1)                         = 1
read(4, "a", 1)                         = 1
read(4, "Q", 1)                         = 1
read(4, "E", 1)                         = 1
read(4, "Y", 1)                         = 1
read(4, "O", 1)                         = 1
read(4, "j", 1)                         = 1
read(4, "Q", 1)                         = 1
read(4, "%", 1)                         = 1
read(4, "3", 1)                         = 1
read(4, "D", 1)                         = 1
read(4, ";", 1)                         = 1
read(4, " ", 1)                         = 1
read(4, "_", 1)                         = 1
read(4, "c", 1)                         = 1
read(4, "e", 1)                         = 1
read(4, ".", 1)                         = 1
read(4, "s", 1)                         = 1
read(4, "=", 1)                         = 1
read(4, "v", 1)                         = 1
read(4, "~", 1)                         = 1
read(4, "a", 1)                         = 1
read(4, "4", 1)                         = 1
read(4, "b", 1)                         = 1
read(4, "3", 1)                         = 1
read(4, "a", 1)                         = 1
read(4, "8", 1)                         = 1
read(4, "5", 1)                         = 1
read(4, "8", 1)                         = 1
read(4, "9", 1)                         = 1
read(4, "f", 1)                         = 1
read(4, "7", 1)                         = 1
read(4, "f", 1)                         = 1
read(4, "7", 1)                         = 1
read(4, "e", 1)                         = 1
read(4, "3", 1)                         = 1
read(4, "5", 1)                         = 1
read(4, "7", 1)                         = 1
read(4, "8", 1)                         = 1
read(4, "f", 1)                         = 1
read(4, "5", 1)                         = 1
read(4, "9", 1)                         = 1
read(4, "a", 1)                         = 1
read(4, "1", 1)                         = 1
read(4, "6", 1)                         = 1
read(4, "c", 1)                         = 1
read(4, "2", 1)                         = 1
read(4, "6", 1)                         = 1
read(4, "7", 1)                         = 1
read(4, "1", 1)                         = 1
read(4, "7", 1)                         = 1
read(4, "1", 1)                         = 1
read(4, "d", 1)                         = 1
read(4, "5", 1)                         = 1
read(4, "1", 1)                         = 1
read(4, "7", 1)                         = 1
read(4, "1", 1)                         = 1
read(4, "1", 1)                         = 1
read(4, "c", 1)                         = 1
read(4, "8", 1)                         = 1
read(4, "a", 1)                         = 1
read(4, "~", 1)                         = 1
read(4, "l", 1)                         = 1
read(4, "c", 1)                         = 1
read(4, "w", 1)                         = 1
read(4, "~", 1)                         = 1
read(4, "1", 1)                         = 1
read(4, "7", 1)                         = 1
read(4, "6", 1)                         = 1
read(4, "4", 1)                         = 1
read(4, "8", 1)                         = 1
read(4, "0", 1)                         = 1
read(4, "8", 1)                         = 1
read(4, "4", 1)                         = 1
read(4, "3", 1)                         = 1
read(4, "9", 1)                         = 1
read(4, "9", 1)                         = 1
read(4, "6", 1)                         = 1
read(4, "5", 1)                         = 1
read(4, "~", 1)                         = 1
read(4, "v", 1)                         = 1
read(4, "i", 1)                         = 1
read(4, "r", 1)                         = 1
read(4, "~", 1)                         = 1
read(4, "r", 1)                         = 1
read(4, "e", 1)                         = 1
read(4, "t", 1)                         = 1
read(4, "u", 1)                         = 1
read(4, "r", 1)                         = 1
read(4, "n", 1)                         = 1
read(4, "i", 1)                         = 1
read(4, "n", 1)                         = 1
read(4, "g", 1)                         = 1
read(4, "~", 1)                         = 1
read(4, "l", 1)                         = 1
read(4, "v", 1)                         = 1
read(4, "a", 1)                         = 1
read(4, "~", 1)                         = 1
read(4, "1", 1)                         = 1
read(4, "7", 1)                         = 1
read(4, "6", 1)                         = 1
read(4, "4", 1)                         = 1
read(4, "8", 1)                         = 1
read(4, "0", 1)                         = 1
read(4, "5", 1)                         = 1
read(4, "1", 1)                         = 1
read(4, "0", 1)                         = 1
read(4, "9", 1)                         = 1
read(4, "1", 1)                         = 1
read(4, "3", 1)                         = 1
read(4, "1", 1)                         = 1
read(4, "~", 1)                         = 1
read(4, "v", 1)                         = 1
read(4, "p", 1)                         = 1
read(4, "v", 1)                         = 1
read(4, "~", 1)                         = 1
read(4, "1", 1)                         = 1
read(4, "~", 1)                         = 1
read(4, "v", 1)                         = 1
read(4, "1", 1)                         = 1
read(4, "1", 1)                         = 1
read(4, "l", 1)                         = 1
read(4, "s", 1)                         = 1
read(4, "~", 1)                         = 1
read(4, "e", 1)                         = 1
read(4, "d", 1)                         = 1
read(4, "1", 1)                         = 1
read(4, "c", 1)                         = 1
read(4, "8", 1)                         = 1
read(4, "d", 1)                         = 1
read(4, "c", 1)                         = 1
read(4, "0", 1)                         = 1
read(4, "-", 1)                         = 1
read(4, "d", 1)                         = 1
read(4, "0", 1)                         = 1
read(4, "a", 1)                         = 1
read(4, "8", 1)                         = 1
read(4, "-", 1)                         = 1
read(4, "1", 1)                         = 1
read(4, "1", 1)                         = 1
read(4, "f", 1)                         = 1
read(4, "0", 1)                         = 1
read(4, "-", 1)                         = 1
read(4, "9", 1)                         = 1
read(4, "2", 1)                         = 1
read(4, "2", 1)                         = 1
read(4, "f", 1)                         = 1
read(4, "-", 1)                         = 1
read(4, "d", 1)                         = 1
read(4, "5", 1)                         = 1
read(4, "7", 1)                         = 1
read(4, "c", 1)                         = 1
read(4, "2", 1)                         = 1
read(4, "1", 1)                         = 1
read(4, "d", 1)                         = 1
read(4, "8", 1)                         = 1
read(4, "7", 1)                         = 1
read(4, "c", 1)                         = 1
read(4, "5", 1)                         = 1
read(4, "6", 1)                         = 1
read(4, "~", 1)                         = 1
read(4, "v", 1)                         = 1
read(4, "1", 1)                         = 1
read(4, "1", 1)                         = 1
read(4, ".", 1)                         = 1
read(4, "c", 1)                         = 1
read(4, "s", 1)                         = 1
read(4, "~", 1)                         = 1
read(4, "2", 1)                         = 1
read(4, "4", 1)                         = 1
read(4, "8", 1)                         = 1
read(4, "4", 1)                         = 1
read(4, "3", 1)                         = 1
read(4, "8", 1)                         = 1
read(4, "~", 1)                         = 1
read(4, "v", 1)                         = 1
read(4, "1", 1)                         = 1
read(4, "1", 1)                         = 1
read(4, ".", 1)                         = 1
read(4, "s", 1)                         = 1
read(4, "~", 1)                         = 1
read(4, "e", 1)                         = 1
read(4, "d", 1)                         = 1
read(4, "1", 1)                         = 1
read(4, "c", 1)                         = 1
read(4, "8", 1)                         = 1
read(4, "d", 1)                         = 1
read(4, "c", 1)                         = 1
read(4, "0", 1)                         = 1
read(4, "-", 1)                         = 1
read(4, "d", 1)                         = 1
read(4, "0", 1)                         = 1
read(4, "a", 1)                         = 1
read(4, "8", 1)                         = 1
read(4, "-", 1)                         = 1
read(4, "1", 1)                         = 1
read(4, "1", 1)                         = 1
read(4, "f", 1)                         = 1
read(4, "0", 1)                         = 1
read(4, "-", 1)                         = 1
read(4, "9", 1)                         = 1
read(4, "2", 1)                         = 1
read(4, "2", 1)                         = 1
read(4, "f", 1)                         = 1
read(4, "-", 1)                         = 1
read(4, "d", 1)                         = 1
read(4, "5", 1)                         = 1
read(4, "7", 1)                         = 1
read(4, "c", 1)                         = 1
read(4, "2", 1)                         = 1
read(4, "1", 1)                         = 1
read(4, "d", 1)                         = 1
read(4, "8", 1)                         = 1
read(4, "7", 1)                         = 1
read(4, "c", 1)                         = 1
read(4, "5", 1)                         = 1
read(4, "6", 1)                         = 1
read(4, "~", 1)                         = 1
read(4, "v", 1)                         = 1
read(4, "1", 1)                         = 1
read(4, "1", 1)                         = 1
read(4, ".", 1)                         = 1
read(4, "v", 1)                         = 1
read(4, "s", 1)                         = 1
read(4, "~", 1)                         = 1
read(4, "a", 1)                         = 1
read(4, "4", 1)                         = 1
read(4, "b", 1)                         = 1
read(4, "3", 1)                         = 1
read(4, "a", 1)                         = 1
read(4, "8", 1)                         = 1
read(4, "5", 1)                         = 1
read(4, "8", 1)                         = 1
read(4, "9", 1)                         = 1
read(4, "f", 1)                         = 1
read(4, "7", 1)                         = 1
read(4, "f", 1)                         = 1
read(4, "7", 1)                         = 1
read(4, "e", 1)                         = 1
read(4, "3", 1)                         = 1
read(4, "5", 1)                         = 1
read(4, "7", 1)                         = 1
read(4, "8", 1)                         = 1
read(4, "f", 1)                         = 1
read(4, "5", 1)                         = 1
read(4, "9", 1)                         = 1
read(4, "a", 1)                         = 1
read(4, "1", 1)                         = 1
read(4, "6", 1)                         = 1
read(4, "c", 1)                         = 1
read(4, "2", 1)                         = 1
read(4, "6", 1)                         = 1
read(4, "7", 1)                         = 1
read(4, "1", 1)                         = 1
read(4, "7", 1)                         = 1
read(4, "1", 1)                         = 1
read(4, "d", 1)                         = 1
read(4, "5", 1)                         = 1
read(4, "1", 1)                         = 1
read(4, "7", 1)                         = 1
read(4, "1", 1)                         = 1
read(4, "1", 1)                         = 1
read(4, "c", 1)                         = 1
read(4, "8", 1)                         = 1
read(4, "a", 1)                         = 1
read(4, "~", 1)                         = 1
read(4, "v", 1)                         = 1
read(4, "1", 1)                         = 1
read(4, "1", 1)                         = 1
read(4, ".", 1)                         = 1
read(4, "f", 1)                         = 1
read(4, "s", 1)                         = 1
read(4, "v", 1)                         = 1
read(4, "d", 1)                         = 1
read(4, "~", 1)                         = 1
read(4, "e", 1)                         = 1
read(4, "y", 1)                         = 1
read(4, "J", 1)                         = 1
read(4, "1", 1)                         = 1
read(4, "c", 1)                         = 1
read(4, "m", 1)                         = 1
read(4, "w", 1)                         = 1
read(4, "i", 1)                         = 1
read(4, "O", 1)                         = 1
read(4, "i", 1)                         = 1
read(4, "J", 1)                         = 1
read(4, "j", 1)                         = 1
read(4, "c", 1)                         = 1
read(4, "y", 1)                         = 1
read(4, "5", 1)                         = 1
read(4, "w", 1)                         = 1
read(4, "d", 1)                         = 1
read(4, "X", 1)                         = 1
read(4, "J", 1)                         = 1
read(4, "k", 1)                         = 1
read(4, "d", 1)                         = 1
read(4, "W", 1)                         = 1
read(4, "U", 1)                         = 1
read(4, "u", 1)                         = 1
read(4, "Z", 1)                         = 1
read(4, "W", 1)                         = 1
read(4, "R", 1)                         = 1
read(4, "1", 1)                         = 1
read(4, "L", 1)                         = 1
read(4, "3", 1)                         = 1
read(4, "B", 1)                         = 1
read(4, "l", 1)                         = 1
read(4, "b", 1)                         = 1
read(4, "3", 1)                         = 1
read(4, "B", 1)                         = 1
read(4, "s", 1)                         = 1
read(4, "Z", 1)                         = 1
read(4, "S", 1)                         = 1
read(4, "9", 1)                         = 1
read(4, "m", 1)                         = 1
read(4, "Y", 1)                         = 1
read(4, "W", 1)                         = 1
read(4, "N", 1)                         = 1
read(4, "1", 1)                         = 1
read(4, "b", 1)                         = 1
read(4, "H", 1)                         = 1
read(4, "R", 1)                         = 1
read(4, "5", 1)                         = 1
read(4, "L", 1)                         = 1
read(4, "2", 1)                         = 1
read(4, "d", 1)                         = 1
read(4, "y", 1)                         = 1
read(4, "c", 1)                         = 1
read(4, "i", 1)                         = 1
read(4, "5", 1)                         = 1
read(4, "o", 1)                         = 1
read(4, "d", 1)                         = 1
read(4, "G", 1)                         = 1
read(4, "1", 1)                         = 1
read(4, "s", 1)                         = 1
read(4, "I", 1)                         = 1
read(4, "i", 1)                         = 1
read(4, "w", 1)                         = 1
read(4, "i", 1)                         = 1
read(4, "c", 1)                         = 1
read(4, "m", 1)                         = 1
read(4, "V", 1)                         = 1
read(4, "m", 1)                         = 1
read(4, "I", 1)                         = 1
read(4, "j", 1)                         = 1
read(4, "o", 1)                         = 1
read(4, "i", 1)                         = 1
read(4, "a", 1)                         = 1
read(4, "H", 1)                         = 1
read(4, "R", 1)                         = 1
read(4, "0", 1)                         = 1
read(4, "c", 1)                         = 1
read(4, "D", 1)                         = 1
read(4, "o", 1)                         = 1
read(4, "v", 1)                         = 1
read(4, "L", 1)                         = 1
read(4, "2", 1)                         = 1
read(4, "R", 1)                         = 1
read(4, "h", 1)                         = 1
read(4, "d", 1)                         = 1
read(4, "G", 1)                         = 1
read(4, "E", 1)                         = 1
read(4, "u", 1)                         = 1
read(4, "Y", 1)                         = 1
read(4, "3", 1)                         = 1
read(4, "M", 1)                         = 1
read(4, "u", 1)                         = 1
read(4, "c", 1)                         = 1
read(4, "H", 1)                         = 1
read(4, "V", 1)                         = 1
read(4, "y", 1)                         = 1
read(4, "Z", 1)                         = 1
read(4, "H", 1)                         = 1
read(4, "V", 1)                         = 1
read(4, "l", 1)                         = 1
read(4, "L", 1)                         = 1
read(4, "m", 1)                         = 1
read(4, "V", 1)                         = 1
read(4, "k", 1)                         = 1
read(4, "d", 1)                         = 1
read(4, "T", 1)                         = 1
read(4, "o", 1)                         = 1
read(4, "5", 1)                         = 1
read(4, "M", 1)                         = 1
read(4, "D", 1)                         = 1
read(4, "A", 1)                         = 1
read(4, "w", 1)                         = 1
read(4, "L", 1)                         = 1
read(4, "y", 1)                         = 1
read(4, "I", 1)                         = 1
read(4, "s", 1)                         = 1
read(4, "I", 1)                         = 1
read(4, "n", 1)                         = 1
read(4, "V", 1)                         = 1
read(4, "0", 1)                         = 1
read(4, "b", 1)                         = 1
read(4, "S", 1)                         = 1
read(4, "I", 1)                         = 1
read(4, "6", 1)                         = 1
read(4, "W", 1)                         = 1
read(4, "1", 1)                         = 1
read(4, "1", 1)                         = 1
read(4, "9", 1)                         = 1
read(4, "~", 1)                         = 1
read(4, "v", 1)                         = 1
read(4, "1", 1)                         = 1
read(4, "1", 1)                         = 1
read(4, ".", 1)                         = 1
read(4, "s", 1)                         = 1
read(4, "l", 1)                         = 1
read(4, "a", 1)                         = 1
read(4, "~", 1)                         = 1
read(4, "1", 1)                         = 1
read(4, "7", 1)                         = 1
read(4, "6", 1)                         = 1
read(4, "4", 1)                         = 1
read(4, "8", 1)                         = 1
read(4, "0", 1)                         = 1
read(4, "8", 1)                         = 1
read(4, "4", 1)                         = 1
read(4, "3", 1)                         = 1
read(4, "9", 1)                         = 1
read(4, "9", 1)                         = 1
read(4, "6", 1)                         = 1
read(4, "5", 1)                         = 1
read(4, "~", 1)                         = 1
read(4, "l", 1)                         = 1
read(4, "c", 1)                         = 1
read(4, "w", 1)                         = 1
read(4, "~", 1)                         = 1
read(4, "1", 1)                         = 1
read(4, "7", 1)                         = 1
read(4, "6", 1)                         = 1
read(4, "4", 1)                         = 1
read(4, "8", 1)                         = 1
read(4, "0", 1)                         = 1
read(4, "8", 1)                         = 1
read(4, "4", 1)                         = 1
read(4, "3", 1)                         = 1
read(4, "9", 1)                         = 1
read(4, "9", 1)                         = 1
read(4, "6", 1)                         = 1
read(4, "7", 1)                         = 1
read(4, ";", 1)                         = 1
read(4, " ", 1)                         = 1
read(4, "_", 1)                         = 1
read(4, "g", 1)                         = 1
read(4, "a", 1)                         = 1
read(4, "_", 1)                         = 1
read(4, "9", 1)                         = 1
read(4, "5", 1)                         = 1
read(4, "1", 1)                         = 1
read(4, "K", 1)                         = 1
read(4, "W", 1)                         = 1
read(4, "4", 1)                         = 1
read(4, "6", 1)                         = 1
read(4, "Z", 1)                         = 1
read(4, "Y", 1)                         = 1
read(4, "X", 1)                         = 1
read(4, "=", 1)                         = 1
read(4, "G", 1)                         = 1
read(4, "S", 1)                         = 1
read(4, "2", 1)                         = 1
read(4, ".", 1)                         = 1
read(4, "1", 1)                         = 1
read(4, ".", 1)                         = 1
read(4, "s", 1)                         = 1
read(4, "1", 1)                         = 1
read(4, "7", 1)                         = 1
read(4, "6", 1)                         = 1
read(4, "4", 1)                         = 1
read(4, "8", 1)                         = 1
read(4, "7", 1)                         = 1
read(4, "3", 1)                         = 1
read(4, "9", 1)                         = 1
read(4, "2", 1)                         = 1
read(4, "8", 1)                         = 1
read(4, "$", 1)                         = 1
read(4, "o", 1)                         = 1
read(4, "1", 1)                         = 1
read(4, "$", 1)                         = 1
read(4, "g", 1)                         = 1
read(4, "1", 1)                         = 1
read(4, "$", 1)                         = 1
read(4, "t", 1)                         = 1
read(4, "1", 1)                         = 1
read(4, "7", 1)                         = 1
read(4, "6", 1)                         = 1
read(4, "4", 1)                         = 1
read(4, "8", 1)                         = 1
read(4, "7", 1)                         = 1
read(4, "3", 1)                         = 1
read(4, "9", 1)                         = 1
read(4, "9", 1)                         = 1
read(4, "7", 1)                         = 1
read(4, "$", 1)                         = 1
read(4, "j", 1)                         = 1
read(4, "6", 1)                         = 1
read(4, "0", 1)                         = 1
read(4, "$", 1)                         = 1
read(4, "l", 1)                         = 1
read(4, "0", 1)                         = 1
read(4, "$", 1)                         = 1
read(4, "h", 1)                         = 1
read(4, "0", 1)                         = 1
read(4, ";", 1)                         = 1
read(4, " ", 1)                         = 1
read(4, "_", 1)                         = 1
read(4, "g", 1)                         = 1
read(4, "a", 1)                         = 1
read(4, "_", 1)                         = 1
read(4, "P", 1)                         = 1
read(4, "M", 1)                         = 1
read(4, "P", 1)                         = 1
read(4, "6", 1)                         = 1
read(4, "D", 1)                         = 1
read(4, "Z", 1)                         = 1
read(4, "H", 1)                         = 1
read(4, "D", 1)                         = 1
read(4, "P", 1)                         = 1
read(4, "B", 1)                         = 1
read(4, "=", 1)                         = 1
read(4, "G", 1)                         = 1
read(4, "S", 1)                         = 1
read(4, "2", 1)                         = 1
read(4, ".", 1)                         = 1
read(4, "2", 1)                         = 1
read(4, ".", 1)                         = 1
read(4, "s", 1)                         = 1
read(4, "1", 1)                         = 1
read(4, "7", 1)                         = 1
read(4, "6", 1)                         = 1
read(4, "4", 1)                         = 1
read(4, "9", 1)                         = 1
read(4, "0", 1)                         = 1
read(4, "9", 1)                         = 1
read(4, "9", 1)                         = 1
read(4, "9", 1)                         = 1
read(4, "7", 1)                         = 1
read(4, "$", 1)                         = 1
read(4, "o", 1)                         = 1
read(4, "1", 1)                         = 1
read(4, "$", 1)                         = 1
read(4, "g", 1)                         = 1
read(4, "0", 1)                         = 1
read(4, "$", 1)                         = 1
read(4, "t", 1)                         = 1
read(4, "1", 1)                         = 1
read(4, "7", 1)                         = 1
read(4, "6", 1)                         = 1
read(4, "4", 1)                         = 1
read(4, "9", 1)                         = 1
read(4, "0", 1)                         = 1
read(4, "9", 1)                         = 1
read(4, "9", 1)                         = 1
read(4, "9", 1)                         = 1
read(4, "7", 1)                         = 1
read(4, "$", 1)                         = 1
read(4, "j", 1)                         = 1
read(4, "6", 1)                         = 1
read(4, "0", 1)                         = 1
read(4, "$", 1)                         = 1
read(4, "l", 1)                         = 1
read(4, "0", 1)                         = 1
read(4, "$", 1)                         = 1
read(4, "h", 1)                         = 1
read(4, "0", 1)                         = 1
read(4, ";", 1)                         = 1
read(4, " ", 1)                         = 1
read(4, "_", 1)                         = 1
read(4, "g", 1)                         = 1
read(4, "a", 1)                         = 1
read(4, "_", 1)                         = 1
read(4, "D", 1)                         = 1
read(4, "3", 1)                         = 1
read(4, "0", 1)                         = 1
read(4, "N", 1)                         = 1
read(4, "T", 1)                         = 1
read(4, "0", 1)                         = 1
read(4, "S", 1)                         = 1
read(4, "G", 1)                         = 1
read(4, "5", 1)                         = 1
read(4, "H", 1)                         = 1
read(4, "=", 1)                         = 1
read(4, "G", 1)                         = 1
read(4, "S", 1)                         = 1
read(4, "2", 1)                         = 1
read(4, ".", 1)                         = 1
read(4, "1", 1)                         = 1
read(4, ".", 1)                         = 1
read(4, "s", 1)                         = 1
read(4, "1", 1)                         = 1
read(4, "7", 1)                         = 1
read(4, "6", 1)                         = 1
read(4, "4", 1)                         = 1
read(4, "9", 1)                         = 1
read(4, "0", 1)                         = 1
read(4, "9", 1)                         = 1
read(4, "9", 1)                         = 1
read(4, "9", 1)                         = 1
read(4, "4", 1)                         = 1
read(4, "$", 1)                         = 1
read(4, "o", 1)                         = 1
read(4, "1", 1)                         = 1
read(4, "$", 1)                         = 1
read(4, "g", 1)                         = 1
read(4, "0", 1)                         = 1
read(4, "$", 1)                         = 1
read(4, "t", 1)                         = 1
read(4, "1", 1)                         = 1
read(4, "7", 1)                         = 1
read(4, "6", 1)                         = 1
read(4, "4", 1)                         = 1
read(4, "9", 1)                         = 1
read(4, "1", 1)                         = 1
read(4, "0", 1)                         = 1
read(4, "6", 1)                         = 1
read(4, "8", 1)                         = 1
read(4, "1", 1)                         = 1
read(4, "$", 1)                         = 1
read(4, "j", 1)                         = 1
read(4, "6", 1)                         = 1
read(4, "0", 1)                         = 1
read(4, "$", 1)                         = 1
read(4, "l", 1)                         = 1
read(4, "0", 1)                         = 1
read(4, "$", 1)                         = 1
read(4, "h", 1)                         = 1
read(4, "0", 1)                         = 1
read(4, ";", 1)                         = 1
read(4, " ", 1)                         = 1
read(4, "_", 1)                         = 1
read(4, "g", 1)                         = 1
read(4, "a", 1)                         = 1
read(4, "_", 1)                         = 1
read(4, "B", 1)                         = 1
read(4, "2", 1)                         = 1
read(4, "6", 1)                         = 1
read(4, "W", 1)                         = 1
read(4, "B", 1)                         = 1
read(4, "B", 1)                         = 1
read(4, "Q", 1)                         = 1
read(4, "2", 1)                         = 1
read(4, "7", 1)                         = 1
read(4, "X", 1)                         = 1
read(4, "=", 1)                         = 1
read(4, "G", 1)                         = 1
read(4, "S", 1)                         = 1
read(4, "2", 1)                         = 1
read(4, ".", 1)                         = 1
read(4, "1", 1)                         = 1
read(4, ".", 1)                         = 1
read(4, "s", 1)                         = 1
read(4, "1", 1)                         = 1
read(4, "7", 1)                         = 1
read(4, "6", 1)                         = 1
read(4, "4", 1)                         = 1
read(4, "9", 1)                         = 1
read(4, "0", 1)                         = 1
read(4, "9", 1)                         = 1
read(4, "9", 1)                         = 1
read(4, "9", 1)                         = 1
read(4, "4", 1)                         = 1
read(4, "$", 1)                         = 1
read(4, "o", 1)                         = 1
read(4, "2", 1)                         = 1
read(4, "$", 1)                         = 1
read(4, "g", 1)                         = 1
read(4, "0", 1)                         = 1
read(4, "$", 1)                         = 1
read(4, "t", 1)                         = 1
read(4, "1", 1)                         = 1
read(4, "7", 1)                         = 1
read(4, "6", 1)                         = 1
read(4, "4", 1)                         = 1
read(4, "9", 1)                         = 1
read(4, "1", 1)                         = 1
read(4, "0", 1)                         = 1
read(4, "6", 1)                         = 1
read(4, "8", 1)                         = 1
read(4, "1", 1)                         = 1
read(4, "$", 1)                         = 1
read(4, "j", 1)                         = 1
read(4, "6", 1)                         = 1
read(4, "0", 1)                         = 1
read(4, "$", 1)                         = 1
read(4, "l", 1)                         = 1
read(4, "0", 1)                         = 1
read(4, "$", 1)                         = 1
read(4, "h", 1)                         = 1
read(4, "0", 1)                         = 1
read(4, ";", 1)                         = 1
read(4, " ", 1)                         = 1
read(4, "_", 1)                         = 1
read(4, "g", 1)                         = 1
read(4, "i", 1)                         = 1
read(4, "d", 1)                         = 1
read(4, "=", 1)                         = 1
read(4, "G", 1)                         = 1
read(4, "A", 1)                         = 1
read(4, "1", 1)                         = 1
read(4, ".", 1)                         = 1
read(4, "2", 1)                         = 1
read(4, ".", 1)                         = 1
read(4, "1", 1)                         = 1
read(4, "8", 1)                         = 1
read(4, "4", 1)                         = 1
read(4, "6", 1)                         = 1
read(4, "8", 1)                         = 1
read(4, "8", 1)                         = 1
read(4, "0", 1)                         = 1
read(4, "9", 1)                         = 1
read(4, "9", 1)                         = 1
read(4, ".", 1)                         = 1
read(4, "1", 1)                         = 1
read(4, "7", 1)                         = 1
read(4, "6", 1)                         = 1
read(4, "5", 1)                         = 1
read(4, "1", 1)                         = 1
read(4, "6", 1)                         = 1
read(4, "7", 1)                         = 1
read(4, "2", 1)                         = 1
read(4, "2", 1)                         = 1
read(4, "1", 1)                         = 1
read(4, ";", 1)                         = 1
read(4, " ", 1)                         = 1
read(4, "_", 1)                         = 1
read(4, "g", 1)                         = 1
read(4, "a", 1)                         = 1
read(4, "_", 1)                         = 1
read(4, "D", 1)                         = 1
read(4, "Y", 1)                         = 1
read(4, "3", 1)                         = 1
read(4, "R", 1)                         = 1
read(4, "B", 1)                         = 1
read(4, "5", 1)                         = 1
read(4, "X", 1)                         = 1
read(4, "J", 1)                         = 1
read(4, "5", 1)                         = 1
read(4, "Q", 1)                         = 1
read(4, "=", 1)                         = 1
read(4, "G", 1)                         = 1
read(4, "S", 1)                         = 1
read(4, "2", 1)                         = 1
read(4, ".", 1)                         = 1
read(4, "1", 1)                         = 1
read(4, ".", 1)                         = 1
read(4, "s", 1)                         = 1
read(4, "1", 1)                         = 1
read(4, "7", 1)                         = 1
read(4, "6", 1)                         = 1
read(4, "5", 1)                         = 1
read(4, "1", 1)                         = 1
read(4, "6", 1)                         = 1
read(4, "7", 1)                         = 1
read(4, "2", 1)                         = 1
read(4, "2", 1)                         = 1
read(4, "1", 1)                         = 1
read(4, "$", 1)                         = 1
read(4, "o", 1)                         = 1
read(4, "2", 1)                         = 1
read(4, "$", 1)                         = 1
read(4, "g", 1)                         = 1
read(4, "1", 1)                         = 1
read(4, "$", 1)                         = 1
read(4, "t", 1)                         = 1
read(4, "1", 1)                         = 1
read(4, "7", 1)                         = 1
read(4, "6", 1)                         = 1
read(4, "5", 1)                         = 1
read(4, "1", 1)                         = 1
read(4, "6", 1)                         = 1
read(4, "7", 1)                         = 1
read(4, "4", 1)                         = 1
read(4, "5", 1)                         = 1
read(4, "7", 1)                         = 1
read(4, "$", 1)                         = 1
read(4, "j", 1)                         = 1
read(4, "6", 1)                         = 1
read(4, "0", 1)                         = 1
read(4, "$", 1)                         = 1
read(4, "l", 1)                         = 1
read(4, "0", 1)                         = 1
read(4, "$", 1)                         = 1
read(4, "h", 1)                         = 1
read(4, "0", 1)                         = 1
read(4, ";", 1)                         = 1
read(4, " ", 1)                         = 1
read(4, "_", 1)                         = 1
read(4, "g", 1)                         = 1
read(4, "a", 1)                         = 1
read(4, "_", 1)                         = 1
read(4, "X", 1)                         = 1
read(4, "P", 1)                         = 1
read(4, "M", 1)                         = 1
read(4, "T", 1)                         = 1
read(4, "6", 1)                         = 1
read(4, "7", 1)                         = 1
read(4, "W", 1)                         = 1
read(4, "T", 1)                         = 1
read(4, "8", 1)                         = 1
read(4, "4", 1)                         = 1
read(4, "=", 1)                         = 1
read(4, "G", 1)                         = 1
read(4, "S", 1)                         = 1
read(4, "2", 1)                         = 1
read(4, ".", 1)                         = 1
read(4, "1", 1)                         = 1
read(4, ".", 1)                         = 1
read(4, "s", 1)                         = 1
read(4, "1", 1)                         = 1
read(4, "7", 1)                         = 1
read(4, "6", 1)                         = 1
read(4, "5", 1)                         = 1
read(4, "1", 1)                         = 1
read(4, "6", 1)                         = 1
read(4, "7", 1)                         = 1
read(4, "2", 1)                         = 1
read(4, "2", 1)                         = 1
read(4, "1", 1)                         = 1
read(4, "$", 1)                         = 1
read(4, "o", 1)                         = 1
read(4, "5", 1)                         = 1
read(4, "$", 1)                         = 1
read(4, "g", 1)                         = 1
read(4, "1", 1)                         = 1
read(4, "$", 1)                         = 1
read(4, "t", 1)                         = 1
read(4, "1", 1)                         = 1
read(4, "7", 1)                         = 1
read(4, "6", 1)                         = 1
read(4, "5", 1)                         = 1
read(4, "1", 1)                         = 1
read(4, "6", 1)                         = 1
read(4, "7", 1)                         = 1
read(4, "4", 1)                         = 1
read(4, "5", 1)                         = 1
read(4, "7", 1)                         = 1
read(4, "$", 1)                         = 1
read(4, "j", 1)                         = 1
read(4, "6", 1)                         = 1
read(4, "0", 1)                         = 1
read(4, "$", 1)                         = 1
read(4, "l", 1)                         = 1
read(4, "0", 1)                         = 1
read(4, "$", 1)                         = 1
read(4, "h", 1)                         = 1
read(4, "0", 1)                         = 1
read(4, ";", 1)                         = 1
read(4, " ", 1)                         = 1
read(4, "_", 1)                         = 1
read(4, "g", 1)                         = 1
read(4, "a", 1)                         = 1
read(4, "=", 1)                         = 1
read(4, "G", 1)                         = 1
read(4, "A", 1)                         = 1
read(4, "1", 1)                         = 1
read(4, ".", 1)                         = 1
read(4, "1", 1)                         = 1
read(4, ".", 1)                         = 1
read(4, "7", 1)                         = 1
read(4, "6", 1)                         = 1
read(4, "7", 1)                         = 1
read(4, "4", 1)                         = 1
read(4, "0", 1)                         = 1
read(4, "8", 1)                         = 1
read(4, "3", 1)                         = 1
read(4, "3", 1)                         = 1
read(4, "3", 1)                         = 1
read(4, ".", 1)                         = 1
read(4, "1", 1)                         = 1
read(4, "7", 1)                         = 1
read(4, "6", 1)                         = 1
read(4, "5", 1)                         = 1
read(4, "0", 1)                         = 1
read(4, "6", 1)                         = 1
read(4, "2", 1)                         = 1
read(4, "6", 1)                         = 1
read(4, "7", 1)                         = 1
read(4, "0", 1)                         = 1
read(4, ";", 1)                         = 1
read(4, " ", 1)                         = 1
read(4, "_", 1)                         = 1
read(4, "g", 1)                         = 1
read(4, "a", 1)                         = 1
read(4, "_", 1)                         = 1
read(4, "6", 1)                         = 1
read(4, "S", 1)                         = 1
read(4, "H", 1)                         = 1
read(4, "Q", 1)                         = 1
read(4, "B", 1)                         = 1
read(4, "W", 1)                         = 1
read(4, "Q", 1)                         = 1
read(4, "2", 1)                         = 1
read(4, "J", 1)                         = 1
read(4, "2", 1)                         = 1
read(4, "=", 1)                         = 1
read(4, "G", 1)                         = 1
read(4, "S", 1)                         = 1
read(4, "2", 1)                         = 1
read(4, ".", 1)                         = 1
read(4, "2", 1)                         = 1
read(4, ".", 1)                         = 1
read(4, "s", 1)                         = 1
read(4, "1", 1)                         = 1
read(4, "7", 1)                         = 1
read(4, "6", 1)                         = 1
read(4, "5", 1)                         = 1
read(4, "1", 1)                         = 1
read(4, "6", 1)                         = 1
read(4, "7", 1)                         = 1
read(4, "2", 1)                         = 1
read(4, "2", 1)                         = 1
read(4, "1", 1)                         = 1
read(4, "$", 1)                         = 1
read(4, "o", 1)                         = 1
read(4, "5", 1)                         = 1
read(4, "$", 1)                         = 1
read(4, "g", 1)                         = 1
read(4, "1", 1)                         = 1
read(4, "$", 1)                         = 1
read(4, "t", 1)                         = 1
read(4, "1", 1)                         = 1
read(4, "7", 1)                         = 1
read(4, "6", 1)                         = 1
read(4, "5", 1)                         = 1
read(4, "1", 1)                         = 1
read(4, "6", 1)                         = 1
read(4, "7", 1)                         = 1
read(4, "4", 1)                         = 1
read(4, "5", 1)                         = 1
read(4, "7", 1)                         = 1
read(4, "$", 1)                         = 1
read(4, "j", 1)                         = 1
read(4, "6", 1)                         = 1
read(4, "0", 1)                         = 1
read(4, "$", 1)                         = 1
read(4, "l", 1)                         = 1
read(4, "0", 1)                         = 1
read(4, "$", 1)                         = 1
read(4, "h", 1)                         = 1
read(4, "0", 1)                         = 1
read(4, ";", 1)                         = 1
read(4, " ", 1)                         = 1
read(4, "_", 1)                         = 1
read(4, "g", 1)                         = 1
read(4, "a", 1)                         = 1
read(4, "_", 1)                         = 1
read(4, "C", 1)                         = 1
read(4, "S", 1)                         = 1
read(4, "L", 1)                         = 1
read(4, "9", 1)                         = 1
read(4, "0", 1)                         = 1
read(4, "E", 1)                         = 1
read(4, "N", 1)                         = 1
read(4, "V", 1)                         = 1
read(4, "J", 1)                         = 1
read(4, "5", 1)                         = 1
read(4, "=", 1)                         = 1
read(4, "G", 1)                         = 1
read(4, "S", 1)                         = 1
read(4, "2", 1)                         = 1
read(4, ".", 1)                         = 1
read(4, "2", 1)                         = 1
read(4, ".", 1)                         = 1
read(4, "s", 1)                         = 1
read(4, "1", 1)                         = 1
read(4, "7", 1)                         = 1
read(4, "6", 1)                         = 1
read(4, "5", 1)                         = 1
read(4, "1", 1)                         = 1
read(4, "6", 1)                         = 1
read(4, "7", 1)                         = 1
read(4, "2", 1)                         = 1
read(4, "2", 1)                         = 1
read(4, "1", 1)                         = 1
read(4, "$", 1)                         = 1
read(4, "o", 1)                         = 1
read(4, "5", 1)                         = 1
read(4, "$", 1)                         = 1
read(4, "g", 1)                         = 1
read(4, "1", 1)                         = 1
read(4, "$", 1)                         = 1
read(4, "t", 1)                         = 1
read(4, "1", 1)                         = 1
read(4, "7", 1)                         = 1
read(4, "6", 1)                         = 1
read(4, "5", 1)                         = 1
read(4, "1", 1)                         = 1
read(4, "6", 1)                         = 1
read(4, "7", 1)                         = 1
read(4, "4", 1)                         = 1
read(4, "5", 1)                         = 1
read(4, "7", 1)                         = 1
read(4, "$", 1)                         = 1
read(4, "j", 1)                         = 1
read(4, "6", 1)                         = 1
read(4, "0", 1)                         = 1
read(4, "$", 1)                         = 1
read(4, "l", 1)                         = 1
read(4, "0", 1)                         = 1
read(4, "$", 1)                         = 1
read(4, "h", 1)                         = 1
read(4, "0", 1)                         = 1
read(4, ";", 1)                         = 1
read(4, " ", 1)                         = 1
read(4, "_", 1)                         = 1
read(4, "g", 1)                         = 1
read(4, "a", 1)                         = 1
read(4, "_", 1)                         = 1
read(4, "N", 1)                         = 1
read(4, "6", 1)                         = 1
read(4, "1", 1)                         = 1
read(4, "R", 1)                         = 1
read(4, "R", 1)                         = 1
read(4, "1", 1)                         = 1
read(4, "E", 1)                         = 1
read(4, "H", 1)                         = 1
read(4, "3", 1)                         = 1
read(4, "V", 1)                         = 1
read(4, "=", 1)                         = 1
read(4, "G", 1)                         = 1
read(4, "S", 1)                         = 1
read(4, "2", 1)                         = 1
read(4, ".", 1)                         = 1
read(4, "2", 1)                         = 1
read(4, ".", 1)                         = 1
read(4, "s", 1)                         = 1
read(4, "1", 1)                         = 1
read(4, "7", 1)                         = 1
read(4, "6", 1)                         = 1
read(4, "5", 1)                         = 1
read(4, "1", 1)                         = 1
read(4, "6", 1)                         = 1
read(4, "7", 1)                         = 1
read(4, "2", 1)                         = 1
read(4, "2", 1)                         = 1
read(4, "1", 1)                         = 1
read(4, "$", 1)                         = 1
read(4, "o", 1)                         = 1
read(4, "5", 1)                         = 1
read(4, "$", 1)                         = 1
read(4, "g", 1)                         = 1
read(4, "1", 1)                         = 1
read(4, "$", 1)                         = 1
read(4, "t", 1)                         = 1
read(4, "1", 1)                         = 1
read(4, "7", 1)                         = 1
read(4, "6", 1)                         = 1
read(4, "5", 1)                         = 1
read(4, "1", 1)                         = 1
read(4, "6", 1)                         = 1
read(4, "7", 1)                         = 1
read(4, "4", 1)                         = 1
read(4, "5", 1)                         = 1
read(4, "7", 1)                         = 1
read(4, "$", 1)                         = 1
read(4, "j", 1)                         = 1
read(4, "6", 1)                         = 1
read(4, "0", 1)                         = 1
read(4, "$", 1)                         = 1
read(4, "l", 1)                         = 1
read(4, "0", 1)                         = 1
read(4, "$", 1)                         = 1
read(4, "h", 1)                         = 1
read(4, "0", 1)                         = 1
read(4, "\r", 1)                        = 1
read(4, "\n", 1)                        = 1
read(4, "\r", 1)                        = 1
read(4, "\n", 1)                        = 1
openat(AT_FDCWD, "http-root-dir/server.log", O_WRONLY|O_CREAT|O_APPEND, 0666) = 5
lseek(5, 0, SEEK_END)                   = 38822
newfstatat(AT_FDCWD, "/etc/localtime", {st_mode=S_IFREG|0644, st_size=1682, ...}, 0) = 0
newfstatat(5, "", {st_mode=S_IFREG|0640, st_size=38822, ...}, AT_EMPTY_PATH) = 0
write(5, "2025-12-08 01:02:11 | 100.69.114"..., 52) = 52
close(5)                                = 0
newfstatat(AT_FDCWD, "http-root-dir/htdocs/favicon.ico", 0x7fffdfa1d810, 0) = -1 ENOENT (No such file or directory)
openat(AT_FDCWD, "http-root-dir/htdocs/favicon.ico", O_RDONLY) = -1 ENOENT (No such file or directory)
write(4, "HTTP/1.1 404 File Not Found\r\nSer"..., 223) = 223
getpeername(4, {sa_family=AF_INET, sin_port=htons(55218), sin_addr=inet_addr("100.69.114.175")}, [16]) = 0
read(4, 0x7fffdfa1d710, 1)              = -1 EAGAIN (Resource temporarily unavailable)
close(4)                                = 0
accept(3, {sa_family=AF_INET, sin_port=htons(55219), sin_addr=inet_addr("100.69.114.175")}, [16]) = 4
setsockopt(4, SOL_SOCKET, SO_RCVTIMEO_OLD, "\n\0\0\0\0\0\0\0\0\0\0\0\0\0\0\0", 16) = 0
getpeername(4, {sa_family=AF_INET, sin_port=htons(55219), sin_addr=inet_addr("100.69.114.175")}, [16]) = 0
read(4, "G", 1)                         = 1
read(4, "E", 1)                         = 1
read(4, "T", 1)                         = 1
read(4, " ", 1)                         = 1
read(4, "/", 1)                         = 1
read(4, "s", 1)                         = 1
read(4, "t", 1)                         = 1
read(4, "r", 1)                         = 1
read(4, "e", 1)                         = 1
read(4, "a", 1)                         = 1
read(4, "m", 1)                         = 1
read(4, ".", 1)                         = 1
read(4, "h", 1)                         = 1
read(4, "t", 1)                         = 1
read(4, "m", 1)                         = 1
read(4, "l", 1)                         = 1
read(4, " ", 1)                         = 1
read(4, "H", 1)                         = 1
read(4, "T", 1)                         = 1
read(4, "T", 1)                         = 1
read(4, "P", 1)                         = 1
read(4, "/", 1)                         = 1
read(4, "1", 1)                         = 1
read(4, ".", 1)                         = 1
read(4, "1", 1)                         = 1
read(4, "\r", 1)                        = 1
read(4, "\n", 1)                        = 1
read(4, "H", 1)                         = 1
read(4, "o", 1)                         = 1
read(4, "s", 1)                         = 1
read(4, "t", 1)                         = 1
read(4, ":", 1)                         = 1
read(4, " ", 1)                         = 1
read(4, "d", 1)                         = 1
read(4, "a", 1)                         = 1
read(4, "t", 1)                         = 1
read(4, "a", 1)                         = 1
read(4, ".", 1)                         = 1
read(4, "c", 1)                         = 1
read(4, "s", 1)                         = 1
read(4, ".", 1)                         = 1
read(4, "p", 1)                         = 1
read(4, "u", 1)                         = 1
read(4, "r", 1)                         = 1
read(4, "d", 1)                         = 1
read(4, "u", 1)                         = 1
read(4, "e", 1)                         = 1
read(4, ".", 1)                         = 1
read(4, "e", 1)                         = 1
read(4, "d", 1)                         = 1
read(4, "u", 1)                         = 1
read(4, ":", 1)                         = 1
read(4, "9", 1)                         = 1
read(4, "0", 1)                         = 1
read(4, "0", 1)                         = 1
read(4, "2", 1)                         = 1
read(4, "\r", 1)                        = 1
read(4, "\n", 1)                        = 1
read(4, "C", 1)                         = 1
read(4, "o", 1)                         = 1
read(4, "n", 1)                         = 1
read(4, "n", 1)                         = 1
read(4, "e", 1)                         = 1
read(4, "c", 1)                         = 1
read(4, "t", 1)                         = 1
read(4, "i", 1)                         = 1
read(4, "o", 1)                         = 1
read(4, "n", 1)                         = 1
read(4, ":", 1)                         = 1
read(4, " ", 1)                         = 1
read(4, "k", 1)                         = 1
read(4, "e", 1)                         = 1
read(4, "e", 1)                         = 1
read(4, "p", 1)                         = 1
read(4, "-", 1)                         = 1
read(4, "a", 1)                         = 1
read(4, "l", 1)                         = 1
read(4, "i", 1)                         = 1
read(4, "v", 1)                         = 1
read(4, "e", 1)                         = 1
read(4, "\r", 1)                        = 1
read(4, "\n", 1)                        = 1
read(4, "A", 1)                         = 1
read(4, "u", 1)                         = 1
read(4, "t", 1)                         = 1
read(4, "h", 1)                         = 1
read(4, "o", 1)                         = 1
read(4, "r", 1)                         = 1
read(4, "i", 1)                         = 1
read(4, "z", 1)                         = 1
read(4, "a", 1)                         = 1
read(4, "t", 1)                         = 1
read(4, "i", 1)                         = 1
read(4, "o", 1)                         = 1
read(4, "n", 1)                         = 1
read(4, ":", 1)                         = 1
read(4, " ", 1)                         = 1
read(4, "B", 1)                         = 1
read(4, "a", 1)                         = 1
read(4, "s", 1)                         = 1
read(4, "i", 1)                         = 1
read(4, "c", 1)                         = 1
read(4, " ", 1)                         = 1
read(4, "b", 1)                         = 1
read(4, "m", 1)                         = 1
read(4, "F", 1)                         = 1
read(4, "t", 1)                         = 1
read(4, "Y", 1)                         = 1
read(4, "W", 1)                         = 1
read(4, "I", 1)                         = 1
read(4, "6", 1)                         = 1
read(4, "a", 1)                         = 1
read(4, "2", 1)                         = 1
read(4, "F", 1)                         = 1
read(4, "u", 1)                         = 1
read(4, "c", 1)                         = 1
read(4, "2", 1)                         = 1
read(4, "F", 1)                         = 1
read(4, "s", 1)                         = 1
read(4, "M", 1)                         = 1
read(4, "g", 1)                         = 1
read(4, "=", 1)                         = 1
read(4, "=", 1)                         = 1
read(4, "\r", 1)                        = 1
read(4, "\n", 1)                        = 1
read(4, "U", 1)                         = 1
read(4, "p", 1)                         = 1
read(4, "g", 1)                         = 1
read(4, "r", 1)                         = 1
read(4, "a", 1)                         = 1
read(4, "d", 1)                         = 1
read(4, "e", 1)                         = 1
read(4, "-", 1)                         = 1
read(4, "I", 1)                         = 1
read(4, "n", 1)                         = 1
read(4, "s", 1)                         = 1
read(4, "e", 1)                         = 1
read(4, "c", 1)                         = 1
read(4, "u", 1)                         = 1
read(4, "r", 1)                         = 1
read(4, "e", 1)                         = 1
read(4, "-", 1)                         = 1
read(4, "R", 1)                         = 1
read(4, "e", 1)                         = 1
read(4, "q", 1)                         = 1
read(4, "u", 1)                         = 1
read(4, "e", 1)                         = 1
read(4, "s", 1)                         = 1
read(4, "t", 1)                         = 1
read(4, "s", 1)                         = 1
read(4, ":", 1)                         = 1
read(4, " ", 1)                         = 1
read(4, "1", 1)                         = 1
read(4, "\r", 1)                        = 1
read(4, "\n", 1)                        = 1
read(4, "U", 1)                         = 1
read(4, "s", 1)                         = 1
read(4, "e", 1)                         = 1
read(4, "r", 1)                         = 1
read(4, "-", 1)                         = 1
read(4, "A", 1)                         = 1
read(4, "g", 1)                         = 1
read(4, "e", 1)                         = 1
read(4, "n", 1)                         = 1
read(4, "t", 1)                         = 1
read(4, ":", 1)                         = 1
read(4, " ", 1)                         = 1
read(4, "M", 1)                         = 1
read(4, "o", 1)                         = 1
read(4, "z", 1)                         = 1
read(4, "i", 1)                         = 1
read(4, "l", 1)                         = 1
read(4, "l", 1)                         = 1
read(4, "a", 1)                         = 1
read(4, "/", 1)                         = 1
read(4, "5", 1)                         = 1
read(4, ".", 1)                         = 1
read(4, "0", 1)                         = 1
read(4, " ", 1)                         = 1
read(4, "(", 1)                         = 1
read(4, "M", 1)                         = 1
read(4, "a", 1)                         = 1
read(4, "c", 1)                         = 1
read(4, "i", 1)                         = 1
read(4, "n", 1)                         = 1
read(4, "t", 1)                         = 1
read(4, "o", 1)                         = 1
read(4, "s", 1)                         = 1
read(4, "h", 1)                         = 1
read(4, ";", 1)                         = 1
read(4, " ", 1)                         = 1
read(4, "I", 1)                         = 1
read(4, "n", 1)                         = 1
read(4, "t", 1)                         = 1
read(4, "e", 1)                         = 1
read(4, "l", 1)                         = 1
read(4, " ", 1)                         = 1
read(4, "M", 1)                         = 1
read(4, "a", 1)                         = 1
read(4, "c", 1)                         = 1
read(4, " ", 1)                         = 1
read(4, "O", 1)                         = 1
read(4, "S", 1)                         = 1
read(4, " ", 1)                         = 1
read(4, "X", 1)                         = 1
read(4, " ", 1)                         = 1
read(4, "1", 1)                         = 1
read(4, "0", 1)                         = 1
read(4, "_", 1)                         = 1
read(4, "1", 1)                         = 1
read(4, "5", 1)                         = 1
read(4, "_", 1)                         = 1
read(4, "7", 1)                         = 1
read(4, ")", 1)                         = 1
read(4, " ", 1)                         = 1
read(4, "A", 1)                         = 1
read(4, "p", 1)                         = 1
read(4, "p", 1)                         = 1
read(4, "l", 1)                         = 1
read(4, "e", 1)                         = 1
read(4, "W", 1)                         = 1
read(4, "e", 1)                         = 1
read(4, "b", 1)                         = 1
read(4, "K", 1)                         = 1
read(4, "i", 1)                         = 1
read(4, "t", 1)                         = 1
read(4, "/", 1)                         = 1
read(4, "5", 1)                         = 1
read(4, "3", 1)                         = 1
read(4, "7", 1)                         = 1
read(4, ".", 1)                         = 1
read(4, "3", 1)                         = 1
read(4, "6", 1)                         = 1
read(4, " ", 1)                         = 1
read(4, "(", 1)                         = 1
read(4, "K", 1)                         = 1
read(4, "H", 1)                         = 1
read(4, "T", 1)                         = 1
read(4, "M", 1)                         = 1
read(4, "L", 1)                         = 1
read(4, ",", 1)                         = 1
read(4, " ", 1)                         = 1
read(4, "l", 1)                         = 1
read(4, "i", 1)                         = 1
read(4, "k", 1)                         = 1
read(4, "e", 1)                         = 1
read(4, " ", 1)                         = 1
read(4, "G", 1)                         = 1
read(4, "e", 1)                         = 1
read(4, "c", 1)                         = 1
read(4, "k", 1)                         = 1
read(4, "o", 1)                         = 1
read(4, ")", 1)                         = 1
read(4, " ", 1)                         = 1
read(4, "C", 1)                         = 1
read(4, "h", 1)                         = 1
read(4, "r", 1)                         = 1
read(4, "o", 1)                         = 1
read(4, "m", 1)                         = 1
read(4, "e", 1)                         = 1
read(4, "/", 1)                         = 1
read(4, "1", 1)                         = 1
read(4, "4", 1)                         = 1
read(4, "2", 1)                         = 1
read(4, ".", 1)                         = 1
read(4, "0", 1)                         = 1
read(4, ".", 1)                         = 1
read(4, "0", 1)                         = 1
read(4, ".", 1)                         = 1
read(4, "0", 1)                         = 1
read(4, " ", 1)                         = 1
read(4, "S", 1)                         = 1
read(4, "a", 1)                         = 1
read(4, "f", 1)                         = 1
read(4, "a", 1)                         = 1
read(4, "r", 1)                         = 1
read(4, "i", 1)                         = 1
read(4, "/", 1)                         = 1
read(4, "5", 1)                         = 1
read(4, "3", 1)                         = 1
read(4, "7", 1)                         = 1
read(4, ".", 1)                         = 1
read(4, "3", 1)                         = 1
read(4, "6", 1)                         = 1
read(4, "\r", 1)                        = 1
read(4, "\n", 1)                        = 1
read(4, "A", 1)                         = 1
read(4, "c", 1)                         = 1
read(4, "c", 1)                         = 1
read(4, "e", 1)                         = 1
read(4, "p", 1)                         = 1
read(4, "t", 1)                         = 1
read(4, ":", 1)                         = 1
read(4, " ", 1)                         = 1
read(4, "t", 1)                         = 1
read(4, "e", 1)                         = 1
read(4, "x", 1)                         = 1
read(4, "t", 1)                         = 1
read(4, "/", 1)                         = 1
read(4, "h", 1)                         = 1
read(4, "t", 1)                         = 1
read(4, "m", 1)                         = 1
read(4, "l", 1)                         = 1
read(4, ",", 1)                         = 1
read(4, "a", 1)                         = 1
read(4, "p", 1)                         = 1
read(4, "p", 1)                         = 1
read(4, "l", 1)                         = 1
read(4, "i", 1)                         = 1
read(4, "c", 1)                         = 1
read(4, "a", 1)                         = 1
read(4, "t", 1)                         = 1
read(4, "i", 1)                         = 1
read(4, "o", 1)                         = 1
read(4, "n", 1)                         = 1
read(4, "/", 1)                         = 1
read(4, "x", 1)                         = 1
read(4, "h", 1)                         = 1
read(4, "t", 1)                         = 1
read(4, "m", 1)                         = 1
read(4, "l", 1)                         = 1
read(4, "+", 1)                         = 1
read(4, "x", 1)                         = 1
read(4, "m", 1)                         = 1
read(4, "l", 1)                         = 1
read(4, ",", 1)                         = 1
read(4, "a", 1)                         = 1
read(4, "p", 1)                         = 1
read(4, "p", 1)                         = 1
read(4, "l", 1)                         = 1
read(4, "i", 1)                         = 1
read(4, "c", 1)                         = 1
read(4, "a", 1)                         = 1
read(4, "t", 1)                         = 1
read(4, "i", 1)                         = 1
read(4, "o", 1)                         = 1
read(4, "n", 1)                         = 1
read(4, "/", 1)                         = 1
read(4, "x", 1)                         = 1
read(4, "m", 1)                         = 1
read(4, "l", 1)                         = 1
read(4, ";", 1)                         = 1
read(4, "q", 1)                         = 1
read(4, "=", 1)                         = 1
read(4, "0", 1)                         = 1
read(4, ".", 1)                         = 1
read(4, "9", 1)                         = 1
read(4, ",", 1)                         = 1
read(4, "i", 1)                         = 1
read(4, "m", 1)                         = 1
read(4, "a", 1)                         = 1
read(4, "g", 1)                         = 1
read(4, "e", 1)                         = 1
read(4, "/", 1)                         = 1
read(4, "a", 1)                         = 1
read(4, "v", 1)                         = 1
read(4, "i", 1)                         = 1
read(4, "f", 1)                         = 1
read(4, ",", 1)                         = 1
read(4, "i", 1)                         = 1
read(4, "m", 1)                         = 1
read(4, "a", 1)                         = 1
read(4, "g", 1)                         = 1
read(4, "e", 1)                         = 1
read(4, "/", 1)                         = 1
read(4, "w", 1)                         = 1
read(4, "e", 1)                         = 1
read(4, "b", 1)                         = 1
read(4, "p", 1)                         = 1
read(4, ",", 1)                         = 1
read(4, "i", 1)                         = 1
read(4, "m", 1)                         = 1
read(4, "a", 1)                         = 1
read(4, "g", 1)                         = 1
read(4, "e", 1)                         = 1
read(4, "/", 1)                         = 1
read(4, "a", 1)                         = 1
read(4, "p", 1)                         = 1
read(4, "n", 1)                         = 1
read(4, "g", 1)                         = 1
read(4, ",", 1)                         = 1
read(4, "*", 1)                         = 1
read(4, "/", 1)                         = 1
read(4, "*", 1)                         = 1
read(4, ";", 1)                         = 1
read(4, "q", 1)                         = 1
read(4, "=", 1)                         = 1
read(4, "0", 1)                         = 1
read(4, ".", 1)                         = 1
read(4, "8", 1)                         = 1
read(4, ",", 1)                         = 1
read(4, "a", 1)                         = 1
read(4, "p", 1)                         = 1
read(4, "p", 1)                         = 1
read(4, "l", 1)                         = 1
read(4, "i", 1)                         = 1
read(4, "c", 1)                         = 1
read(4, "a", 1)                         = 1
read(4, "t", 1)                         = 1
read(4, "i", 1)                         = 1
read(4, "o", 1)                         = 1
read(4, "n", 1)                         = 1
read(4, "/", 1)                         = 1
read(4, "s", 1)                         = 1
read(4, "i", 1)                         = 1
read(4, "g", 1)                         = 1
read(4, "n", 1)                         = 1
read(4, "e", 1)                         = 1
read(4, "d", 1)                         = 1
read(4, "-", 1)                         = 1
read(4, "e", 1)                         = 1
read(4, "x", 1)                         = 1
read(4, "c", 1)                         = 1
read(4, "h", 1)                         = 1
read(4, "a", 1)                         = 1
read(4, "n", 1)                         = 1
read(4, "g", 1)                         = 1
read(4, "e", 1)                         = 1
read(4, ";", 1)                         = 1
read(4, "v", 1)                         = 1
read(4, "=", 1)                         = 1
read(4, "b", 1)                         = 1
read(4, "3", 1)                         = 1
read(4, ";", 1)                         = 1
read(4, "q", 1)                         = 1
read(4, "=", 1)                         = 1
read(4, "0", 1)                         = 1
read(4, ".", 1)                         = 1
read(4, "7", 1)                         = 1
read(4, "\r", 1)                        = 1
read(4, "\n", 1)                        = 1
read(4, "R", 1)                         = 1
read(4, "e", 1)                         = 1
read(4, "f", 1)                         = 1
read(4, "e", 1)                         = 1
read(4, "r", 1)                         = 1
read(4, "e", 1)                         = 1
read(4, "r", 1)                         = 1
read(4, ":", 1)                         = 1
read(4, " ", 1)                         = 1
read(4, "h", 1)                         = 1
read(4, "t", 1)                         = 1
read(4, "t", 1)                         = 1
read(4, "p", 1)                         = 1
read(4, ":", 1)                         = 1
read(4, "/", 1)                         = 1
read(4, "/", 1)                         = 1
read(4, "d", 1)                         = 1
read(4, "a", 1)                         = 1
read(4, "t", 1)                         = 1
read(4, "a", 1)                         = 1
read(4, ".", 1)                         = 1
read(4, "c", 1)                         = 1
read(4, "s", 1)                         = 1
read(4, ".", 1)                         = 1
read(4, "p", 1)                         = 1
read(4, "u", 1)                         = 1
read(4, "r", 1)                         = 1
read(4, "d", 1)                         = 1
read(4, "u", 1)                         = 1
read(4, "e", 1)                         = 1
read(4, ".", 1)                         = 1
read(4, "e", 1)                         = 1
read(4, "d", 1)                         = 1
read(4, "u", 1)                         = 1
read(4, ":", 1)                         = 1
read(4, "9", 1)                         = 1
read(4, "0", 1)                         = 1
read(4, "0", 1)                         = 1
read(4, "2", 1)                         = 1
read(4, "/", 1)                         = 1
read(4, "\r", 1)                        = 1
read(4, "\n", 1)                        = 1
read(4, "A", 1)                         = 1
read(4, "c", 1)                         = 1
read(4, "c", 1)                         = 1
read(4, "e", 1)                         = 1
read(4, "p", 1)                         = 1
read(4, "t", 1)                         = 1
read(4, "-", 1)                         = 1
read(4, "E", 1)                         = 1
read(4, "n", 1)                         = 1
read(4, "c", 1)                         = 1
read(4, "o", 1)                         = 1
read(4, "d", 1)                         = 1
read(4, "i", 1)                         = 1
read(4, "n", 1)                         = 1
read(4, "g", 1)                         = 1
read(4, ":", 1)                         = 1
read(4, " ", 1)                         = 1
read(4, "g", 1)                         = 1
read(4, "z", 1)                         = 1
read(4, "i", 1)                         = 1
read(4, "p", 1)                         = 1
read(4, ",", 1)                         = 1
read(4, " ", 1)                         = 1
read(4, "d", 1)                         = 1
read(4, "e", 1)                         = 1
read(4, "f", 1)                         = 1
read(4, "l", 1)                         = 1
read(4, "a", 1)                         = 1
read(4, "t", 1)                         = 1
read(4, "e", 1)                         = 1
read(4, "\r", 1)                        = 1
read(4, "\n", 1)                        = 1
read(4, "A", 1)                         = 1
read(4, "c", 1)                         = 1
read(4, "c", 1)                         = 1
read(4, "e", 1)                         = 1
read(4, "p", 1)                         = 1
read(4, "t", 1)                         = 1
read(4, "-", 1)                         = 1
read(4, "L", 1)                         = 1
read(4, "a", 1)                         = 1
read(4, "n", 1)                         = 1
read(4, "g", 1)                         = 1
read(4, "u", 1)                         = 1
read(4, "a", 1)                         = 1
read(4, "g", 1)                         = 1
read(4, "e", 1)                         = 1
read(4, ":", 1)                         = 1
read(4, " ", 1)                         = 1
read(4, "e", 1)                         = 1
read(4, "n", 1)                         = 1
read(4, "-", 1)                         = 1
read(4, "G", 1)                         = 1
read(4, "B", 1)                         = 1
read(4, ",", 1)                         = 1
read(4, "e", 1)                         = 1
read(4, "n", 1)                         = 1
read(4, "-", 1)                         = 1
read(4, "U", 1)                         = 1
read(4, "S", 1)                         = 1
read(4, ";", 1)                         = 1
read(4, "q", 1)                         = 1
read(4, "=", 1)                         = 1
read(4, "0", 1)                         = 1
read(4, ".", 1)                         = 1
read(4, "9", 1)                         = 1
read(4, ",", 1)                         = 1
read(4, "e", 1)                         = 1
read(4, "n", 1)                         = 1
read(4, ";", 1)                         = 1
read(4, "q", 1)                         = 1
read(4, "=", 1)                         = 1
read(4, "0", 1)                         = 1
read(4, ".", 1)                         = 1
read(4, "8", 1)                         = 1
read(4, ",", 1)                         = 1
read(4, "h", 1)                         = 1
read(4, "i", 1)                         = 1
read(4, ";", 1)                         = 1
read(4, "q", 1)                         = 1
read(4, "=", 1)                         = 1
read(4, "0", 1)                         = 1
read(4, ".", 1)                         = 1
read(4, "7", 1)                         = 1
read(4, "\r", 1)                        = 1
read(4, "\n", 1)                        = 1
read(4, "C", 1)                         = 1
read(4, "o", 1)                         = 1
read(4, "o", 1)                         = 1
read(4, "k", 1)                         = 1
read(4, "i", 1)                         = 1
read(4, "e", 1)                         = 1
read(4, ":", 1)                         = 1
read(4, " ", 1)                         = 1
read(4, "n", 1)                         = 1
read(4, "m", 1)                         = 1
read(4, "s", 1)                         = 1
read(4, "t", 1)                         = 1
read(4, "a", 1)                         = 1
read(4, "t", 1)                         = 1
read(4, "=", 1)                         = 1
read(4, "e", 1)                         = 1
read(4, "a", 1)                         = 1
read(4, "d", 1)                         = 1
read(4, "6", 1)                         = 1
read(4, "5", 1)                         = 1
read(4, "7", 1)                         = 1
read(4, "4", 1)                         = 1
read(4, "6", 1)                         = 1
read(4, "-", 1)                         = 1
read(4, "b", 1)                         = 1
read(4, "d", 1)                         = 1
read(4, "b", 1)                         = 1
read(4, "a", 1)                         = 1
read(4, "-", 1)                         = 1
read(4, "f", 1)                         = 1
read(4, "9", 1)                         = 1
read(4, "3", 1)                         = 1
read(4, "5", 1)                         = 1
read(4, "-", 1)                         = 1
read(4, "1", 1)                         = 1
read(4, "8", 1)                         = 1
read(4, "a", 1)                         = 1
read(4, "9", 1)                         = 1
read(4, "-", 1)                         = 1
read(4, "7", 1)                         = 1
read(4, "a", 1)                         = 1
read(4, "a", 1)                         = 1
read(4, "9", 1)                         = 1
read(4, "c", 1)                         = 1
read(4, "8", 1)                         = 1
read(4, "2", 1)                         = 1
read(4, "6", 1)                         = 1
read(4, "2", 1)                         = 1
read(4, "4", 1)                         = 1
read(4, "4", 1)                         = 1
read(4, "6", 1)                         = 1
read(4, ";", 1)                         = 1
read(4, " ", 1)                         = 1
read(4, "_", 1)                         = 1
read(4, "g", 1)                         = 1
read(4, "a", 1)                         = 1
read(4, "_", 1)                         = 1
read(4, "P", 1)                         = 1
read(4, "V", 1)                         = 1
read(4, "8", 1)                         = 1
read(4, "T", 1)                         = 1
read(4, "1", 1)                         = 1
read(4, "8", 1)                         = 1
read(4, "L", 1)                         = 1
read(4, "J", 1)                         = 1
read(4, "R", 1)                         = 1
read(4, "9", 1)                         = 1
read(4, "=", 1)                         = 1
read(4, "G", 1)                         = 1
read(4, "S", 1)                         = 1
read(4, "1", 1)                         = 1
read(4, ".", 1)                         = 1
read(4, "2", 1)                         = 1
read(4, ".", 1)                         = 1
read(4, "1", 1)                         = 1
read(4, "7", 1)                         = 1
read(4, "3", 1)                         = 1
read(4, "2", 1)                         = 1
read(4, "6", 1)                         = 1
read(4, "2", 1)                         = 1
read(4, "6", 1)                         = 1
read(4, "6", 1)                         = 1
read(4, "7", 1)                         = 1
read(4, "1", 1)                         = 1
read(4, ".", 1)                         = 1
read(4, "1", 1)                         = 1
read(4, ".", 1)                         = 1
read(4, "1", 1)                         = 1
read(4, ".", 1)                         = 1
read(4, "1", 1)                         = 1
read(4, "7", 1)                         = 1
read(4, "3", 1)                         = 1
read(4, "2", 1)                         = 1
read(4, "6", 1)                         = 1
read(4, "2", 1)                         = 1
read(4, "6", 1)                         = 1
read(4, "7", 1)                         = 1
read(4, "0", 1)                         = 1
read(4, "1", 1)                         = 1
read(4, ".", 1)                         = 1
read(4, "0", 1)                         = 1
read(4, ".", 1)                         = 1
read(4, "0", 1)                         = 1
read(4, ".", 1)                         = 1
read(4, "0", 1)                         = 1
read(4, ";", 1)                         = 1
read(4, " ", 1)                         = 1
read(4, "_", 1)                         = 1
read(4, "f", 1)                         = 1
read(4, "b", 1)                         = 1
read(4, "p", 1)                         = 1
read(4, "=", 1)                         = 1
read(4, "f", 1)                         = 1
read(4, "b", 1)                         = 1
read(4, ".", 1)                         = 1
read(4, "1", 1)                         = 1
read(4, ".", 1)                         = 1
read(4, "1", 1)                         = 1
read(4, "7", 1)                         = 1
read(4, "5", 1)                         = 1
read(4, "8", 1)                         = 1
read(4, "4", 1)                         = 1
read(4, "8", 1)                         = 1
read(4, "4", 1)                         = 1
read(4, "7", 1)                         = 1
read(4, "2", 1)                         = 1
read(4, "7", 1)                         = 1
read(4, "2", 1)                         = 1
read(4, "1", 1)                         = 1
read(4, "7", 1)                         = 1
read(4, ".", 1)                         = 1
read(4, "6", 1)                         = 1
read(4, "3", 1)                         = 1
read(4, "9", 1)                         = 1
read(4, "4", 1)                         = 1
read(4, "0", 1)                         = 1
read(4, "5", 1)                         = 1
read(4, "5", 1)                         = 1
read(4, "7", 1)                         = 1
read(4, "4", 1)                         = 1
read(4, "9", 1)                         = 1
read(4, "2", 1)                         = 1
read(4, "0", 1)                         = 1
read(4, "1", 1)                         = 1
read(4, "8", 1)                         = 1
read(4, "6", 1)                         = 1
read(4, "5", 1)                         = 1
read(4, "9", 1)                         = 1
read(4, "7", 1)                         = 1
read(4, ";", 1)                         = 1
read(4, " ", 1)                         = 1
read(4, "_", 1)                         = 1
read(4, "g", 1)                         = 1
read(4, "c", 1)                         = 1
read(4, "l", 1)                         = 1
read(4, "_", 1)                         = 1
read(4, "a", 1)                         = 1
read(4, "u", 1)                         = 1
read(4, "=", 1)                         = 1
read(4, "1", 1)                         = 1
read(4, ".", 1)                         = 1
read(4, "1", 1)                         = 1
read(4, ".", 1)                         = 1
read(4, "1", 1)                         = 1
read(4, "4", 1)                         = 1
read(4, "3", 1)                         = 1
read(4, "6", 1)                         = 1
read(4, "4", 1)                         = 1
read(4, "7", 1)                         = 1
read(4, "7", 1)                         = 1
read(4, "7", 1)                         = 1
read(4, "0", 1)                         = 1
read(4, ".", 1)                         = 1
read(4, "1", 1)                         = 1
read(4, "7", 1)                         = 1
read(4, "5", 1)                         = 1
read(4, "8", 1)                         = 1
read(4, "4", 1)                         = 1
read(4, "8", 1)                         = 1
read(4, "4", 1)                         = 1
read(4, "7", 1)                         = 1
read(4, "2", 1)                         = 1
read(4, "7", 1)                         = 1
read(4, ";", 1)                         = 1
read(4, " ", 1)                         = 1
read(4, "_", 1)                         = 1
read(4, "g", 1)                         = 1
read(4, "a", 1)                         = 1
read(4, "_", 1)                         = 1
read(4, "M", 1)                         = 1
read(4, "V", 1)                         = 1
read(4, "P", 1)                         = 1
read(4, "Q", 1)                         = 1
read(4, "R", 1)                         = 1
read(4, "H", 1)                         = 1
read(4, "5", 1)                         = 1
read(4, "W", 1)                         = 1
read(4, "M", 1)                         = 1
read(4, "L", 1)                         = 1
read(4, "=", 1)                         = 1
read(4, "G", 1)                         = 1
read(4, "S", 1)                         = 1
read(4, "2", 1)                         = 1
read(4, ".", 1)                         = 1
read(4, "1", 1)                         = 1
read(4, ".", 1)                         = 1
read(4, "s", 1)                         = 1
read(4, "1", 1)                         = 1
read(4, "7", 1)                         = 1
read(4, "5", 1)                         = 1
read(4, "9", 1)                         = 1
read(4, "1", 1)                         = 1
read(4, "7", 1)                         = 1
read(4, "3", 1)                         = 1
read(4, "0", 1)                         = 1
read(4, "1", 1)                         = 1
read(4, "5", 1)                         = 1
read(4, "$", 1)                         = 1
read(4, "o", 1)                         = 1
read(4, "1", 1)                         = 1
read(4, "$", 1)                         = 1
read(4, "g", 1)                         = 1
read(4, "1", 1)                         = 1
read(4, "$", 1)                         = 1
read(4, "t", 1)                         = 1
read(4, "1", 1)                         = 1
read(4, "7", 1)                         = 1
read(4, "5", 1)                         = 1
read(4, "9", 1)                         = 1
read(4, "1", 1)                         = 1
read(4, "7", 1)                         = 1
read(4, "3", 1)                         = 1
read(4, "0", 1)                         = 1
read(4, "1", 1)                         = 1
read(4, "8", 1)                         = 1
read(4, "$", 1)                         = 1
read(4, "j", 1)                         = 1
read(4, "5", 1)                         = 1
read(4, "7", 1)                         = 1
read(4, "$", 1)                         = 1
read(4, "l", 1)                         = 1
read(4, "0", 1)                         = 1
read(4, "$", 1)                         = 1
read(4, "h", 1)                         = 1
read(4, "0", 1)                         = 1
read(4, ";", 1)                         = 1
read(4, " ", 1)                         = 1
read(4, "_", 1)                         = 1
read(4, "g", 1)                         = 1
read(4, "a", 1)                         = 1
read(4, "_", 1)                         = 1
read(4, "Q", 1)                         = 1
read(4, "4", 1)                         = 1
read(4, "Z", 1)                         = 1
read(4, "W", 1)                         = 1
read(4, "X", 1)                         = 1
read(4, "0", 1)                         = 1
read(4, "P", 1)                         = 1
read(4, "5", 1)                         = 1
read(4, "M", 1)                         = 1
read(4, "4", 1)                         = 1
read(4, "=", 1)                         = 1
read(4, "G", 1)                         = 1
read(4, "S", 1)                         = 1
read(4, "2", 1)                         = 1
read(4, ".", 1)                         = 1
read(4, "1", 1)                         = 1
read(4, ".", 1)                         = 1
read(4, "s", 1)                         = 1
read(4, "1", 1)                         = 1
read(4, "7", 1)                         = 1
read(4, "6", 1)                         = 1
read(4, "4", 1)                         = 1
read(4, "1", 1)                         = 1
read(4, "0", 1)                         = 1
read(4, "4", 1)                         = 1
read(4, "9", 1)                         = 1
read(4, "0", 1)                         = 1
read(4, "2", 1)                         = 1
read(4, "$", 1)                         = 1
read(4, "o", 1)                         = 1
read(4, "1", 1)                         = 1
read(4, "$", 1)                         = 1
read(4, "g", 1)                         = 1
read(4, "0", 1)                         = 1
read(4, "$", 1)                         = 1
read(4, "t", 1)                         = 1
read(4, "1", 1)                         = 1
read(4, "7", 1)                         = 1
read(4, "6", 1)                         = 1
read(4, "4", 1)                         = 1
read(4, "1", 1)                         = 1
read(4, "0", 1)                         = 1
read(4, "5", 1)                         = 1
read(4, "6", 1)                         = 1
read(4, "1", 1)                         = 1
read(4, "8", 1)                         = 1
read(4, "$", 1)                         = 1
read(4, "j", 1)                         = 1
read(4, "6", 1)                         = 1
read(4, "0", 1)                         = 1
read(4, "$", 1)                         = 1
read(4, "l", 1)                         = 1
read(4, "0", 1)                         = 1
read(4, "$", 1)                         = 1
read(4, "h", 1)                         = 1
read(4, "0", 1)                         = 1
read(4, ";", 1)                         = 1
read(4, " ", 1)                         = 1
read(4, "_", 1)                         = 1
read(4, "g", 1)                         = 1
read(4, "a", 1)                         = 1
read(4, "_", 1)                         = 1
read(4, "8", 1)                         = 1
read(4, "Z", 1)                         = 1
read(4, "B", 1)                         = 1
read(4, "R", 1)                         = 1
read(4, "9", 1)                         = 1
read(4, "L", 1)                         = 1
read(4, "Y", 1)                         = 1
read(4, "5", 1)                         = 1
read(4, "W", 1)                         = 1
read(4, "Q", 1)                         = 1
read(4, "=", 1)                         = 1
read(4, "G", 1)                         = 1
read(4, "S", 1)                         = 1
read(4, "2", 1)                         = 1
read(4, ".", 1)                         = 1
read(4, "1", 1)                         = 1
read(4, ".", 1)                         = 1
read(4, "s", 1)                         = 1
read(4, "1", 1)                         = 1
read(4, "7", 1)                         = 1
read(4, "6", 1)                         = 1
read(4, "4", 1)                         = 1
read(4, "1", 1)                         = 1
read(4, "0", 1)                         = 1
read(4, "6", 1)                         = 1
read(4, "6", 1)                         = 1
read(4, "0", 1)                         = 1
read(4, "7", 1)                         = 1
read(4, "$", 1)                         = 1
read(4, "o", 1)                         = 1
read(4, "1", 1)                         = 1
read(4, "0", 1)                         = 1
read(4, "$", 1)                         = 1
read(4, "g", 1)                         = 1
read(4, "0", 1)                         = 1
read(4, "$", 1)                         = 1
read(4, "t", 1)                         = 1
read(4, "1", 1)                         = 1
read(4, "7", 1)                         = 1
read(4, "6", 1)                         = 1
read(4, "4", 1)                         = 1
read(4, "1", 1)                         = 1
read(4, "0", 1)                         = 1
read(4, "6", 1)                         = 1
read(4, "6", 1)                         = 1
read(4, "0", 1)                         = 1
read(4, "7", 1)                         = 1
read(4, "$", 1)                         = 1
read(4, "j", 1)                         = 1
read(4, "6", 1)                         = 1
read(4, "0", 1)                         = 1
read(4, "$", 1)                         = 1
read(4, "l", 1)                         = 1
read(4, "0", 1)                         = 1
read(4, "$", 1)                         = 1
read(4, "h", 1)                         = 1
read(4, "0", 1)                         = 1
read(4, ";", 1)                         = 1
read(4, " ", 1)                         = 1
read(4, "t", 1)                         = 1
read(4, "o", 1)                         = 1
read(4, "k", 1)                         = 1
read(4, "e", 1)                         = 1
read(4, "n", 1)                         = 1
read(4, "=", 1)                         = 1
read(4, "n", 1)                         = 1
read(4, "a", 1)                         = 1
read(4, "U", 1)                         = 1
read(4, "B", 1)                         = 1
read(4, "x", 1)                         = 1
read(4, "G", 1)                         = 1
read(4, "Z", 1)                         = 1
read(4, "h", 1)                         = 1
read(4, "L", 1)                         = 1
read(4, "N", 1)                         = 1
read(4, "H", 1)                         = 1
read(4, "c", 1)                         = 1
read(4, "c", 1)                         = 1
read(4, "V", 1)                         = 1
read(4, "a", 1)                         = 1
read(4, "W", 1)                         = 1
read(4, "h", 1)                         = 1
read(4, "Z", 1)                         = 1
read(4, "j", 1)                         = 1
read(4, "%", 1)                         = 1
read(4, "2", 1)                         = 1
read(4, "B", 1)                         = 1
read(4, "2", 1)                         = 1
read(4, "l", 1)                         = 1
read(4, "D", 1)                         = 1
read(4, "m", 1)                         = 1
read(4, "2", 1)                         = 1
read(4, "F", 1)                         = 1
read(4, "s", 1)                         = 1
read(4, "%", 1)                         = 1
read(4, "2", 1)                         = 1
read(4, "B", 1)                         = 1
read(4, "R", 1)                         = 1
read(4, "M", 1)                         = 1
read(4, "7", 1)                         = 1
read(4, "P", 1)                         = 1
read(4, "I", 1)                         = 1
read(4, "Q", 1)                         = 1
read(4, "%", 1)                         = 1
read(4, "2", 1)                         = 1
read(4, "F", 1)                         = 1
read(4, "3", 1)                         = 1
read(4, "a", 1)                         = 1
read(4, "Q", 1)                         = 1
read(4, "E", 1)                         = 1
read(4, "Y", 1)                         = 1
read(4, "O", 1)                         = 1
read(4, "j", 1)                         = 1
read(4, "Q", 1)                         = 1
read(4, "%", 1)                         = 1
read(4, "3", 1)                         = 1
read(4, "D", 1)                         = 1
read(4, ";", 1)                         = 1
read(4, " ", 1)                         = 1
read(4, "_", 1)                         = 1
read(4, "c", 1)                         = 1
read(4, "e", 1)                         = 1
read(4, ".", 1)                         = 1
read(4, "s", 1)                         = 1
read(4, "=", 1)                         = 1
read(4, "v", 1)                         = 1
read(4, "~", 1)                         = 1
read(4, "a", 1)                         = 1
read(4, "4", 1)                         = 1
read(4, "b", 1)                         = 1
read(4, "3", 1)                         = 1
read(4, "a", 1)                         = 1
read(4, "8", 1)                         = 1
read(4, "5", 1)                         = 1
read(4, "8", 1)                         = 1
read(4, "9", 1)                         = 1
read(4, "f", 1)                         = 1
read(4, "7", 1)                         = 1
read(4, "f", 1)                         = 1
read(4, "7", 1)                         = 1
read(4, "e", 1)                         = 1
read(4, "3", 1)                         = 1
read(4, "5", 1)                         = 1
read(4, "7", 1)                         = 1
read(4, "8", 1)                         = 1
read(4, "f", 1)                         = 1
read(4, "5", 1)                         = 1
read(4, "9", 1)                         = 1
read(4, "a", 1)                         = 1
read(4, "1", 1)                         = 1
read(4, "6", 1)                         = 1
read(4, "c", 1)                         = 1
read(4, "2", 1)                         = 1
read(4, "6", 1)                         = 1
read(4, "7", 1)                         = 1
read(4, "1", 1)                         = 1
read(4, "7", 1)                         = 1
read(4, "1", 1)                         = 1
read(4, "d", 1)                         = 1
read(4, "5", 1)                         = 1
read(4, "1", 1)                         = 1
read(4, "7", 1)                         = 1
read(4, "1", 1)                         = 1
read(4, "1", 1)                         = 1
read(4, "c", 1)                         = 1
read(4, "8", 1)                         = 1
read(4, "a", 1)                         = 1
read(4, "~", 1)                         = 1
read(4, "l", 1)                         = 1
read(4, "c", 1)                         = 1
read(4, "w", 1)                         = 1
read(4, "~", 1)                         = 1
read(4, "1", 1)                         = 1
read(4, "7", 1)                         = 1
read(4, "6", 1)                         = 1
read(4, "4", 1)                         = 1
read(4, "8", 1)                         = 1
read(4, "0", 1)                         = 1
read(4, "8", 1)                         = 1
read(4, "4", 1)                         = 1
read(4, "3", 1)                         = 1
read(4, "9", 1)                         = 1
read(4, "9", 1)                         = 1
read(4, "6", 1)                         = 1
read(4, "5", 1)                         = 1
read(4, "~", 1)                         = 1
read(4, "v", 1)                         = 1
read(4, "i", 1)                         = 1
read(4, "r", 1)                         = 1
read(4, "~", 1)                         = 1
read(4, "r", 1)                         = 1
read(4, "e", 1)                         = 1
read(4, "t", 1)                         = 1
read(4, "u", 1)                         = 1
read(4, "r", 1)                         = 1
read(4, "n", 1)                         = 1
read(4, "i", 1)                         = 1
read(4, "n", 1)                         = 1
read(4, "g", 1)                         = 1
read(4, "~", 1)                         = 1
read(4, "l", 1)                         = 1
read(4, "v", 1)                         = 1
read(4, "a", 1)                         = 1
read(4, "~", 1)                         = 1
read(4, "1", 1)                         = 1
read(4, "7", 1)                         = 1
read(4, "6", 1)                         = 1
read(4, "4", 1)                         = 1
read(4, "8", 1)                         = 1
read(4, "0", 1)                         = 1
read(4, "5", 1)                         = 1
read(4, "1", 1)                         = 1
read(4, "0", 1)                         = 1
read(4, "9", 1)                         = 1
read(4, "1", 1)                         = 1
read(4, "3", 1)                         = 1
read(4, "1", 1)                         = 1
read(4, "~", 1)                         = 1
read(4, "v", 1)                         = 1
read(4, "p", 1)                         = 1
read(4, "v", 1)                         = 1
read(4, "~", 1)                         = 1
read(4, "1", 1)                         = 1
read(4, "~", 1)                         = 1
read(4, "v", 1)                         = 1
read(4, "1", 1)                         = 1
read(4, "1", 1)                         = 1
read(4, "l", 1)                         = 1
read(4, "s", 1)                         = 1
read(4, "~", 1)                         = 1
read(4, "e", 1)                         = 1
read(4, "d", 1)                         = 1
read(4, "1", 1)                         = 1
read(4, "c", 1)                         = 1
read(4, "8", 1)                         = 1
read(4, "d", 1)                         = 1
read(4, "c", 1)                         = 1
read(4, "0", 1)                         = 1
read(4, "-", 1)                         = 1
read(4, "d", 1)                         = 1
read(4, "0", 1)                         = 1
read(4, "a", 1)                         = 1
read(4, "8", 1)                         = 1
read(4, "-", 1)                         = 1
read(4, "1", 1)                         = 1
read(4, "1", 1)                         = 1
read(4, "f", 1)                         = 1
read(4, "0", 1)                         = 1
read(4, "-", 1)                         = 1
read(4, "9", 1)                         = 1
read(4, "2", 1)                         = 1
read(4, "2", 1)                         = 1
read(4, "f", 1)                         = 1
read(4, "-", 1)                         = 1
read(4, "d", 1)                         = 1
read(4, "5", 1)                         = 1
read(4, "7", 1)                         = 1
read(4, "c", 1)                         = 1
read(4, "2", 1)                         = 1
read(4, "1", 1)                         = 1
read(4, "d", 1)                         = 1
read(4, "8", 1)                         = 1
read(4, "7", 1)                         = 1
read(4, "c", 1)                         = 1
read(4, "5", 1)                         = 1
read(4, "6", 1)                         = 1
read(4, "~", 1)                         = 1
read(4, "v", 1)                         = 1
read(4, "1", 1)                         = 1
read(4, "1", 1)                         = 1
read(4, ".", 1)                         = 1
read(4, "c", 1)                         = 1
read(4, "s", 1)                         = 1
read(4, "~", 1)                         = 1
read(4, "2", 1)                         = 1
read(4, "4", 1)                         = 1
read(4, "8", 1)                         = 1
read(4, "4", 1)                         = 1
read(4, "3", 1)                         = 1
read(4, "8", 1)                         = 1
read(4, "~", 1)                         = 1
read(4, "v", 1)                         = 1
read(4, "1", 1)                         = 1
read(4, "1", 1)                         = 1
read(4, ".", 1)                         = 1
read(4, "s", 1)                         = 1
read(4, "~", 1)                         = 1
read(4, "e", 1)                         = 1
read(4, "d", 1)                         = 1
read(4, "1", 1)                         = 1
read(4, "c", 1)                         = 1
read(4, "8", 1)                         = 1
read(4, "d", 1)                         = 1
read(4, "c", 1)                         = 1
read(4, "0", 1)                         = 1
read(4, "-", 1)                         = 1
read(4, "d", 1)                         = 1
read(4, "0", 1)                         = 1
read(4, "a", 1)                         = 1
read(4, "8", 1)                         = 1
read(4, "-", 1)                         = 1
read(4, "1", 1)                         = 1
read(4, "1", 1)                         = 1
read(4, "f", 1)                         = 1
read(4, "0", 1)                         = 1
read(4, "-", 1)                         = 1
read(4, "9", 1)                         = 1
read(4, "2", 1)                         = 1
read(4, "2", 1)                         = 1
read(4, "f", 1)                         = 1
read(4, "-", 1)                         = 1
read(4, "d", 1)                         = 1
read(4, "5", 1)                         = 1
read(4, "7", 1)                         = 1
read(4, "c", 1)                         = 1
read(4, "2", 1)                         = 1
read(4, "1", 1)                         = 1
read(4, "d", 1)                         = 1
read(4, "8", 1)                         = 1
read(4, "7", 1)                         = 1
read(4, "c", 1)                         = 1
read(4, "5", 1)                         = 1
read(4, "6", 1)                         = 1
read(4, "~", 1)                         = 1
read(4, "v", 1)                         = 1
read(4, "1", 1)                         = 1
read(4, "1", 1)                         = 1
read(4, ".", 1)                         = 1
read(4, "v", 1)                         = 1
read(4, "s", 1)                         = 1
read(4, "~", 1)                         = 1
read(4, "a", 1)                         = 1
read(4, "4", 1)                         = 1
read(4, "b", 1)                         = 1
read(4, "3", 1)                         = 1
read(4, "a", 1)                         = 1
read(4, "8", 1)                         = 1
read(4, "5", 1)                         = 1
read(4, "8", 1)                         = 1
read(4, "9", 1)                         = 1
read(4, "f", 1)                         = 1
read(4, "7", 1)                         = 1
read(4, "f", 1)                         = 1
read(4, "7", 1)                         = 1
read(4, "e", 1)                         = 1
read(4, "3", 1)                         = 1
read(4, "5", 1)                         = 1
read(4, "7", 1)                         = 1
read(4, "8", 1)                         = 1
read(4, "f", 1)                         = 1
read(4, "5", 1)                         = 1
read(4, "9", 1)                         = 1
read(4, "a", 1)                         = 1
read(4, "1", 1)                         = 1
read(4, "6", 1)                         = 1
read(4, "c", 1)                         = 1
read(4, "2", 1)                         = 1
read(4, "6", 1)                         = 1
read(4, "7", 1)                         = 1
read(4, "1", 1)                         = 1
read(4, "7", 1)                         = 1
read(4, "1", 1)                         = 1
read(4, "d", 1)                         = 1
read(4, "5", 1)                         = 1
read(4, "1", 1)                         = 1
read(4, "7", 1)                         = 1
read(4, "1", 1)                         = 1
read(4, "1", 1)                         = 1
read(4, "c", 1)                         = 1
read(4, "8", 1)                         = 1
read(4, "a", 1)                         = 1
read(4, "~", 1)                         = 1
read(4, "v", 1)                         = 1
read(4, "1", 1)                         = 1
read(4, "1", 1)                         = 1
read(4, ".", 1)                         = 1
read(4, "f", 1)                         = 1
read(4, "s", 1)                         = 1
read(4, "v", 1)                         = 1
read(4, "d", 1)                         = 1
read(4, "~", 1)                         = 1
read(4, "e", 1)                         = 1
read(4, "y", 1)                         = 1
read(4, "J", 1)                         = 1
read(4, "1", 1)                         = 1
read(4, "c", 1)                         = 1
read(4, "m", 1)                         = 1
read(4, "w", 1)                         = 1
read(4, "i", 1)                         = 1
read(4, "O", 1)                         = 1
read(4, "i", 1)                         = 1
read(4, "J", 1)                         = 1
read(4, "j", 1)                         = 1
read(4, "c", 1)                         = 1
read(4, "y", 1)                         = 1
read(4, "5", 1)                         = 1
read(4, "w", 1)                         = 1
read(4, "d", 1)                         = 1
read(4, "X", 1)                         = 1
read(4, "J", 1)                         = 1
read(4, "k", 1)                         = 1
read(4, "d", 1)                         = 1
read(4, "W", 1)                         = 1
read(4, "U", 1)                         = 1
read(4, "u", 1)                         = 1
read(4, "Z", 1)                         = 1
read(4, "W", 1)                         = 1
read(4, "R", 1)                         = 1
read(4, "1", 1)                         = 1
read(4, "L", 1)                         = 1
read(4, "3", 1)                         = 1
read(4, "B", 1)                         = 1
read(4, "l", 1)                         = 1
read(4, "b", 1)                         = 1
read(4, "3", 1)                         = 1
read(4, "B", 1)                         = 1
read(4, "s", 1)                         = 1
read(4, "Z", 1)                         = 1
read(4, "S", 1)                         = 1
read(4, "9", 1)                         = 1
read(4, "m", 1)                         = 1
read(4, "Y", 1)                         = 1
read(4, "W", 1)                         = 1
read(4, "N", 1)                         = 1
read(4, "1", 1)                         = 1
read(4, "b", 1)                         = 1
read(4, "H", 1)                         = 1
read(4, "R", 1)                         = 1
read(4, "5", 1)                         = 1
read(4, "L", 1)                         = 1
read(4, "2", 1)                         = 1
read(4, "d", 1)                         = 1
read(4, "y", 1)                         = 1
read(4, "c", 1)                         = 1
read(4, "i", 1)                         = 1
read(4, "5", 1)                         = 1
read(4, "o", 1)                         = 1
read(4, "d", 1)                         = 1
read(4, "G", 1)                         = 1
read(4, "1", 1)                         = 1
read(4, "s", 1)                         = 1
read(4, "I", 1)                         = 1
read(4, "i", 1)                         = 1
read(4, "w", 1)                         = 1
read(4, "i", 1)                         = 1
read(4, "c", 1)                         = 1
read(4, "m", 1)                         = 1
read(4, "V", 1)                         = 1
read(4, "m", 1)                         = 1
read(4, "I", 1)                         = 1
read(4, "j", 1)                         = 1
read(4, "o", 1)                         = 1
read(4, "i", 1)                         = 1
read(4, "a", 1)                         = 1
read(4, "H", 1)                         = 1
read(4, "R", 1)                         = 1
read(4, "0", 1)                         = 1
read(4, "c", 1)                         = 1
read(4, "D", 1)                         = 1
read(4, "o", 1)                         = 1
read(4, "v", 1)                         = 1
read(4, "L", 1)                         = 1
read(4, "2", 1)                         = 1
read(4, "R", 1)                         = 1
read(4, "h", 1)                         = 1
read(4, "d", 1)                         = 1
read(4, "G", 1)                         = 1
read(4, "E", 1)                         = 1
read(4, "u", 1)                         = 1
read(4, "Y", 1)                         = 1
read(4, "3", 1)                         = 1
read(4, "M", 1)                         = 1
read(4, "u", 1)                         = 1
read(4, "c", 1)                         = 1
read(4, "H", 1)                         = 1
read(4, "V", 1)                         = 1
read(4, "y", 1)                         = 1
read(4, "Z", 1)                         = 1
read(4, "H", 1)                         = 1
read(4, "V", 1)                         = 1
read(4, "l", 1)                         = 1
read(4, "L", 1)                         = 1
read(4, "m", 1)                         = 1
read(4, "V", 1)                         = 1
read(4, "k", 1)                         = 1
read(4, "d", 1)                         = 1
read(4, "T", 1)                         = 1
read(4, "o", 1)                         = 1
read(4, "5", 1)                         = 1
read(4, "M", 1)                         = 1
read(4, "D", 1)                         = 1
read(4, "A", 1)                         = 1
read(4, "w", 1)                         = 1
read(4, "L", 1)                         = 1
read(4, "y", 1)                         = 1
read(4, "I", 1)                         = 1
read(4, "s", 1)                         = 1
read(4, "I", 1)                         = 1
read(4, "n", 1)                         = 1
read(4, "V", 1)                         = 1
read(4, "0", 1)                         = 1
read(4, "b", 1)                         = 1
read(4, "S", 1)                         = 1
read(4, "I", 1)                         = 1
read(4, "6", 1)                         = 1
read(4, "W", 1)                         = 1
read(4, "1", 1)                         = 1
read(4, "1", 1)                         = 1
read(4, "9", 1)                         = 1
read(4, "~", 1)                         = 1
read(4, "v", 1)                         = 1
read(4, "1", 1)                         = 1
read(4, "1", 1)                         = 1
read(4, ".", 1)                         = 1
read(4, "s", 1)                         = 1
read(4, "l", 1)                         = 1
read(4, "a", 1)                         = 1
read(4, "~", 1)                         = 1
read(4, "1", 1)                         = 1
read(4, "7", 1)                         = 1
read(4, "6", 1)                         = 1
read(4, "4", 1)                         = 1
read(4, "8", 1)                         = 1
read(4, "0", 1)                         = 1
read(4, "8", 1)                         = 1
read(4, "4", 1)                         = 1
read(4, "3", 1)                         = 1
read(4, "9", 1)                         = 1
read(4, "9", 1)                         = 1
read(4, "6", 1)                         = 1
read(4, "5", 1)                         = 1
read(4, "~", 1)                         = 1
read(4, "l", 1)                         = 1
read(4, "c", 1)                         = 1
read(4, "w", 1)                         = 1
read(4, "~", 1)                         = 1
read(4, "1", 1)                         = 1
read(4, "7", 1)                         = 1
read(4, "6", 1)                         = 1
read(4, "4", 1)                         = 1
read(4, "8", 1)                         = 1
read(4, "0", 1)                         = 1
read(4, "8", 1)                         = 1
read(4, "4", 1)                         = 1
read(4, "3", 1)                         = 1
read(4, "9", 1)                         = 1
read(4, "9", 1)                         = 1
read(4, "6", 1)                         = 1
read(4, "7", 1)                         = 1
read(4, ";", 1)                         = 1
read(4, " ", 1)                         = 1
read(4, "_", 1)                         = 1
read(4, "g", 1)                         = 1
read(4, "a", 1)                         = 1
read(4, "_", 1)                         = 1
read(4, "9", 1)                         = 1
read(4, "5", 1)                         = 1
read(4, "1", 1)                         = 1
read(4, "K", 1)                         = 1
read(4, "W", 1)                         = 1
read(4, "4", 1)                         = 1
read(4, "6", 1)                         = 1
read(4, "Z", 1)                         = 1
read(4, "Y", 1)                         = 1
read(4, "X", 1)                         = 1
read(4, "=", 1)                         = 1
read(4, "G", 1)                         = 1
read(4, "S", 1)                         = 1
read(4, "2", 1)                         = 1
read(4, ".", 1)                         = 1
read(4, "1", 1)                         = 1
read(4, ".", 1)                         = 1
read(4, "s", 1)                         = 1
read(4, "1", 1)                         = 1
read(4, "7", 1)                         = 1
read(4, "6", 1)                         = 1
read(4, "4", 1)                         = 1
read(4, "8", 1)                         = 1
read(4, "7", 1)                         = 1
read(4, "3", 1)                         = 1
read(4, "9", 1)                         = 1
read(4, "2", 1)                         = 1
read(4, "8", 1)                         = 1
read(4, "$", 1)                         = 1
read(4, "o", 1)                         = 1
read(4, "1", 1)                         = 1
read(4, "$", 1)                         = 1
read(4, "g", 1)                         = 1
read(4, "1", 1)                         = 1
read(4, "$", 1)                         = 1
read(4, "t", 1)                         = 1
read(4, "1", 1)                         = 1
read(4, "7", 1)                         = 1
read(4, "6", 1)                         = 1
read(4, "4", 1)                         = 1
read(4, "8", 1)                         = 1
read(4, "7", 1)                         = 1
read(4, "3", 1)                         = 1
read(4, "9", 1)                         = 1
read(4, "9", 1)                         = 1
read(4, "7", 1)                         = 1
read(4, "$", 1)                         = 1
read(4, "j", 1)                         = 1
read(4, "6", 1)                         = 1
read(4, "0", 1)                         = 1
read(4, "$", 1)                         = 1
read(4, "l", 1)                         = 1
read(4, "0", 1)                         = 1
read(4, "$", 1)                         = 1
read(4, "h", 1)                         = 1
read(4, "0", 1)                         = 1
read(4, ";", 1)                         = 1
read(4, " ", 1)                         = 1
read(4, "_", 1)                         = 1
read(4, "g", 1)                         = 1
read(4, "a", 1)                         = 1
read(4, "_", 1)                         = 1
read(4, "P", 1)                         = 1
read(4, "M", 1)                         = 1
read(4, "P", 1)                         = 1
read(4, "6", 1)                         = 1
read(4, "D", 1)                         = 1
read(4, "Z", 1)                         = 1
read(4, "H", 1)                         = 1
read(4, "D", 1)                         = 1
read(4, "P", 1)                         = 1
read(4, "B", 1)                         = 1
read(4, "=", 1)                         = 1
read(4, "G", 1)                         = 1
read(4, "S", 1)                         = 1
read(4, "2", 1)                         = 1
read(4, ".", 1)                         = 1
read(4, "2", 1)                         = 1
read(4, ".", 1)                         = 1
read(4, "s", 1)                         = 1
read(4, "1", 1)                         = 1
read(4, "7", 1)                         = 1
read(4, "6", 1)                         = 1
read(4, "4", 1)                         = 1
read(4, "9", 1)                         = 1
read(4, "0", 1)                         = 1
read(4, "9", 1)                         = 1
read(4, "9", 1)                         = 1
read(4, "9", 1)                         = 1
read(4, "7", 1)                         = 1
read(4, "$", 1)                         = 1
read(4, "o", 1)                         = 1
read(4, "1", 1)                         = 1
read(4, "$", 1)                         = 1
read(4, "g", 1)                         = 1
read(4, "0", 1)                         = 1
read(4, "$", 1)                         = 1
read(4, "t", 1)                         = 1
read(4, "1", 1)                         = 1
read(4, "7", 1)                         = 1
read(4, "6", 1)                         = 1
read(4, "4", 1)                         = 1
read(4, "9", 1)                         = 1
read(4, "0", 1)                         = 1
read(4, "9", 1)                         = 1
read(4, "9", 1)                         = 1
read(4, "9", 1)                         = 1
read(4, "7", 1)                         = 1
read(4, "$", 1)                         = 1
read(4, "j", 1)                         = 1
read(4, "6", 1)                         = 1
read(4, "0", 1)                         = 1
read(4, "$", 1)                         = 1
read(4, "l", 1)                         = 1
read(4, "0", 1)                         = 1
read(4, "$", 1)                         = 1
read(4, "h", 1)                         = 1
read(4, "0", 1)                         = 1
read(4, ";", 1)                         = 1
read(4, " ", 1)                         = 1
read(4, "_", 1)                         = 1
read(4, "g", 1)                         = 1
read(4, "a", 1)                         = 1
read(4, "_", 1)                         = 1
read(4, "D", 1)                         = 1
read(4, "3", 1)                         = 1
read(4, "0", 1)                         = 1
read(4, "N", 1)                         = 1
read(4, "T", 1)                         = 1
read(4, "0", 1)                         = 1
read(4, "S", 1)                         = 1
read(4, "G", 1)                         = 1
read(4, "5", 1)                         = 1
read(4, "H", 1)                         = 1
read(4, "=", 1)                         = 1
read(4, "G", 1)                         = 1
read(4, "S", 1)                         = 1
read(4, "2", 1)                         = 1
read(4, ".", 1)                         = 1
read(4, "1", 1)                         = 1
read(4, ".", 1)                         = 1
read(4, "s", 1)                         = 1
read(4, "1", 1)                         = 1
read(4, "7", 1)                         = 1
read(4, "6", 1)                         = 1
read(4, "4", 1)                         = 1
read(4, "9", 1)                         = 1
read(4, "0", 1)                         = 1
read(4, "9", 1)                         = 1
read(4, "9", 1)                         = 1
read(4, "9", 1)                         = 1
read(4, "4", 1)                         = 1
read(4, "$", 1)                         = 1
read(4, "o", 1)                         = 1
read(4, "1", 1)                         = 1
read(4, "$", 1)                         = 1
read(4, "g", 1)                         = 1
read(4, "0", 1)                         = 1
read(4, "$", 1)                         = 1
read(4, "t", 1)                         = 1
read(4, "1", 1)                         = 1
read(4, "7", 1)                         = 1
read(4, "6", 1)                         = 1
read(4, "4", 1)                         = 1
read(4, "9", 1)                         = 1
read(4, "1", 1)                         = 1
read(4, "0", 1)                         = 1
read(4, "6", 1)                         = 1
read(4, "8", 1)                         = 1
read(4, "1", 1)                         = 1
read(4, "$", 1)                         = 1
read(4, "j", 1)                         = 1
read(4, "6", 1)                         = 1
read(4, "0", 1)                         = 1
read(4, "$", 1)                         = 1
read(4, "l", 1)                         = 1
read(4, "0", 1)                         = 1
read(4, "$", 1)                         = 1
read(4, "h", 1)                         = 1
read(4, "0", 1)                         = 1
read(4, ";", 1)                         = 1
read(4, " ", 1)                         = 1
read(4, "_", 1)                         = 1
read(4, "g", 1)                         = 1
read(4, "a", 1)                         = 1
read(4, "_", 1)                         = 1
read(4, "B", 1)                         = 1
read(4, "2", 1)                         = 1
read(4, "6", 1)                         = 1
read(4, "W", 1)                         = 1
read(4, "B", 1)                         = 1
read(4, "B", 1)                         = 1
read(4, "Q", 1)                         = 1
read(4, "2", 1)                         = 1
read(4, "7", 1)                         = 1
read(4, "X", 1)                         = 1
read(4, "=", 1)                         = 1
read(4, "G", 1)                         = 1
read(4, "S", 1)                         = 1
read(4, "2", 1)                         = 1
read(4, ".", 1)                         = 1
read(4, "1", 1)                         = 1
read(4, ".", 1)                         = 1
read(4, "s", 1)                         = 1
read(4, "1", 1)                         = 1
read(4, "7", 1)                         = 1
read(4, "6", 1)                         = 1
read(4, "4", 1)                         = 1
read(4, "9", 1)                         = 1
read(4, "0", 1)                         = 1
read(4, "9", 1)                         = 1
read(4, "9", 1)                         = 1
read(4, "9", 1)                         = 1
read(4, "4", 1)                         = 1
read(4, "$", 1)                         = 1
read(4, "o", 1)                         = 1
read(4, "2", 1)                         = 1
read(4, "$", 1)                         = 1
read(4, "g", 1)                         = 1
read(4, "0", 1)                         = 1
read(4, "$", 1)                         = 1
read(4, "t", 1)                         = 1
read(4, "1", 1)                         = 1
read(4, "7", 1)                         = 1
read(4, "6", 1)                         = 1
read(4, "4", 1)                         = 1
read(4, "9", 1)                         = 1
read(4, "1", 1)                         = 1
read(4, "0", 1)                         = 1
read(4, "6", 1)                         = 1
read(4, "8", 1)                         = 1
read(4, "1", 1)                         = 1
read(4, "$", 1)                         = 1
read(4, "j", 1)                         = 1
read(4, "6", 1)                         = 1
read(4, "0", 1)                         = 1
read(4, "$", 1)                         = 1
read(4, "l", 1)                         = 1
read(4, "0", 1)                         = 1
read(4, "$", 1)                         = 1
read(4, "h", 1)                         = 1
read(4, "0", 1)                         = 1
read(4, ";", 1)                         = 1
read(4, " ", 1)                         = 1
read(4, "_", 1)                         = 1
read(4, "g", 1)                         = 1
read(4, "i", 1)                         = 1
read(4, "d", 1)                         = 1
read(4, "=", 1)                         = 1
read(4, "G", 1)                         = 1
read(4, "A", 1)                         = 1
read(4, "1", 1)                         = 1
read(4, ".", 1)                         = 1
read(4, "2", 1)                         = 1
read(4, ".", 1)                         = 1
read(4, "1", 1)                         = 1
read(4, "8", 1)                         = 1
read(4, "4", 1)                         = 1
read(4, "6", 1)                         = 1
read(4, "8", 1)                         = 1
read(4, "8", 1)                         = 1
read(4, "0", 1)                         = 1
read(4, "9", 1)                         = 1
read(4, "9", 1)                         = 1
read(4, ".", 1)                         = 1
read(4, "1", 1)                         = 1
read(4, "7", 1)                         = 1
read(4, "6", 1)                         = 1
read(4, "5", 1)                         = 1
read(4, "1", 1)                         = 1
read(4, "6", 1)                         = 1
read(4, "7", 1)                         = 1
read(4, "2", 1)                         = 1
read(4, "2", 1)                         = 1
read(4, "1", 1)                         = 1
read(4, ";", 1)                         = 1
read(4, " ", 1)                         = 1
read(4, "_", 1)                         = 1
read(4, "g", 1)                         = 1
read(4, "a", 1)                         = 1
read(4, "_", 1)                         = 1
read(4, "D", 1)                         = 1
read(4, "Y", 1)                         = 1
read(4, "3", 1)                         = 1
read(4, "R", 1)                         = 1
read(4, "B", 1)                         = 1
read(4, "5", 1)                         = 1
read(4, "X", 1)                         = 1
read(4, "J", 1)                         = 1
read(4, "5", 1)                         = 1
read(4, "Q", 1)                         = 1
read(4, "=", 1)                         = 1
read(4, "G", 1)                         = 1
read(4, "S", 1)                         = 1
read(4, "2", 1)                         = 1
read(4, ".", 1)                         = 1
read(4, "1", 1)                         = 1
read(4, ".", 1)                         = 1
read(4, "s", 1)                         = 1
read(4, "1", 1)                         = 1
read(4, "7", 1)                         = 1
read(4, "6", 1)                         = 1
read(4, "5", 1)                         = 1
read(4, "1", 1)                         = 1
read(4, "6", 1)                         = 1
read(4, "7", 1)                         = 1
read(4, "2", 1)                         = 1
read(4, "2", 1)                         = 1
read(4, "1", 1)                         = 1
read(4, "$", 1)                         = 1
read(4, "o", 1)                         = 1
read(4, "2", 1)                         = 1
read(4, "$", 1)                         = 1
read(4, "g", 1)                         = 1
read(4, "1", 1)                         = 1
read(4, "$", 1)                         = 1
read(4, "t", 1)                         = 1
read(4, "1", 1)                         = 1
read(4, "7", 1)                         = 1
read(4, "6", 1)                         = 1
read(4, "5", 1)                         = 1
read(4, "1", 1)                         = 1
read(4, "6", 1)                         = 1
read(4, "7", 1)                         = 1
read(4, "4", 1)                         = 1
read(4, "5", 1)                         = 1
read(4, "7", 1)                         = 1
read(4, "$", 1)                         = 1
read(4, "j", 1)                         = 1
read(4, "6", 1)                         = 1
read(4, "0", 1)                         = 1
read(4, "$", 1)                         = 1
read(4, "l", 1)                         = 1
read(4, "0", 1)                         = 1
read(4, "$", 1)                         = 1
read(4, "h", 1)                         = 1
read(4, "0", 1)                         = 1
read(4, ";", 1)                         = 1
read(4, " ", 1)                         = 1
read(4, "_", 1)                         = 1
read(4, "g", 1)                         = 1
read(4, "a", 1)                         = 1
read(4, "_", 1)                         = 1
read(4, "X", 1)                         = 1
read(4, "P", 1)                         = 1
read(4, "M", 1)                         = 1
read(4, "T", 1)                         = 1
read(4, "6", 1)                         = 1
read(4, "7", 1)                         = 1
read(4, "W", 1)                         = 1
read(4, "T", 1)                         = 1
read(4, "8", 1)                         = 1
read(4, "4", 1)                         = 1
read(4, "=", 1)                         = 1
read(4, "G", 1)                         = 1
read(4, "S", 1)                         = 1
read(4, "2", 1)                         = 1
read(4, ".", 1)                         = 1
read(4, "1", 1)                         = 1
read(4, ".", 1)                         = 1
read(4, "s", 1)                         = 1
read(4, "1", 1)                         = 1
read(4, "7", 1)                         = 1
read(4, "6", 1)                         = 1
read(4, "5", 1)                         = 1
read(4, "1", 1)                         = 1
read(4, "6", 1)                         = 1
read(4, "7", 1)                         = 1
read(4, "2", 1)                         = 1
read(4, "2", 1)                         = 1
read(4, "1", 1)                         = 1
read(4, "$", 1)                         = 1
read(4, "o", 1)                         = 1
read(4, "5", 1)                         = 1
read(4, "$", 1)                         = 1
read(4, "g", 1)                         = 1
read(4, "1", 1)                         = 1
read(4, "$", 1)                         = 1
read(4, "t", 1)                         = 1
read(4, "1", 1)                         = 1
read(4, "7", 1)                         = 1
read(4, "6", 1)                         = 1
read(4, "5", 1)                         = 1
read(4, "1", 1)                         = 1
read(4, "6", 1)                         = 1
read(4, "7", 1)                         = 1
read(4, "4", 1)                         = 1
read(4, "5", 1)                         = 1
read(4, "7", 1)                         = 1
read(4, "$", 1)                         = 1
read(4, "j", 1)                         = 1
read(4, "6", 1)                         = 1
read(4, "0", 1)                         = 1
read(4, "$", 1)                         = 1
read(4, "l", 1)                         = 1
read(4, "0", 1)                         = 1
read(4, "$", 1)                         = 1
read(4, "h", 1)                         = 1
read(4, "0", 1)                         = 1
read(4, ";", 1)                         = 1
read(4, " ", 1)                         = 1
read(4, "_", 1)                         = 1
read(4, "g", 1)                         = 1
read(4, "a", 1)                         = 1
read(4, "=", 1)                         = 1
read(4, "G", 1)                         = 1
read(4, "A", 1)                         = 1
read(4, "1", 1)                         = 1
read(4, ".", 1)                         = 1
read(4, "1", 1)                         = 1
read(4, ".", 1)                         = 1
read(4, "7", 1)                         = 1
read(4, "6", 1)                         = 1
read(4, "7", 1)                         = 1
read(4, "4", 1)                         = 1
read(4, "0", 1)                         = 1
read(4, "8", 1)                         = 1
read(4, "3", 1)                         = 1
read(4, "3", 1)                         = 1
read(4, "3", 1)                         = 1
read(4, ".", 1)                         = 1
read(4, "1", 1)                         = 1
read(4, "7", 1)                         = 1
read(4, "6", 1)                         = 1
read(4, "5", 1)                         = 1
read(4, "0", 1)                         = 1
read(4, "6", 1)                         = 1
read(4, "2", 1)                         = 1
read(4, "6", 1)                         = 1
read(4, "7", 1)                         = 1
read(4, "0", 1)                         = 1
read(4, ";", 1)                         = 1
read(4, " ", 1)                         = 1
read(4, "_", 1)                         = 1
read(4, "g", 1)                         = 1
read(4, "a", 1)                         = 1
read(4, "_", 1)                         = 1
read(4, "6", 1)                         = 1
read(4, "S", 1)                         = 1
read(4, "H", 1)                         = 1
read(4, "Q", 1)                         = 1
read(4, "B", 1)                         = 1
read(4, "W", 1)                         = 1
read(4, "Q", 1)                         = 1
read(4, "2", 1)                         = 1
read(4, "J", 1)                         = 1
read(4, "2", 1)                         = 1
read(4, "=", 1)                         = 1
read(4, "G", 1)                         = 1
read(4, "S", 1)                         = 1
read(4, "2", 1)                         = 1
read(4, ".", 1)                         = 1
read(4, "2", 1)                         = 1
read(4, ".", 1)                         = 1
read(4, "s", 1)                         = 1
read(4, "1", 1)                         = 1
read(4, "7", 1)                         = 1
read(4, "6", 1)                         = 1
read(4, "5", 1)                         = 1
read(4, "1", 1)                         = 1
read(4, "6", 1)                         = 1
read(4, "7", 1)                         = 1
read(4, "2", 1)                         = 1
read(4, "2", 1)                         = 1
read(4, "1", 1)                         = 1
read(4, "$", 1)                         = 1
read(4, "o", 1)                         = 1
read(4, "5", 1)                         = 1
read(4, "$", 1)                         = 1
read(4, "g", 1)                         = 1
read(4, "1", 1)                         = 1
read(4, "$", 1)                         = 1
read(4, "t", 1)                         = 1
read(4, "1", 1)                         = 1
read(4, "7", 1)                         = 1
read(4, "6", 1)                         = 1
read(4, "5", 1)                         = 1
read(4, "1", 1)                         = 1
read(4, "6", 1)                         = 1
read(4, "7", 1)                         = 1
read(4, "4", 1)                         = 1
read(4, "5", 1)                         = 1
read(4, "7", 1)                         = 1
read(4, "$", 1)                         = 1
read(4, "j", 1)                         = 1
read(4, "6", 1)                         = 1
read(4, "0", 1)                         = 1
read(4, "$", 1)                         = 1
read(4, "l", 1)                         = 1
read(4, "0", 1)                         = 1
read(4, "$", 1)                         = 1
read(4, "h", 1)                         = 1
read(4, "0", 1)                         = 1
read(4, ";", 1)                         = 1
read(4, " ", 1)                         = 1
read(4, "_", 1)                         = 1
read(4, "g", 1)                         = 1
read(4, "a", 1)                         = 1
read(4, "_", 1)                         = 1
read(4, "C", 1)                         = 1
read(4, "S", 1)                         = 1
read(4, "L", 1)                         = 1
read(4, "9", 1)                         = 1
read(4, "0", 1)                         = 1
read(4, "E", 1)                         = 1
read(4, "N", 1)                         = 1
read(4, "V", 1)                         = 1
read(4, "J", 1)                         = 1
read(4, "5", 1)                         = 1
read(4, "=", 1)                         = 1
read(4, "G", 1)                         = 1
read(4, "S", 1)                         = 1
read(4, "2", 1)                         = 1
read(4, ".", 1)                         = 1
read(4, "2", 1)                         = 1
read(4, ".", 1)                         = 1
read(4, "s", 1)                         = 1
read(4, "1", 1)                         = 1
read(4, "7", 1)                         = 1
read(4, "6", 1)                         = 1
read(4, "5", 1)                         = 1
read(4, "1", 1)                         = 1
read(4, "6", 1)                         = 1
read(4, "7", 1)                         = 1
read(4, "2", 1)                         = 1
read(4, "2", 1)                         = 1
read(4, "1", 1)                         = 1
read(4, "$", 1)                         = 1
read(4, "o", 1)                         = 1
read(4, "5", 1)                         = 1
read(4, "$", 1)                         = 1
read(4, "g", 1)                         = 1
read(4, "1", 1)                         = 1
read(4, "$", 1)                         = 1
read(4, "t", 1)                         = 1
read(4, "1", 1)                         = 1
read(4, "7", 1)                         = 1
read(4, "6", 1)                         = 1
read(4, "5", 1)                         = 1
read(4, "1", 1)                         = 1
read(4, "6", 1)                         = 1
read(4, "7", 1)                         = 1
read(4, "4", 1)                         = 1
read(4, "5", 1)                         = 1
read(4, "7", 1)                         = 1
read(4, "$", 1)                         = 1
read(4, "j", 1)                         = 1
read(4, "6", 1)                         = 1
read(4, "0", 1)                         = 1
read(4, "$", 1)                         = 1
read(4, "l", 1)                         = 1
read(4, "0", 1)                         = 1
read(4, "$", 1)                         = 1
read(4, "h", 1)                         = 1
read(4, "0", 1)                         = 1
read(4, ";", 1)                         = 1
read(4, " ", 1)                         = 1
read(4, "_", 1)                         = 1
read(4, "g", 1)                         = 1
read(4, "a", 1)                         = 1
read(4, "_", 1)                         = 1
read(4, "N", 1)                         = 1
read(4, "6", 1)                         = 1
read(4, "1", 1)                         = 1
read(4, "R", 1)                         = 1
read(4, "R", 1)                         = 1
read(4, "1", 1)                         = 1
read(4, "E", 1)                         = 1
read(4, "H", 1)                         = 1
read(4, "3", 1)                         = 1
read(4, "V", 1)                         = 1
read(4, "=", 1)                         = 1
read(4, "G", 1)                         = 1
read(4, "S", 1)                         = 1
read(4, "2", 1)                         = 1
read(4, ".", 1)                         = 1
read(4, "2", 1)                         = 1
read(4, ".", 1)                         = 1
read(4, "s", 1)                         = 1
read(4, "1", 1)                         = 1
read(4, "7", 1)                         = 1
read(4, "6", 1)                         = 1
read(4, "5", 1)                         = 1
read(4, "1", 1)                         = 1
read(4, "6", 1)                         = 1
read(4, "7", 1)                         = 1
read(4, "2", 1)                         = 1
read(4, "2", 1)                         = 1
read(4, "1", 1)                         = 1
read(4, "$", 1)                         = 1
read(4, "o", 1)                         = 1
read(4, "5", 1)                         = 1
read(4, "$", 1)                         = 1
read(4, "g", 1)                         = 1
read(4, "1", 1)                         = 1
read(4, "$", 1)                         = 1
read(4, "t", 1)                         = 1
read(4, "1", 1)                         = 1
read(4, "7", 1)                         = 1
read(4, "6", 1)                         = 1
read(4, "5", 1)                         = 1
read(4, "1", 1)                         = 1
read(4, "6", 1)                         = 1
read(4, "7", 1)                         = 1
read(4, "4", 1)                         = 1
read(4, "5", 1)                         = 1
read(4, "7", 1)                         = 1
read(4, "$", 1)                         = 1
read(4, "j", 1)                         = 1
read(4, "6", 1)                         = 1
read(4, "0", 1)                         = 1
read(4, "$", 1)                         = 1
read(4, "l", 1)                         = 1
read(4, "0", 1)                         = 1
read(4, "$", 1)                         = 1
read(4, "h", 1)                         = 1
read(4, "0", 1)                         = 1
read(4, "\r", 1)                        = 1
read(4, "\n", 1)                        = 1
read(4, "\r", 1)                        = 1
read(4, "\n", 1)                        = 1
openat(AT_FDCWD, "http-root-dir/server.log", O_WRONLY|O_CREAT|O_APPEND, 0666) = 5
lseek(5, 0, SEEK_END)                   = 38874
newfstatat(AT_FDCWD, "/etc/localtime", {st_mode=S_IFREG|0644, st_size=1682, ...}, 0) = 0
newfstatat(5, "", {st_mode=S_IFREG|0640, st_size=38874, ...}, AT_EMPTY_PATH) = 0
write(5, "2025-12-08 01:02:22 | 100.69.114"..., 52) = 52
close(5)                                = 0
newfstatat(AT_FDCWD, "http-root-dir/htdocs/stream.html", {st_mode=S_IFREG|0644, st_size=2283, ...}, 0) = 0
openat(AT_FDCWD, "http-root-dir/htdocs/stream.html", O_RDONLY) = 5
newfstatat(5, "", {st_mode=S_IFREG|0644, st_size=2283, ...}, AT_EMPTY_PATH) = 0
read(5, "<!DOCTYPE html>\n<html lang=\"en\">"..., 2283) = 2283
write(4, "HTTP/1.1 200 Document follows\r\nS"..., 125) = 125
write(4, "<!DOCTYPE html>\n<html lang=\"en\">"..., 2283) = 2283
close(5)                                = 0
getpeername(4, {sa_family=AF_INET, sin_port=htons(55219), sin_addr=inet_addr("100.69.114.175")}, [16]) = 0
read(4, "G", 1)                         = 1
read(4, "E", 1)                         = 1
read(4, "T", 1)                         = 1
read(4, " ", 1)                         = 1
read(4, "/", 1)                         = 1
read(4, "s", 1)                         = 1
read(4, "t", 1)                         = 1
read(4, "r", 1)                         = 1
read(4, "e", 1)                         = 1
read(4, "a", 1)                         = 1
read(4, "m", 1)                         = 1
read(4, "/", 1)                         = 1
read(4, "p", 1)                         = 1
read(4, "l", 1)                         = 1
read(4, "a", 1)                         = 1
read(4, "y", 1)                         = 1
read(4, " ", 1)                         = 1
read(4, "H", 1)                         = 1
read(4, "T", 1)                         = 1
read(4, "T", 1)                         = 1
read(4, "P", 1)                         = 1
read(4, "/", 1)                         = 1
read(4, "1", 1)                         = 1
read(4, ".", 1)                         = 1
read(4, "1", 1)                         = 1
read(4, "\r", 1)                        = 1
read(4, "\n", 1)                        = 1
read(4, "H", 1)                         = 1
read(4, "o", 1)                         = 1
read(4, "s", 1)                         = 1
read(4, "t", 1)                         = 1
read(4, ":", 1)                         = 1
read(4, " ", 1)                         = 1
read(4, "d", 1)                         = 1
read(4, "a", 1)                         = 1
read(4, "t", 1)                         = 1
read(4, "a", 1)                         = 1
read(4, ".", 1)                         = 1
read(4, "c", 1)                         = 1
read(4, "s", 1)                         = 1
read(4, ".", 1)                         = 1
read(4, "p", 1)                         = 1
read(4, "u", 1)                         = 1
read(4, "r", 1)                         = 1
read(4, "d", 1)                         = 1
read(4, "u", 1)                         = 1
read(4, "e", 1)                         = 1
read(4, ".", 1)                         = 1
read(4, "e", 1)                         = 1
read(4, "d", 1)                         = 1
read(4, "u", 1)                         = 1
read(4, ":", 1)                         = 1
read(4, "9", 1)                         = 1
read(4, "0", 1)                         = 1
read(4, "0", 1)                         = 1
read(4, "2", 1)                         = 1
read(4, "\r", 1)                        = 1
read(4, "\n", 1)                        = 1
read(4, "C", 1)                         = 1
read(4, "o", 1)                         = 1
read(4, "n", 1)                         = 1
read(4, "n", 1)                         = 1
read(4, "e", 1)                         = 1
read(4, "c", 1)                         = 1
read(4, "t", 1)                         = 1
read(4, "i", 1)                         = 1
read(4, "o", 1)                         = 1
read(4, "n", 1)                         = 1
read(4, ":", 1)                         = 1
read(4, " ", 1)                         = 1
read(4, "k", 1)                         = 1
read(4, "e", 1)                         = 1
read(4, "e", 1)                         = 1
read(4, "p", 1)                         = 1
read(4, "-", 1)                         = 1
read(4, "a", 1)                         = 1
read(4, "l", 1)                         = 1
read(4, "i", 1)                         = 1
read(4, "v", 1)                         = 1
read(4, "e", 1)                         = 1
read(4, "\r", 1)                        = 1
read(4, "\n", 1)                        = 1
read(4, "A", 1)                         = 1
read(4, "u", 1)                         = 1
read(4, "t", 1)                         = 1
read(4, "h", 1)                         = 1
read(4, "o", 1)                         = 1
read(4, "r", 1)                         = 1
read(4, "i", 1)                         = 1
read(4, "z", 1)                         = 1
read(4, "a", 1)                         = 1
read(4, "t", 1)                         = 1
read(4, "i", 1)                         = 1
read(4, "o", 1)                         = 1
read(4, "n", 1)                         = 1
read(4, ":", 1)                         = 1
read(4, " ", 1)                         = 1
read(4, "B", 1)                         = 1
read(4, "a", 1)                         = 1
read(4, "s", 1)                         = 1
read(4, "i", 1)                         = 1
read(4, "c", 1)                         = 1
read(4, " ", 1)                         = 1
read(4, "b", 1)                         = 1
read(4, "m", 1)                         = 1
read(4, "F", 1)                         = 1
read(4, "t", 1)                         = 1
read(4, "Y", 1)                         = 1
read(4, "W", 1)                         = 1
read(4, "I", 1)                         = 1
read(4, "6", 1)                         = 1
read(4, "a", 1)                         = 1
read(4, "2", 1)                         = 1
read(4, "F", 1)                         = 1
read(4, "u", 1)                         = 1
read(4, "c", 1)                         = 1
read(4, "2", 1)                         = 1
read(4, "F", 1)                         = 1
read(4, "s", 1)                         = 1
read(4, "M", 1)                         = 1
read(4, "g", 1)                         = 1
read(4, "=", 1)                         = 1
read(4, "=", 1)                         = 1
read(4, "\r", 1)                        = 1
read(4, "\n", 1)                        = 1
read(4, "U", 1)                         = 1
read(4, "s", 1)                         = 1
read(4, "e", 1)                         = 1
read(4, "r", 1)                         = 1
read(4, "-", 1)                         = 1
read(4, "A", 1)                         = 1
read(4, "g", 1)                         = 1
read(4, "e", 1)                         = 1
read(4, "n", 1)                         = 1
read(4, "t", 1)                         = 1
read(4, ":", 1)                         = 1
read(4, " ", 1)                         = 1
read(4, "M", 1)                         = 1
read(4, "o", 1)                         = 1
read(4, "z", 1)                         = 1
read(4, "i", 1)                         = 1
read(4, "l", 1)                         = 1
read(4, "l", 1)                         = 1
read(4, "a", 1)                         = 1
read(4, "/", 1)                         = 1
read(4, "5", 1)                         = 1
read(4, ".", 1)                         = 1
read(4, "0", 1)                         = 1
read(4, " ", 1)                         = 1
read(4, "(", 1)                         = 1
read(4, "M", 1)                         = 1
read(4, "a", 1)                         = 1
read(4, "c", 1)                         = 1
read(4, "i", 1)                         = 1
read(4, "n", 1)                         = 1
read(4, "t", 1)                         = 1
read(4, "o", 1)                         = 1
read(4, "s", 1)                         = 1
read(4, "h", 1)                         = 1
read(4, ";", 1)                         = 1
read(4, " ", 1)                         = 1
read(4, "I", 1)                         = 1
read(4, "n", 1)                         = 1
read(4, "t", 1)                         = 1
read(4, "e", 1)                         = 1
read(4, "l", 1)                         = 1
read(4, " ", 1)                         = 1
read(4, "M", 1)                         = 1
read(4, "a", 1)                         = 1
read(4, "c", 1)                         = 1
read(4, " ", 1)                         = 1
read(4, "O", 1)                         = 1
read(4, "S", 1)                         = 1
read(4, " ", 1)                         = 1
read(4, "X", 1)                         = 1
read(4, " ", 1)                         = 1
read(4, "1", 1)                         = 1
read(4, "0", 1)                         = 1
read(4, "_", 1)                         = 1
read(4, "1", 1)                         = 1
read(4, "5", 1)                         = 1
read(4, "_", 1)                         = 1
read(4, "7", 1)                         = 1
read(4, ")", 1)                         = 1
read(4, " ", 1)                         = 1
read(4, "A", 1)                         = 1
read(4, "p", 1)                         = 1
read(4, "p", 1)                         = 1
read(4, "l", 1)                         = 1
read(4, "e", 1)                         = 1
read(4, "W", 1)                         = 1
read(4, "e", 1)                         = 1
read(4, "b", 1)                         = 1
read(4, "K", 1)                         = 1
read(4, "i", 1)                         = 1
read(4, "t", 1)                         = 1
read(4, "/", 1)                         = 1
read(4, "5", 1)                         = 1
read(4, "3", 1)                         = 1
read(4, "7", 1)                         = 1
read(4, ".", 1)                         = 1
read(4, "3", 1)                         = 1
read(4, "6", 1)                         = 1
read(4, " ", 1)                         = 1
read(4, "(", 1)                         = 1
read(4, "K", 1)                         = 1
read(4, "H", 1)                         = 1
read(4, "T", 1)                         = 1
read(4, "M", 1)                         = 1
read(4, "L", 1)                         = 1
read(4, ",", 1)                         = 1
read(4, " ", 1)                         = 1
read(4, "l", 1)                         = 1
read(4, "i", 1)                         = 1
read(4, "k", 1)                         = 1
read(4, "e", 1)                         = 1
read(4, " ", 1)                         = 1
read(4, "G", 1)                         = 1
read(4, "e", 1)                         = 1
read(4, "c", 1)                         = 1
read(4, "k", 1)                         = 1
read(4, "o", 1)                         = 1
read(4, ")", 1)                         = 1
read(4, " ", 1)                         = 1
read(4, "C", 1)                         = 1
read(4, "h", 1)                         = 1
read(4, "r", 1)                         = 1
read(4, "o", 1)                         = 1
read(4, "m", 1)                         = 1
read(4, "e", 1)                         = 1
read(4, "/", 1)                         = 1
read(4, "1", 1)                         = 1
read(4, "4", 1)                         = 1
read(4, "2", 1)                         = 1
read(4, ".", 1)                         = 1
read(4, "0", 1)                         = 1
read(4, ".", 1)                         = 1
read(4, "0", 1)                         = 1
read(4, ".", 1)                         = 1
read(4, "0", 1)                         = 1
read(4, " ", 1)                         = 1
read(4, "S", 1)                         = 1
read(4, "a", 1)                         = 1
read(4, "f", 1)                         = 1
read(4, "a", 1)                         = 1
read(4, "r", 1)                         = 1
read(4, "i", 1)                         = 1
read(4, "/", 1)                         = 1
read(4, "5", 1)                         = 1
read(4, "3", 1)                         = 1
read(4, "7", 1)                         = 1
read(4, ".", 1)                         = 1
read(4, "3", 1)                         = 1
read(4, "6", 1)                         = 1
read(4, "\r", 1)                        = 1
read(4, "\n", 1)                        = 1
read(4, "A", 1)                         = 1
read(4, "c", 1)                         = 1
read(4, "c", 1)                         = 1
read(4, "e", 1)                         = 1
read(4, "p", 1)                         = 1
read(4, "t", 1)                         = 1
read(4, ":", 1)                         = 1
read(4, " ", 1)                         = 1
read(4, "i", 1)                         = 1
read(4, "m", 1)                         = 1
read(4, "a", 1)                         = 1
read(4, "g", 1)                         = 1
read(4, "e", 1)                         = 1
read(4, "/", 1)                         = 1
read(4, "a", 1)                         = 1
read(4, "v", 1)                         = 1
read(4, "i", 1)                         = 1
read(4, "f", 1)                         = 1
read(4, ",", 1)                         = 1
read(4, "i", 1)                         = 1
read(4, "m", 1)                         = 1
read(4, "a", 1)                         = 1
read(4, "g", 1)                         = 1
read(4, "e", 1)                         = 1
read(4, "/", 1)                         = 1
read(4, "w", 1)                         = 1
read(4, "e", 1)                         = 1
read(4, "b", 1)                         = 1
read(4, "p", 1)                         = 1
read(4, ",", 1)                         = 1
read(4, "i", 1)                         = 1
read(4, "m", 1)                         = 1
read(4, "a", 1)                         = 1
read(4, "g", 1)                         = 1
read(4, "e", 1)                         = 1
read(4, "/", 1)                         = 1
read(4, "a", 1)                         = 1
read(4, "p", 1)                         = 1
read(4, "n", 1)                         = 1
read(4, "g", 1)                         = 1
read(4, ",", 1)                         = 1
read(4, "i", 1)                         = 1
read(4, "m", 1)                         = 1
read(4, "a", 1)                         = 1
read(4, "g", 1)                         = 1
read(4, "e", 1)                         = 1
read(4, "/", 1)                         = 1
read(4, "s", 1)                         = 1
read(4, "v", 1)                         = 1
read(4, "g", 1)                         = 1
read(4, "+", 1)                         = 1
read(4, "x", 1)                         = 1
read(4, "m", 1)                         = 1
read(4, "l", 1)                         = 1
read(4, ",", 1)                         = 1
read(4, "i", 1)                         = 1
read(4, "m", 1)                         = 1
read(4, "a", 1)                         = 1
read(4, "g", 1)                         = 1
read(4, "e", 1)                         = 1
read(4, "/", 1)                         = 1
read(4, "*", 1)                         = 1
read(4, ",", 1)                         = 1
read(4, "*", 1)                         = 1
read(4, "/", 1)                         = 1
read(4, "*", 1)                         = 1
read(4, ";", 1)                         = 1
read(4, "q", 1)                         = 1
read(4, "=", 1)                         = 1
read(4, "0", 1)                         = 1
read(4, ".", 1)                         = 1
read(4, "8", 1)                         = 1
read(4, "\r", 1)                        = 1
read(4, "\n", 1)                        = 1
read(4, "R", 1)                         = 1
read(4, "e", 1)                         = 1
read(4, "f", 1)                         = 1
read(4, "e", 1)                         = 1
read(4, "r", 1)                         = 1
read(4, "e", 1)                         = 1
read(4, "r", 1)                         = 1
read(4, ":", 1)                         = 1
read(4, " ", 1)                         = 1
read(4, "h", 1)                         = 1
read(4, "t", 1)                         = 1
read(4, "t", 1)                         = 1
read(4, "p", 1)                         = 1
read(4, ":", 1)                         = 1
read(4, "/", 1)                         = 1
read(4, "/", 1)                         = 1
read(4, "d", 1)                         = 1
read(4, "a", 1)                         = 1
read(4, "t", 1)                         = 1
read(4, "a", 1)                         = 1
read(4, ".", 1)                         = 1
read(4, "c", 1)                         = 1
read(4, "s", 1)                         = 1
read(4, ".", 1)                         = 1
read(4, "p", 1)                         = 1
read(4, "u", 1)                         = 1
read(4, "r", 1)                         = 1
read(4, "d", 1)                         = 1
read(4, "u", 1)                         = 1
read(4, "e", 1)                         = 1
read(4, ".", 1)                         = 1
read(4, "e", 1)                         = 1
read(4, "d", 1)                         = 1
read(4, "u", 1)                         = 1
read(4, ":", 1)                         = 1
read(4, "9", 1)                         = 1
read(4, "0", 1)                         = 1
read(4, "0", 1)                         = 1
read(4, "2", 1)                         = 1
read(4, "/", 1)                         = 1
read(4, "s", 1)                         = 1
read(4, "t", 1)                         = 1
read(4, "r", 1)                         = 1
read(4, "e", 1)                         = 1
read(4, "a", 1)                         = 1
read(4, "m", 1)                         = 1
read(4, ".", 1)                         = 1
read(4, "h", 1)                         = 1
read(4, "t", 1)                         = 1
read(4, "m", 1)                         = 1
read(4, "l", 1)                         = 1
read(4, "\r", 1)                        = 1
read(4, "\n", 1)                        = 1
read(4, "A", 1)                         = 1
read(4, "c", 1)                         = 1
read(4, "c", 1)                         = 1
read(4, "e", 1)                         = 1
read(4, "p", 1)                         = 1
read(4, "t", 1)                         = 1
read(4, "-", 1)                         = 1
read(4, "E", 1)                         = 1
read(4, "n", 1)                         = 1
read(4, "c", 1)                         = 1
read(4, "o", 1)                         = 1
read(4, "d", 1)                         = 1
read(4, "i", 1)                         = 1
read(4, "n", 1)                         = 1
read(4, "g", 1)                         = 1
read(4, ":", 1)                         = 1
read(4, " ", 1)                         = 1
read(4, "g", 1)                         = 1
read(4, "z", 1)                         = 1
read(4, "i", 1)                         = 1
read(4, "p", 1)                         = 1
read(4, ",", 1)                         = 1
read(4, " ", 1)                         = 1
read(4, "d", 1)                         = 1
read(4, "e", 1)                         = 1
read(4, "f", 1)                         = 1
read(4, "l", 1)                         = 1
read(4, "a", 1)                         = 1
read(4, "t", 1)                         = 1
read(4, "e", 1)                         = 1
read(4, "\r", 1)                        = 1
read(4, "\n", 1)                        = 1
read(4, "A", 1)                         = 1
read(4, "c", 1)                         = 1
read(4, "c", 1)                         = 1
read(4, "e", 1)                         = 1
read(4, "p", 1)                         = 1
read(4, "t", 1)                         = 1
read(4, "-", 1)                         = 1
read(4, "L", 1)                         = 1
read(4, "a", 1)                         = 1
read(4, "n", 1)                         = 1
read(4, "g", 1)                         = 1
read(4, "u", 1)                         = 1
read(4, "a", 1)                         = 1
read(4, "g", 1)                         = 1
read(4, "e", 1)                         = 1
read(4, ":", 1)                         = 1
read(4, " ", 1)                         = 1
read(4, "e", 1)                         = 1
read(4, "n", 1)                         = 1
read(4, "-", 1)                         = 1
read(4, "G", 1)                         = 1
read(4, "B", 1)                         = 1
read(4, ",", 1)                         = 1
read(4, "e", 1)                         = 1
read(4, "n", 1)                         = 1
read(4, "-", 1)                         = 1
read(4, "U", 1)                         = 1
read(4, "S", 1)                         = 1
read(4, ";", 1)                         = 1
read(4, "q", 1)                         = 1
read(4, "=", 1)                         = 1
read(4, "0", 1)                         = 1
read(4, ".", 1)                         = 1
read(4, "9", 1)                         = 1
read(4, ",", 1)                         = 1
read(4, "e", 1)                         = 1
read(4, "n", 1)                         = 1
read(4, ";", 1)                         = 1
read(4, "q", 1)                         = 1
read(4, "=", 1)                         = 1
read(4, "0", 1)                         = 1
read(4, ".", 1)                         = 1
read(4, "8", 1)                         = 1
read(4, ",", 1)                         = 1
read(4, "h", 1)                         = 1
read(4, "i", 1)                         = 1
read(4, ";", 1)                         = 1
read(4, "q", 1)                         = 1
read(4, "=", 1)                         = 1
read(4, "0", 1)                         = 1
read(4, ".", 1)                         = 1
read(4, "7", 1)                         = 1
read(4, "\r", 1)                        = 1
read(4, "\n", 1)                        = 1
read(4, "C", 1)                         = 1
read(4, "o", 1)                         = 1
read(4, "o", 1)                         = 1
read(4, "k", 1)                         = 1
read(4, "i", 1)                         = 1
read(4, "e", 1)                         = 1
read(4, ":", 1)                         = 1
read(4, " ", 1)                         = 1
read(4, "n", 1)                         = 1
read(4, "m", 1)                         = 1
read(4, "s", 1)                         = 1
read(4, "t", 1)                         = 1
read(4, "a", 1)                         = 1
read(4, "t", 1)                         = 1
read(4, "=", 1)                         = 1
read(4, "e", 1)                         = 1
read(4, "a", 1)                         = 1
read(4, "d", 1)                         = 1
read(4, "6", 1)                         = 1
read(4, "5", 1)                         = 1
read(4, "7", 1)                         = 1
read(4, "4", 1)                         = 1
read(4, "6", 1)                         = 1
read(4, "-", 1)                         = 1
read(4, "b", 1)                         = 1
read(4, "d", 1)                         = 1
read(4, "b", 1)                         = 1
read(4, "a", 1)                         = 1
read(4, "-", 1)                         = 1
read(4, "f", 1)                         = 1
read(4, "9", 1)                         = 1
read(4, "3", 1)                         = 1
read(4, "5", 1)                         = 1
read(4, "-", 1)                         = 1
read(4, "1", 1)                         = 1
read(4, "8", 1)                         = 1
read(4, "a", 1)                         = 1
read(4, "9", 1)                         = 1
read(4, "-", 1)                         = 1
read(4, "7", 1)                         = 1
read(4, "a", 1)                         = 1
read(4, "a", 1)                         = 1
read(4, "9", 1)                         = 1
read(4, "c", 1)                         = 1
read(4, "8", 1)                         = 1
read(4, "2", 1)                         = 1
read(4, "6", 1)                         = 1
read(4, "2", 1)                         = 1
read(4, "4", 1)                         = 1
read(4, "4", 1)                         = 1
read(4, "6", 1)                         = 1
read(4, ";", 1)                         = 1
read(4, " ", 1)                         = 1
read(4, "_", 1)                         = 1
read(4, "g", 1)                         = 1
read(4, "a", 1)                         = 1
read(4, "_", 1)                         = 1
read(4, "P", 1)                         = 1
read(4, "V", 1)                         = 1
read(4, "8", 1)                         = 1
read(4, "T", 1)                         = 1
read(4, "1", 1)                         = 1
read(4, "8", 1)                         = 1
read(4, "L", 1)                         = 1
read(4, "J", 1)                         = 1
read(4, "R", 1)                         = 1
read(4, "9", 1)                         = 1
read(4, "=", 1)                         = 1
read(4, "G", 1)                         = 1
read(4, "S", 1)                         = 1
read(4, "1", 1)                         = 1
read(4, ".", 1)                         = 1
read(4, "2", 1)                         = 1
read(4, ".", 1)                         = 1
read(4, "1", 1)                         = 1
read(4, "7", 1)                         = 1
read(4, "3", 1)                         = 1
read(4, "2", 1)                         = 1
read(4, "6", 1)                         = 1
read(4, "2", 1)                         = 1
read(4, "6", 1)                         = 1
read(4, "6", 1)                         = 1
read(4, "7", 1)                         = 1
read(4, "1", 1)                         = 1
read(4, ".", 1)                         = 1
read(4, "1", 1)                         = 1
read(4, ".", 1)                         = 1
read(4, "1", 1)                         = 1
read(4, ".", 1)                         = 1
read(4, "1", 1)                         = 1
read(4, "7", 1)                         = 1
read(4, "3", 1)                         = 1
read(4, "2", 1)                         = 1
read(4, "6", 1)                         = 1
read(4, "2", 1)                         = 1
read(4, "6", 1)                         = 1
read(4, "7", 1)                         = 1
read(4, "0", 1)                         = 1
read(4, "1", 1)                         = 1
read(4, ".", 1)                         = 1
read(4, "0", 1)                         = 1
read(4, ".", 1)                         = 1
read(4, "0", 1)                         = 1
read(4, ".", 1)                         = 1
read(4, "0", 1)                         = 1
read(4, ";", 1)                         = 1
read(4, " ", 1)                         = 1
read(4, "_", 1)                         = 1
read(4, "f", 1)                         = 1
read(4, "b", 1)                         = 1
read(4, "p", 1)                         = 1
read(4, "=", 1)                         = 1
read(4, "f", 1)                         = 1
read(4, "b", 1)                         = 1
read(4, ".", 1)                         = 1
read(4, "1", 1)                         = 1
read(4, ".", 1)                         = 1
read(4, "1", 1)                         = 1
read(4, "7", 1)                         = 1
read(4, "5", 1)                         = 1
read(4, "8", 1)                         = 1
read(4, "4", 1)                         = 1
read(4, "8", 1)                         = 1
read(4, "4", 1)                         = 1
read(4, "7", 1)                         = 1
read(4, "2", 1)                         = 1
read(4, "7", 1)                         = 1
read(4, "2", 1)                         = 1
read(4, "1", 1)                         = 1
read(4, "7", 1)                         = 1
read(4, ".", 1)                         = 1
read(4, "6", 1)                         = 1
read(4, "3", 1)                         = 1
read(4, "9", 1)                         = 1
read(4, "4", 1)                         = 1
read(4, "0", 1)                         = 1
read(4, "5", 1)                         = 1
read(4, "5", 1)                         = 1
read(4, "7", 1)                         = 1
read(4, "4", 1)                         = 1
read(4, "9", 1)                         = 1
read(4, "2", 1)                         = 1
read(4, "0", 1)                         = 1
read(4, "1", 1)                         = 1
read(4, "8", 1)                         = 1
read(4, "6", 1)                         = 1
read(4, "5", 1)                         = 1
read(4, "9", 1)                         = 1
read(4, "7", 1)                         = 1
read(4, ";", 1)                         = 1
read(4, " ", 1)                         = 1
read(4, "_", 1)                         = 1
read(4, "g", 1)                         = 1
read(4, "c", 1)                         = 1
read(4, "l", 1)                         = 1
read(4, "_", 1)                         = 1
read(4, "a", 1)                         = 1
read(4, "u", 1)                         = 1
read(4, "=", 1)                         = 1
read(4, "1", 1)                         = 1
read(4, ".", 1)                         = 1
read(4, "1", 1)                         = 1
read(4, ".", 1)                         = 1
read(4, "1", 1)                         = 1
read(4, "4", 1)                         = 1
read(4, "3", 1)                         = 1
read(4, "6", 1)                         = 1
read(4, "4", 1)                         = 1
read(4, "7", 1)                         = 1
read(4, "7", 1)                         = 1
read(4, "7", 1)                         = 1
read(4, "0", 1)                         = 1
read(4, ".", 1)                         = 1
read(4, "1", 1)                         = 1
read(4, "7", 1)                         = 1
read(4, "5", 1)                         = 1
read(4, "8", 1)                         = 1
read(4, "4", 1)                         = 1
read(4, "8", 1)                         = 1
read(4, "4", 1)                         = 1
read(4, "7", 1)                         = 1
read(4, "2", 1)                         = 1
read(4, "7", 1)                         = 1
read(4, ";", 1)                         = 1
read(4, " ", 1)                         = 1
read(4, "_", 1)                         = 1
read(4, "g", 1)                         = 1
read(4, "a", 1)                         = 1
read(4, "_", 1)                         = 1
read(4, "M", 1)                         = 1
read(4, "V", 1)                         = 1
read(4, "P", 1)                         = 1
read(4, "Q", 1)                         = 1
read(4, "R", 1)                         = 1
read(4, "H", 1)                         = 1
read(4, "5", 1)                         = 1
read(4, "W", 1)                         = 1
read(4, "M", 1)                         = 1
read(4, "L", 1)                         = 1
read(4, "=", 1)                         = 1
read(4, "G", 1)                         = 1
read(4, "S", 1)                         = 1
read(4, "2", 1)                         = 1
read(4, ".", 1)                         = 1
read(4, "1", 1)                         = 1
read(4, ".", 1)                         = 1
read(4, "s", 1)                         = 1
read(4, "1", 1)                         = 1
read(4, "7", 1)                         = 1
read(4, "5", 1)                         = 1
read(4, "9", 1)                         = 1
read(4, "1", 1)                         = 1
read(4, "7", 1)                         = 1
read(4, "3", 1)                         = 1
read(4, "0", 1)                         = 1
read(4, "1", 1)                         = 1
read(4, "5", 1)                         = 1
read(4, "$", 1)                         = 1
read(4, "o", 1)                         = 1
read(4, "1", 1)                         = 1
read(4, "$", 1)                         = 1
read(4, "g", 1)                         = 1
read(4, "1", 1)                         = 1
read(4, "$", 1)                         = 1
read(4, "t", 1)                         = 1
read(4, "1", 1)                         = 1
read(4, "7", 1)                         = 1
read(4, "5", 1)                         = 1
read(4, "9", 1)                         = 1
read(4, "1", 1)                         = 1
read(4, "7", 1)                         = 1
read(4, "3", 1)                         = 1
read(4, "0", 1)                         = 1
read(4, "1", 1)                         = 1
read(4, "8", 1)                         = 1
read(4, "$", 1)                         = 1
read(4, "j", 1)                         = 1
read(4, "5", 1)                         = 1
read(4, "7", 1)                         = 1
read(4, "$", 1)                         = 1
read(4, "l", 1)                         = 1
read(4, "0", 1)                         = 1
read(4, "$", 1)                         = 1
read(4, "h", 1)                         = 1
read(4, "0", 1)                         = 1
read(4, ";", 1)                         = 1
read(4, " ", 1)                         = 1
read(4, "_", 1)                         = 1
read(4, "g", 1)                         = 1
read(4, "a", 1)                         = 1
read(4, "_", 1)                         = 1
read(4, "Q", 1)                         = 1
read(4, "4", 1)                         = 1
read(4, "Z", 1)                         = 1
read(4, "W", 1)                         = 1
read(4, "X", 1)                         = 1
read(4, "0", 1)                         = 1
read(4, "P", 1)                         = 1
read(4, "5", 1)                         = 1
read(4, "M", 1)                         = 1
read(4, "4", 1)                         = 1
read(4, "=", 1)                         = 1
read(4, "G", 1)                         = 1
read(4, "S", 1)                         = 1
read(4, "2", 1)                         = 1
read(4, ".", 1)                         = 1
read(4, "1", 1)                         = 1
read(4, ".", 1)                         = 1
read(4, "s", 1)                         = 1
read(4, "1", 1)                         = 1
read(4, "7", 1)                         = 1
read(4, "6", 1)                         = 1
read(4, "4", 1)                         = 1
read(4, "1", 1)                         = 1
read(4, "0", 1)                         = 1
read(4, "4", 1)                         = 1
read(4, "9", 1)                         = 1
read(4, "0", 1)                         = 1
read(4, "2", 1)                         = 1
read(4, "$", 1)                         = 1
read(4, "o", 1)                         = 1
read(4, "1", 1)                         = 1
read(4, "$", 1)                         = 1
read(4, "g", 1)                         = 1
read(4, "0", 1)                         = 1
read(4, "$", 1)                         = 1
read(4, "t", 1)                         = 1
read(4, "1", 1)                         = 1
read(4, "7", 1)                         = 1
read(4, "6", 1)                         = 1
read(4, "4", 1)                         = 1
read(4, "1", 1)                         = 1
read(4, "0", 1)                         = 1
read(4, "5", 1)                         = 1
read(4, "6", 1)                         = 1
read(4, "1", 1)                         = 1
read(4, "8", 1)                         = 1
read(4, "$", 1)                         = 1
read(4, "j", 1)                         = 1
read(4, "6", 1)                         = 1
read(4, "0", 1)                         = 1
read(4, "$", 1)                         = 1
read(4, "l", 1)                         = 1
read(4, "0", 1)                         = 1
read(4, "$", 1)                         = 1
read(4, "h", 1)                         = 1
read(4, "0", 1)                         = 1
read(4, ";", 1)                         = 1
read(4, " ", 1)                         = 1
read(4, "_", 1)                         = 1
read(4, "g", 1)                         = 1
read(4, "a", 1)                         = 1
read(4, "_", 1)                         = 1
read(4, "8", 1)                         = 1
read(4, "Z", 1)                         = 1
read(4, "B", 1)                         = 1
read(4, "R", 1)                         = 1
read(4, "9", 1)                         = 1
read(4, "L", 1)                         = 1
read(4, "Y", 1)                         = 1
read(4, "5", 1)                         = 1
read(4, "W", 1)                         = 1
read(4, "Q", 1)                         = 1
read(4, "=", 1)                         = 1
read(4, "G", 1)                         = 1
read(4, "S", 1)                         = 1
read(4, "2", 1)                         = 1
read(4, ".", 1)                         = 1
read(4, "1", 1)                         = 1
read(4, ".", 1)                         = 1
read(4, "s", 1)                         = 1
read(4, "1", 1)                         = 1
read(4, "7", 1)                         = 1
read(4, "6", 1)                         = 1
read(4, "4", 1)                         = 1
read(4, "1", 1)                         = 1
read(4, "0", 1)                         = 1
read(4, "6", 1)                         = 1
read(4, "6", 1)                         = 1
read(4, "0", 1)                         = 1
read(4, "7", 1)                         = 1
read(4, "$", 1)                         = 1
read(4, "o", 1)                         = 1
read(4, "1", 1)                         = 1
read(4, "0", 1)                         = 1
read(4, "$", 1)                         = 1
read(4, "g", 1)                         = 1
read(4, "0", 1)                         = 1
read(4, "$", 1)                         = 1
read(4, "t", 1)                         = 1
read(4, "1", 1)                         = 1
read(4, "7", 1)                         = 1
read(4, "6", 1)                         = 1
read(4, "4", 1)                         = 1
read(4, "1", 1)                         = 1
read(4, "0", 1)                         = 1
read(4, "6", 1)                         = 1
read(4, "6", 1)                         = 1
read(4, "0", 1)                         = 1
read(4, "7", 1)                         = 1
read(4, "$", 1)                         = 1
read(4, "j", 1)                         = 1
read(4, "6", 1)                         = 1
read(4, "0", 1)                         = 1
read(4, "$", 1)                         = 1
read(4, "l", 1)                         = 1
read(4, "0", 1)                         = 1
read(4, "$", 1)                         = 1
read(4, "h", 1)                         = 1
read(4, "0", 1)                         = 1
read(4, ";", 1)                         = 1
read(4, " ", 1)                         = 1
read(4, "t", 1)                         = 1
read(4, "o", 1)                         = 1
read(4, "k", 1)                         = 1
read(4, "e", 1)                         = 1
read(4, "n", 1)                         = 1
read(4, "=", 1)                         = 1
read(4, "n", 1)                         = 1
read(4, "a", 1)                         = 1
read(4, "U", 1)                         = 1
read(4, "B", 1)                         = 1
read(4, "x", 1)                         = 1
read(4, "G", 1)                         = 1
read(4, "Z", 1)                         = 1
read(4, "h", 1)                         = 1
read(4, "L", 1)                         = 1
read(4, "N", 1)                         = 1
read(4, "H", 1)                         = 1
read(4, "c", 1)                         = 1
read(4, "c", 1)                         = 1
read(4, "V", 1)                         = 1
read(4, "a", 1)                         = 1
read(4, "W", 1)                         = 1
read(4, "h", 1)                         = 1
read(4, "Z", 1)                         = 1
read(4, "j", 1)                         = 1
read(4, "%", 1)                         = 1
read(4, "2", 1)                         = 1
read(4, "B", 1)                         = 1
read(4, "2", 1)                         = 1
read(4, "l", 1)                         = 1
read(4, "D", 1)                         = 1
read(4, "m", 1)                         = 1
read(4, "2", 1)                         = 1
read(4, "F", 1)                         = 1
read(4, "s", 1)                         = 1
read(4, "%", 1)                         = 1
read(4, "2", 1)                         = 1
read(4, "B", 1)                         = 1
read(4, "R", 1)                         = 1
read(4, "M", 1)                         = 1
read(4, "7", 1)                         = 1
read(4, "P", 1)                         = 1
read(4, "I", 1)                         = 1
read(4, "Q", 1)                         = 1
read(4, "%", 1)                         = 1
read(4, "2", 1)                         = 1
read(4, "F", 1)                         = 1
read(4, "3", 1)                         = 1
read(4, "a", 1)                         = 1
read(4, "Q", 1)                         = 1
read(4, "E", 1)                         = 1
read(4, "Y", 1)                         = 1
read(4, "O", 1)                         = 1
read(4, "j", 1)                         = 1
read(4, "Q", 1)                         = 1
read(4, "%", 1)                         = 1
read(4, "3", 1)                         = 1
read(4, "D", 1)                         = 1
read(4, ";", 1)                         = 1
read(4, " ", 1)                         = 1
read(4, "_", 1)                         = 1
read(4, "c", 1)                         = 1
read(4, "e", 1)                         = 1
read(4, ".", 1)                         = 1
read(4, "s", 1)                         = 1
read(4, "=", 1)                         = 1
read(4, "v", 1)                         = 1
read(4, "~", 1)                         = 1
read(4, "a", 1)                         = 1
read(4, "4", 1)                         = 1
read(4, "b", 1)                         = 1
read(4, "3", 1)                         = 1
read(4, "a", 1)                         = 1
read(4, "8", 1)                         = 1
read(4, "5", 1)                         = 1
read(4, "8", 1)                         = 1
read(4, "9", 1)                         = 1
read(4, "f", 1)                         = 1
read(4, "7", 1)                         = 1
read(4, "f", 1)                         = 1
read(4, "7", 1)                         = 1
read(4, "e", 1)                         = 1
read(4, "3", 1)                         = 1
read(4, "5", 1)                         = 1
read(4, "7", 1)                         = 1
read(4, "8", 1)                         = 1
read(4, "f", 1)                         = 1
read(4, "5", 1)                         = 1
read(4, "9", 1)                         = 1
read(4, "a", 1)                         = 1
read(4, "1", 1)                         = 1
read(4, "6", 1)                         = 1
read(4, "c", 1)                         = 1
read(4, "2", 1)                         = 1
read(4, "6", 1)                         = 1
read(4, "7", 1)                         = 1
read(4, "1", 1)                         = 1
read(4, "7", 1)                         = 1
read(4, "1", 1)                         = 1
read(4, "d", 1)                         = 1
read(4, "5", 1)                         = 1
read(4, "1", 1)                         = 1
read(4, "7", 1)                         = 1
read(4, "1", 1)                         = 1
read(4, "1", 1)                         = 1
read(4, "c", 1)                         = 1
read(4, "8", 1)                         = 1
read(4, "a", 1)                         = 1
read(4, "~", 1)                         = 1
read(4, "l", 1)                         = 1
read(4, "c", 1)                         = 1
read(4, "w", 1)                         = 1
read(4, "~", 1)                         = 1
read(4, "1", 1)                         = 1
read(4, "7", 1)                         = 1
read(4, "6", 1)                         = 1
read(4, "4", 1)                         = 1
read(4, "8", 1)                         = 1
read(4, "0", 1)                         = 1
read(4, "8", 1)                         = 1
read(4, "4", 1)                         = 1
read(4, "3", 1)                         = 1
read(4, "9", 1)                         = 1
read(4, "9", 1)                         = 1
read(4, "6", 1)                         = 1
read(4, "5", 1)                         = 1
read(4, "~", 1)                         = 1
read(4, "v", 1)                         = 1
read(4, "i", 1)                         = 1
read(4, "r", 1)                         = 1
read(4, "~", 1)                         = 1
read(4, "r", 1)                         = 1
read(4, "e", 1)                         = 1
read(4, "t", 1)                         = 1
read(4, "u", 1)                         = 1
read(4, "r", 1)                         = 1
read(4, "n", 1)                         = 1
read(4, "i", 1)                         = 1
read(4, "n", 1)                         = 1
read(4, "g", 1)                         = 1
read(4, "~", 1)                         = 1
read(4, "l", 1)                         = 1
read(4, "v", 1)                         = 1
read(4, "a", 1)                         = 1
read(4, "~", 1)                         = 1
read(4, "1", 1)                         = 1
read(4, "7", 1)                         = 1
read(4, "6", 1)                         = 1
read(4, "4", 1)                         = 1
read(4, "8", 1)                         = 1
read(4, "0", 1)                         = 1
read(4, "5", 1)                         = 1
read(4, "1", 1)                         = 1
read(4, "0", 1)                         = 1
read(4, "9", 1)                         = 1
read(4, "1", 1)                         = 1
read(4, "3", 1)                         = 1
read(4, "1", 1)                         = 1
read(4, "~", 1)                         = 1
read(4, "v", 1)                         = 1
read(4, "p", 1)                         = 1
read(4, "v", 1)                         = 1
read(4, "~", 1)                         = 1
read(4, "1", 1)                         = 1
read(4, "~", 1)                         = 1
read(4, "v", 1)                         = 1
read(4, "1", 1)                         = 1
read(4, "1", 1)                         = 1
read(4, "l", 1)                         = 1
read(4, "s", 1)                         = 1
read(4, "~", 1)                         = 1
read(4, "e", 1)                         = 1
read(4, "d", 1)                         = 1
read(4, "1", 1)                         = 1
read(4, "c", 1)                         = 1
read(4, "8", 1)                         = 1
read(4, "d", 1)                         = 1
read(4, "c", 1)                         = 1
read(4, "0", 1)                         = 1
read(4, "-", 1)                         = 1
read(4, "d", 1)                         = 1
read(4, "0", 1)                         = 1
read(4, "a", 1)                         = 1
read(4, "8", 1)                         = 1
read(4, "-", 1)                         = 1
read(4, "1", 1)                         = 1
read(4, "1", 1)                         = 1
read(4, "f", 1)                         = 1
read(4, "0", 1)                         = 1
read(4, "-", 1)                         = 1
read(4, "9", 1)                         = 1
read(4, "2", 1)                         = 1
read(4, "2", 1)                         = 1
read(4, "f", 1)                         = 1
read(4, "-", 1)                         = 1
read(4, "d", 1)                         = 1
read(4, "5", 1)                         = 1
read(4, "7", 1)                         = 1
read(4, "c", 1)                         = 1
read(4, "2", 1)                         = 1
read(4, "1", 1)                         = 1
read(4, "d", 1)                         = 1
read(4, "8", 1)                         = 1
read(4, "7", 1)                         = 1
read(4, "c", 1)                         = 1
read(4, "5", 1)                         = 1
read(4, "6", 1)                         = 1
read(4, "~", 1)                         = 1
read(4, "v", 1)                         = 1
read(4, "1", 1)                         = 1
read(4, "1", 1)                         = 1
read(4, ".", 1)                         = 1
read(4, "c", 1)                         = 1
read(4, "s", 1)                         = 1
read(4, "~", 1)                         = 1
read(4, "2", 1)                         = 1
read(4, "4", 1)                         = 1
read(4, "8", 1)                         = 1
read(4, "4", 1)                         = 1
read(4, "3", 1)                         = 1
read(4, "8", 1)                         = 1
read(4, "~", 1)                         = 1
read(4, "v", 1)                         = 1
read(4, "1", 1)                         = 1
read(4, "1", 1)                         = 1
read(4, ".", 1)                         = 1
read(4, "s", 1)                         = 1
read(4, "~", 1)                         = 1
read(4, "e", 1)                         = 1
read(4, "d", 1)                         = 1
read(4, "1", 1)                         = 1
read(4, "c", 1)                         = 1
read(4, "8", 1)                         = 1
read(4, "d", 1)                         = 1
read(4, "c", 1)                         = 1
read(4, "0", 1)                         = 1
read(4, "-", 1)                         = 1
read(4, "d", 1)                         = 1
read(4, "0", 1)                         = 1
read(4, "a", 1)                         = 1
read(4, "8", 1)                         = 1
read(4, "-", 1)                         = 1
read(4, "1", 1)                         = 1
read(4, "1", 1)                         = 1
read(4, "f", 1)                         = 1
read(4, "0", 1)                         = 1
read(4, "-", 1)                         = 1
read(4, "9", 1)                         = 1
read(4, "2", 1)                         = 1
read(4, "2", 1)                         = 1
read(4, "f", 1)                         = 1
read(4, "-", 1)                         = 1
read(4, "d", 1)                         = 1
read(4, "5", 1)                         = 1
read(4, "7", 1)                         = 1
read(4, "c", 1)                         = 1
read(4, "2", 1)                         = 1
read(4, "1", 1)                         = 1
read(4, "d", 1)                         = 1
read(4, "8", 1)                         = 1
read(4, "7", 1)                         = 1
read(4, "c", 1)                         = 1
read(4, "5", 1)                         = 1
read(4, "6", 1)                         = 1
read(4, "~", 1)                         = 1
read(4, "v", 1)                         = 1
read(4, "1", 1)                         = 1
read(4, "1", 1)                         = 1
read(4, ".", 1)                         = 1
read(4, "v", 1)                         = 1
read(4, "s", 1)                         = 1
read(4, "~", 1)                         = 1
read(4, "a", 1)                         = 1
read(4, "4", 1)                         = 1
read(4, "b", 1)                         = 1
read(4, "3", 1)                         = 1
read(4, "a", 1)                         = 1
read(4, "8", 1)                         = 1
read(4, "5", 1)                         = 1
read(4, "8", 1)                         = 1
read(4, "9", 1)                         = 1
read(4, "f", 1)                         = 1
read(4, "7", 1)                         = 1
read(4, "f", 1)                         = 1
read(4, "7", 1)                         = 1
read(4, "e", 1)                         = 1
read(4, "3", 1)                         = 1
read(4, "5", 1)                         = 1
read(4, "7", 1)                         = 1
read(4, "8", 1)                         = 1
read(4, "f", 1)                         = 1
read(4, "5", 1)                         = 1
read(4, "9", 1)                         = 1
read(4, "a", 1)                         = 1
read(4, "1", 1)                         = 1
read(4, "6", 1)                         = 1
read(4, "c", 1)                         = 1
read(4, "2", 1)                         = 1
read(4, "6", 1)                         = 1
read(4, "7", 1)                         = 1
read(4, "1", 1)                         = 1
read(4, "7", 1)                         = 1
read(4, "1", 1)                         = 1
read(4, "d", 1)                         = 1
read(4, "5", 1)                         = 1
read(4, "1", 1)                         = 1
read(4, "7", 1)                         = 1
read(4, "1", 1)                         = 1
read(4, "1", 1)                         = 1
read(4, "c", 1)                         = 1
read(4, "8", 1)                         = 1
read(4, "a", 1)                         = 1
read(4, "~", 1)                         = 1
read(4, "v", 1)                         = 1
read(4, "1", 1)                         = 1
read(4, "1", 1)                         = 1
read(4, ".", 1)                         = 1
read(4, "f", 1)                         = 1
read(4, "s", 1)                         = 1
read(4, "v", 1)                         = 1
read(4, "d", 1)                         = 1
read(4, "~", 1)                         = 1
read(4, "e", 1)                         = 1
read(4, "y", 1)                         = 1
read(4, "J", 1)                         = 1
read(4, "1", 1)                         = 1
read(4, "c", 1)                         = 1
read(4, "m", 1)                         = 1
read(4, "w", 1)                         = 1
read(4, "i", 1)                         = 1
read(4, "O", 1)                         = 1
read(4, "i", 1)                         = 1
read(4, "J", 1)                         = 1
read(4, "j", 1)                         = 1
read(4, "c", 1)                         = 1
read(4, "y", 1)                         = 1
read(4, "5", 1)                         = 1
read(4, "w", 1)                         = 1
read(4, "d", 1)                         = 1
read(4, "X", 1)                         = 1
read(4, "J", 1)                         = 1
read(4, "k", 1)                         = 1
read(4, "d", 1)                         = 1
read(4, "W", 1)                         = 1
read(4, "U", 1)                         = 1
read(4, "u", 1)                         = 1
read(4, "Z", 1)                         = 1
read(4, "W", 1)                         = 1
read(4, "R", 1)                         = 1
read(4, "1", 1)                         = 1
read(4, "L", 1)                         = 1
read(4, "3", 1)                         = 1
read(4, "B", 1)                         = 1
read(4, "l", 1)                         = 1
read(4, "b", 1)                         = 1
read(4, "3", 1)                         = 1
read(4, "B", 1)                         = 1
read(4, "s", 1)                         = 1
read(4, "Z", 1)                         = 1
read(4, "S", 1)                         = 1
read(4, "9", 1)                         = 1
read(4, "m", 1)                         = 1
read(4, "Y", 1)                         = 1
read(4, "W", 1)                         = 1
read(4, "N", 1)                         = 1
read(4, "1", 1)                         = 1
read(4, "b", 1)                         = 1
read(4, "H", 1)                         = 1
read(4, "R", 1)                         = 1
read(4, "5", 1)                         = 1
read(4, "L", 1)                         = 1
read(4, "2", 1)                         = 1
read(4, "d", 1)                         = 1
read(4, "y", 1)                         = 1
read(4, "c", 1)                         = 1
read(4, "i", 1)                         = 1
read(4, "5", 1)                         = 1
read(4, "o", 1)                         = 1
read(4, "d", 1)                         = 1
read(4, "G", 1)                         = 1
read(4, "1", 1)                         = 1
read(4, "s", 1)                         = 1
read(4, "I", 1)                         = 1
read(4, "i", 1)                         = 1
read(4, "w", 1)                         = 1
read(4, "i", 1)                         = 1
read(4, "c", 1)                         = 1
read(4, "m", 1)                         = 1
read(4, "V", 1)                         = 1
read(4, "m", 1)                         = 1
read(4, "I", 1)                         = 1
read(4, "j", 1)                         = 1
read(4, "o", 1)                         = 1
read(4, "i", 1)                         = 1
read(4, "a", 1)                         = 1
read(4, "H", 1)                         = 1
read(4, "R", 1)                         = 1
read(4, "0", 1)                         = 1
read(4, "c", 1)                         = 1
read(4, "D", 1)                         = 1
read(4, "o", 1)                         = 1
read(4, "v", 1)                         = 1
read(4, "L", 1)                         = 1
read(4, "2", 1)                         = 1
read(4, "R", 1)                         = 1
read(4, "h", 1)                         = 1
read(4, "d", 1)                         = 1
read(4, "G", 1)                         = 1
read(4, "E", 1)                         = 1
read(4, "u", 1)                         = 1
read(4, "Y", 1)                         = 1
read(4, "3", 1)                         = 1
read(4, "M", 1)                         = 1
read(4, "u", 1)                         = 1
read(4, "c", 1)                         = 1
read(4, "H", 1)                         = 1
read(4, "V", 1)                         = 1
read(4, "y", 1)                         = 1
read(4, "Z", 1)                         = 1
read(4, "H", 1)                         = 1
read(4, "V", 1)                         = 1
read(4, "l", 1)                         = 1
read(4, "L", 1)                         = 1
read(4, "m", 1)                         = 1
read(4, "V", 1)                         = 1
read(4, "k", 1)                         = 1
read(4, "d", 1)                         = 1
read(4, "T", 1)                         = 1
read(4, "o", 1)                         = 1
read(4, "5", 1)                         = 1
read(4, "M", 1)                         = 1
read(4, "D", 1)                         = 1
read(4, "A", 1)                         = 1
read(4, "w", 1)                         = 1
read(4, "L", 1)                         = 1
read(4, "y", 1)                         = 1
read(4, "I", 1)                         = 1
read(4, "s", 1)                         = 1
read(4, "I", 1)                         = 1
read(4, "n", 1)                         = 1
read(4, "V", 1)                         = 1
read(4, "0", 1)                         = 1
read(4, "b", 1)                         = 1
read(4, "S", 1)                         = 1
read(4, "I", 1)                         = 1
read(4, "6", 1)                         = 1
read(4, "W", 1)                         = 1
read(4, "1", 1)                         = 1
read(4, "1", 1)                         = 1
read(4, "9", 1)                         = 1
read(4, "~", 1)                         = 1
read(4, "v", 1)                         = 1
read(4, "1", 1)                         = 1
read(4, "1", 1)                         = 1
read(4, ".", 1)                         = 1
read(4, "s", 1)                         = 1
read(4, "l", 1)                         = 1
read(4, "a", 1)                         = 1
read(4, "~", 1)                         = 1
read(4, "1", 1)                         = 1
read(4, "7", 1)                         = 1
read(4, "6", 1)                         = 1
read(4, "4", 1)                         = 1
read(4, "8", 1)                         = 1
read(4, "0", 1)                         = 1
read(4, "8", 1)                         = 1
read(4, "4", 1)                         = 1
read(4, "3", 1)                         = 1
read(4, "9", 1)                         = 1
read(4, "9", 1)                         = 1
read(4, "6", 1)                         = 1
read(4, "5", 1)                         = 1
read(4, "~", 1)                         = 1
read(4, "l", 1)                         = 1
read(4, "c", 1)                         = 1
read(4, "w", 1)                         = 1
read(4, "~", 1)                         = 1
read(4, "1", 1)                         = 1
read(4, "7", 1)                         = 1
read(4, "6", 1)                         = 1
read(4, "4", 1)                         = 1
read(4, "8", 1)                         = 1
read(4, "0", 1)                         = 1
read(4, "8", 1)                         = 1
read(4, "4", 1)                         = 1
read(4, "3", 1)                         = 1
read(4, "9", 1)                         = 1
read(4, "9", 1)                         = 1
read(4, "6", 1)                         = 1
read(4, "7", 1)                         = 1
read(4, ";", 1)                         = 1
read(4, " ", 1)                         = 1
read(4, "_", 1)                         = 1
read(4, "g", 1)                         = 1
read(4, "a", 1)                         = 1
read(4, "_", 1)                         = 1
read(4, "9", 1)                         = 1
read(4, "5", 1)                         = 1
read(4, "1", 1)                         = 1
read(4, "K", 1)                         = 1
read(4, "W", 1)                         = 1
read(4, "4", 1)                         = 1
read(4, "6", 1)                         = 1
read(4, "Z", 1)                         = 1
read(4, "Y", 1)                         = 1
read(4, "X", 1)                         = 1
read(4, "=", 1)                         = 1
read(4, "G", 1)                         = 1
read(4, "S", 1)                         = 1
read(4, "2", 1)                         = 1
read(4, ".", 1)                         = 1
read(4, "1", 1)                         = 1
read(4, ".", 1)                         = 1
read(4, "s", 1)                         = 1
read(4, "1", 1)                         = 1
read(4, "7", 1)                         = 1
read(4, "6", 1)                         = 1
read(4, "4", 1)                         = 1
read(4, "8", 1)                         = 1
read(4, "7", 1)                         = 1
read(4, "3", 1)                         = 1
read(4, "9", 1)                         = 1
read(4, "2", 1)                         = 1
read(4, "8", 1)                         = 1
read(4, "$", 1)                         = 1
read(4, "o", 1)                         = 1
read(4, "1", 1)                         = 1
read(4, "$", 1)                         = 1
read(4, "g", 1)                         = 1
read(4, "1", 1)                         = 1
read(4, "$", 1)                         = 1
read(4, "t", 1)                         = 1
read(4, "1", 1)                         = 1
read(4, "7", 1)                         = 1
read(4, "6", 1)                         = 1
read(4, "4", 1)                         = 1
read(4, "8", 1)                         = 1
read(4, "7", 1)                         = 1
read(4, "3", 1)                         = 1
read(4, "9", 1)                         = 1
read(4, "9", 1)                         = 1
read(4, "7", 1)                         = 1
read(4, "$", 1)                         = 1
read(4, "j", 1)                         = 1
read(4, "6", 1)                         = 1
read(4, "0", 1)                         = 1
read(4, "$", 1)                         = 1
read(4, "l", 1)                         = 1
read(4, "0", 1)                         = 1
read(4, "$", 1)                         = 1
read(4, "h", 1)                         = 1
read(4, "0", 1)                         = 1
read(4, ";", 1)                         = 1
read(4, " ", 1)                         = 1
read(4, "_", 1)                         = 1
read(4, "g", 1)                         = 1
read(4, "a", 1)                         = 1
read(4, "_", 1)                         = 1
read(4, "P", 1)                         = 1
read(4, "M", 1)                         = 1
read(4, "P", 1)                         = 1
read(4, "6", 1)                         = 1
read(4, "D", 1)                         = 1
read(4, "Z", 1)                         = 1
read(4, "H", 1)                         = 1
read(4, "D", 1)                         = 1
read(4, "P", 1)                         = 1
read(4, "B", 1)                         = 1
read(4, "=", 1)                         = 1
read(4, "G", 1)                         = 1
read(4, "S", 1)                         = 1
read(4, "2", 1)                         = 1
read(4, ".", 1)                         = 1
read(4, "2", 1)                         = 1
read(4, ".", 1)                         = 1
read(4, "s", 1)                         = 1
read(4, "1", 1)                         = 1
read(4, "7", 1)                         = 1
read(4, "6", 1)                         = 1
read(4, "4", 1)                         = 1
read(4, "9", 1)                         = 1
read(4, "0", 1)                         = 1
read(4, "9", 1)                         = 1
read(4, "9", 1)                         = 1
read(4, "9", 1)                         = 1
read(4, "7", 1)                         = 1
read(4, "$", 1)                         = 1
read(4, "o", 1)                         = 1
read(4, "1", 1)                         = 1
read(4, "$", 1)                         = 1
read(4, "g", 1)                         = 1
read(4, "0", 1)                         = 1
read(4, "$", 1)                         = 1
read(4, "t", 1)                         = 1
read(4, "1", 1)                         = 1
read(4, "7", 1)                         = 1
read(4, "6", 1)                         = 1
read(4, "4", 1)                         = 1
read(4, "9", 1)                         = 1
read(4, "0", 1)                         = 1
read(4, "9", 1)                         = 1
read(4, "9", 1)                         = 1
read(4, "9", 1)                         = 1
read(4, "7", 1)                         = 1
read(4, "$", 1)                         = 1
read(4, "j", 1)                         = 1
read(4, "6", 1)                         = 1
read(4, "0", 1)                         = 1
read(4, "$", 1)                         = 1
read(4, "l", 1)                         = 1
read(4, "0", 1)                         = 1
read(4, "$", 1)                         = 1
read(4, "h", 1)                         = 1
read(4, "0", 1)                         = 1
read(4, ";", 1)                         = 1
read(4, " ", 1)                         = 1
read(4, "_", 1)                         = 1
read(4, "g", 1)                         = 1
read(4, "a", 1)                         = 1
read(4, "_", 1)                         = 1
read(4, "D", 1)                         = 1
read(4, "3", 1)                         = 1
read(4, "0", 1)                         = 1
read(4, "N", 1)                         = 1
read(4, "T", 1)                         = 1
read(4, "0", 1)                         = 1
read(4, "S", 1)                         = 1
read(4, "G", 1)                         = 1
read(4, "5", 1)                         = 1
read(4, "H", 1)                         = 1
read(4, "=", 1)                         = 1
read(4, "G", 1)                         = 1
read(4, "S", 1)                         = 1
read(4, "2", 1)                         = 1
read(4, ".", 1)                         = 1
read(4, "1", 1)                         = 1
read(4, ".", 1)                         = 1
read(4, "s", 1)                         = 1
read(4, "1", 1)                         = 1
read(4, "7", 1)                         = 1
read(4, "6", 1)                         = 1
read(4, "4", 1)                         = 1
read(4, "9", 1)                         = 1
read(4, "0", 1)                         = 1
read(4, "9", 1)                         = 1
read(4, "9", 1)                         = 1
read(4, "9", 1)                         = 1
read(4, "4", 1)                         = 1
read(4, "$", 1)                         = 1
read(4, "o", 1)                         = 1
read(4, "1", 1)                         = 1
read(4, "$", 1)                         = 1
read(4, "g", 1)                         = 1
read(4, "0", 1)                         = 1
read(4, "$", 1)                         = 1
read(4, "t", 1)                         = 1
read(4, "1", 1)                         = 1
read(4, "7", 1)                         = 1
read(4, "6", 1)                         = 1
read(4, "4", 1)                         = 1
read(4, "9", 1)                         = 1
read(4, "1", 1)                         = 1
read(4, "0", 1)                         = 1
read(4, "6", 1)                         = 1
read(4, "8", 1)                         = 1
read(4, "1", 1)                         = 1
read(4, "$", 1)                         = 1
read(4, "j", 1)                         = 1
read(4, "6", 1)                         = 1
read(4, "0", 1)                         = 1
read(4, "$", 1)                         = 1
read(4, "l", 1)                         = 1
read(4, "0", 1)                         = 1
read(4, "$", 1)                         = 1
read(4, "h", 1)                         = 1
read(4, "0", 1)                         = 1
read(4, ";", 1)                         = 1
read(4, " ", 1)                         = 1
read(4, "_", 1)                         = 1
read(4, "g", 1)                         = 1
read(4, "a", 1)                         = 1
read(4, "_", 1)                         = 1
read(4, "B", 1)                         = 1
read(4, "2", 1)                         = 1
read(4, "6", 1)                         = 1
read(4, "W", 1)                         = 1
read(4, "B", 1)                         = 1
read(4, "B", 1)                         = 1
read(4, "Q", 1)                         = 1
read(4, "2", 1)                         = 1
read(4, "7", 1)                         = 1
read(4, "X", 1)                         = 1
read(4, "=", 1)                         = 1
read(4, "G", 1)                         = 1
read(4, "S", 1)                         = 1
read(4, "2", 1)                         = 1
read(4, ".", 1)                         = 1
read(4, "1", 1)                         = 1
read(4, ".", 1)                         = 1
read(4, "s", 1)                         = 1
read(4, "1", 1)                         = 1
read(4, "7", 1)                         = 1
read(4, "6", 1)                         = 1
read(4, "4", 1)                         = 1
read(4, "9", 1)                         = 1
read(4, "0", 1)                         = 1
read(4, "9", 1)                         = 1
read(4, "9", 1)                         = 1
read(4, "9", 1)                         = 1
read(4, "4", 1)                         = 1
read(4, "$", 1)                         = 1
read(4, "o", 1)                         = 1
read(4, "2", 1)                         = 1
read(4, "$", 1)                         = 1
read(4, "g", 1)                         = 1
read(4, "0", 1)                         = 1
read(4, "$", 1)                         = 1
read(4, "t", 1)                         = 1
read(4, "1", 1)                         = 1
read(4, "7", 1)                         = 1
read(4, "6", 1)                         = 1
read(4, "4", 1)                         = 1
read(4, "9", 1)                         = 1
read(4, "1", 1)                         = 1
read(4, "0", 1)                         = 1
read(4, "6", 1)                         = 1
read(4, "8", 1)                         = 1
read(4, "1", 1)                         = 1
read(4, "$", 1)                         = 1
read(4, "j", 1)                         = 1
read(4, "6", 1)                         = 1
read(4, "0", 1)                         = 1
read(4, "$", 1)                         = 1
read(4, "l", 1)                         = 1
read(4, "0", 1)                         = 1
read(4, "$", 1)                         = 1
read(4, "h", 1)                         = 1
read(4, "0", 1)                         = 1
read(4, ";", 1)                         = 1
read(4, " ", 1)                         = 1
read(4, "_", 1)                         = 1
read(4, "g", 1)                         = 1
read(4, "i", 1)                         = 1
read(4, "d", 1)                         = 1
read(4, "=", 1)                         = 1
read(4, "G", 1)                         = 1
read(4, "A", 1)                         = 1
read(4, "1", 1)                         = 1
read(4, ".", 1)                         = 1
read(4, "2", 1)                         = 1
read(4, ".", 1)                         = 1
read(4, "1", 1)                         = 1
read(4, "8", 1)                         = 1
read(4, "4", 1)                         = 1
read(4, "6", 1)                         = 1
read(4, "8", 1)                         = 1
read(4, "8", 1)                         = 1
read(4, "0", 1)                         = 1
read(4, "9", 1)                         = 1
read(4, "9", 1)                         = 1
read(4, ".", 1)                         = 1
read(4, "1", 1)                         = 1
read(4, "7", 1)                         = 1
read(4, "6", 1)                         = 1
read(4, "5", 1)                         = 1
read(4, "1", 1)                         = 1
read(4, "6", 1)                         = 1
read(4, "7", 1)                         = 1
read(4, "2", 1)                         = 1
read(4, "2", 1)                         = 1
read(4, "1", 1)                         = 1
read(4, ";", 1)                         = 1
read(4, " ", 1)                         = 1
read(4, "_", 1)                         = 1
read(4, "g", 1)                         = 1
read(4, "a", 1)                         = 1
read(4, "_", 1)                         = 1
read(4, "D", 1)                         = 1
read(4, "Y", 1)                         = 1
read(4, "3", 1)                         = 1
read(4, "R", 1)                         = 1
read(4, "B", 1)                         = 1
read(4, "5", 1)                         = 1
read(4, "X", 1)                         = 1
read(4, "J", 1)                         = 1
read(4, "5", 1)                         = 1
read(4, "Q", 1)                         = 1
read(4, "=", 1)                         = 1
read(4, "G", 1)                         = 1
read(4, "S", 1)                         = 1
read(4, "2", 1)                         = 1
read(4, ".", 1)                         = 1
read(4, "1", 1)                         = 1
read(4, ".", 1)                         = 1
read(4, "s", 1)                         = 1
read(4, "1", 1)                         = 1
read(4, "7", 1)                         = 1
read(4, "6", 1)                         = 1
read(4, "5", 1)                         = 1
read(4, "1", 1)                         = 1
read(4, "6", 1)                         = 1
read(4, "7", 1)                         = 1
read(4, "2", 1)                         = 1
read(4, "2", 1)                         = 1
read(4, "1", 1)                         = 1
read(4, "$", 1)                         = 1
read(4, "o", 1)                         = 1
read(4, "2", 1)                         = 1
read(4, "$", 1)                         = 1
read(4, "g", 1)                         = 1
read(4, "1", 1)                         = 1
read(4, "$", 1)                         = 1
read(4, "t", 1)                         = 1
read(4, "1", 1)                         = 1
read(4, "7", 1)                         = 1
read(4, "6", 1)                         = 1
read(4, "5", 1)                         = 1
read(4, "1", 1)                         = 1
read(4, "6", 1)                         = 1
read(4, "7", 1)                         = 1
read(4, "4", 1)                         = 1
read(4, "5", 1)                         = 1
read(4, "7", 1)                         = 1
read(4, "$", 1)                         = 1
read(4, "j", 1)                         = 1
read(4, "6", 1)                         = 1
read(4, "0", 1)                         = 1
read(4, "$", 1)                         = 1
read(4, "l", 1)                         = 1
read(4, "0", 1)                         = 1
read(4, "$", 1)                         = 1
read(4, "h", 1)                         = 1
read(4, "0", 1)                         = 1
read(4, ";", 1)                         = 1
read(4, " ", 1)                         = 1
read(4, "_", 1)                         = 1
read(4, "g", 1)                         = 1
read(4, "a", 1)                         = 1
read(4, "_", 1)                         = 1
read(4, "X", 1)                         = 1
read(4, "P", 1)                         = 1
read(4, "M", 1)                         = 1
read(4, "T", 1)                         = 1
read(4, "6", 1)                         = 1
read(4, "7", 1)                         = 1
read(4, "W", 1)                         = 1
read(4, "T", 1)                         = 1
read(4, "8", 1)                         = 1
read(4, "4", 1)                         = 1
read(4, "=", 1)                         = 1
read(4, "G", 1)                         = 1
read(4, "S", 1)                         = 1
read(4, "2", 1)                         = 1
read(4, ".", 1)                         = 1
read(4, "1", 1)                         = 1
read(4, ".", 1)                         = 1
read(4, "s", 1)                         = 1
read(4, "1", 1)                         = 1
read(4, "7", 1)                         = 1
read(4, "6", 1)                         = 1
read(4, "5", 1)                         = 1
read(4, "1", 1)                         = 1
read(4, "6", 1)                         = 1
read(4, "7", 1)                         = 1
read(4, "2", 1)                         = 1
read(4, "2", 1)                         = 1
read(4, "1", 1)                         = 1
read(4, "$", 1)                         = 1
read(4, "o", 1)                         = 1
read(4, "5", 1)                         = 1
read(4, "$", 1)                         = 1
read(4, "g", 1)                         = 1
read(4, "1", 1)                         = 1
read(4, "$", 1)                         = 1
read(4, "t", 1)                         = 1
read(4, "1", 1)                         = 1
read(4, "7", 1)                         = 1
read(4, "6", 1)                         = 1
read(4, "5", 1)                         = 1
read(4, "1", 1)                         = 1
read(4, "6", 1)                         = 1
read(4, "7", 1)                         = 1
read(4, "4", 1)                         = 1
read(4, "5", 1)                         = 1
read(4, "7", 1)                         = 1
read(4, "$", 1)                         = 1
read(4, "j", 1)                         = 1
read(4, "6", 1)                         = 1
read(4, "0", 1)                         = 1
read(4, "$", 1)                         = 1
read(4, "l", 1)                         = 1
read(4, "0", 1)                         = 1
read(4, "$", 1)                         = 1
read(4, "h", 1)                         = 1
read(4, "0", 1)                         = 1
read(4, ";", 1)                         = 1
read(4, " ", 1)                         = 1
read(4, "_", 1)                         = 1
read(4, "g", 1)                         = 1
read(4, "a", 1)                         = 1
read(4, "=", 1)                         = 1
read(4, "G", 1)                         = 1
read(4, "A", 1)                         = 1
read(4, "1", 1)                         = 1
read(4, ".", 1)                         = 1
read(4, "1", 1)                         = 1
read(4, ".", 1)                         = 1
read(4, "7", 1)                         = 1
read(4, "6", 1)                         = 1
read(4, "7", 1)                         = 1
read(4, "4", 1)                         = 1
read(4, "0", 1)                         = 1
read(4, "8", 1)                         = 1
read(4, "3", 1)                         = 1
read(4, "3", 1)                         = 1
read(4, "3", 1)                         = 1
read(4, ".", 1)                         = 1
read(4, "1", 1)                         = 1
read(4, "7", 1)                         = 1
read(4, "6", 1)                         = 1
read(4, "5", 1)                         = 1
read(4, "0", 1)                         = 1
read(4, "6", 1)                         = 1
read(4, "2", 1)                         = 1
read(4, "6", 1)                         = 1
read(4, "7", 1)                         = 1
read(4, "0", 1)                         = 1
read(4, ";", 1)                         = 1
read(4, " ", 1)                         = 1
read(4, "_", 1)                         = 1
read(4, "g", 1)                         = 1
read(4, "a", 1)                         = 1
read(4, "_", 1)                         = 1
read(4, "6", 1)                         = 1
read(4, "S", 1)                         = 1
read(4, "H", 1)                         = 1
read(4, "Q", 1)                         = 1
read(4, "B", 1)                         = 1
read(4, "W", 1)                         = 1
read(4, "Q", 1)                         = 1
read(4, "2", 1)                         = 1
read(4, "J", 1)                         = 1
read(4, "2", 1)                         = 1
read(4, "=", 1)                         = 1
read(4, "G", 1)                         = 1
read(4, "S", 1)                         = 1
read(4, "2", 1)                         = 1
read(4, ".", 1)                         = 1
read(4, "2", 1)                         = 1
read(4, ".", 1)                         = 1
read(4, "s", 1)                         = 1
read(4, "1", 1)                         = 1
read(4, "7", 1)                         = 1
read(4, "6", 1)                         = 1
read(4, "5", 1)                         = 1
read(4, "1", 1)                         = 1
read(4, "6", 1)                         = 1
read(4, "7", 1)                         = 1
read(4, "2", 1)                         = 1
read(4, "2", 1)                         = 1
read(4, "1", 1)                         = 1
read(4, "$", 1)                         = 1
read(4, "o", 1)                         = 1
read(4, "5", 1)                         = 1
read(4, "$", 1)                         = 1
read(4, "g", 1)                         = 1
read(4, "1", 1)                         = 1
read(4, "$", 1)                         = 1
read(4, "t", 1)                         = 1
read(4, "1", 1)                         = 1
read(4, "7", 1)                         = 1
read(4, "6", 1)                         = 1
read(4, "5", 1)                         = 1
read(4, "1", 1)                         = 1
read(4, "6", 1)                         = 1
read(4, "7", 1)                         = 1
read(4, "4", 1)                         = 1
read(4, "5", 1)                         = 1
read(4, "7", 1)                         = 1
read(4, "$", 1)                         = 1
read(4, "j", 1)                         = 1
read(4, "6", 1)                         = 1
read(4, "0", 1)                         = 1
read(4, "$", 1)                         = 1
read(4, "l", 1)                         = 1
read(4, "0", 1)                         = 1
read(4, "$", 1)                         = 1
read(4, "h", 1)                         = 1
read(4, "0", 1)                         = 1
read(4, ";", 1)                         = 1
read(4, " ", 1)                         = 1
read(4, "_", 1)                         = 1
read(4, "g", 1)                         = 1
read(4, "a", 1)                         = 1
read(4, "_", 1)                         = 1
read(4, "C", 1)                         = 1
read(4, "S", 1)                         = 1
read(4, "L", 1)                         = 1
read(4, "9", 1)                         = 1
read(4, "0", 1)                         = 1
read(4, "E", 1)                         = 1
read(4, "N", 1)                         = 1
read(4, "V", 1)                         = 1
read(4, "J", 1)                         = 1
read(4, "5", 1)                         = 1
read(4, "=", 1)                         = 1
read(4, "G", 1)                         = 1
read(4, "S", 1)                         = 1
read(4, "2", 1)                         = 1
read(4, ".", 1)                         = 1
read(4, "2", 1)                         = 1
read(4, ".", 1)                         = 1
read(4, "s", 1)                         = 1
read(4, "1", 1)                         = 1
read(4, "7", 1)                         = 1
read(4, "6", 1)                         = 1
read(4, "5", 1)                         = 1
read(4, "1", 1)                         = 1
read(4, "6", 1)                         = 1
read(4, "7", 1)                         = 1
read(4, "2", 1)                         = 1
read(4, "2", 1)                         = 1
read(4, "1", 1)                         = 1
read(4, "$", 1)                         = 1
read(4, "o", 1)                         = 1
read(4, "5", 1)                         = 1
read(4, "$", 1)                         = 1
read(4, "g", 1)                         = 1
read(4, "1", 1)                         = 1
read(4, "$", 1)                         = 1
read(4, "t", 1)                         = 1
read(4, "1", 1)                         = 1
read(4, "7", 1)                         = 1
read(4, "6", 1)                         = 1
read(4, "5", 1)                         = 1
read(4, "1", 1)                         = 1
read(4, "6", 1)                         = 1
read(4, "7", 1)                         = 1
read(4, "4", 1)                         = 1
read(4, "5", 1)                         = 1
read(4, "7", 1)                         = 1
read(4, "$", 1)                         = 1
read(4, "j", 1)                         = 1
read(4, "6", 1)                         = 1
read(4, "0", 1)                         = 1
read(4, "$", 1)                         = 1
read(4, "l", 1)                         = 1
read(4, "0", 1)                         = 1
read(4, "$", 1)                         = 1
read(4, "h", 1)                         = 1
read(4, "0", 1)                         = 1
read(4, ";", 1)                         = 1
read(4, " ", 1)                         = 1
read(4, "_", 1)                         = 1
read(4, "g", 1)                         = 1
read(4, "a", 1)                         = 1
read(4, "_", 1)                         = 1
read(4, "N", 1)                         = 1
read(4, "6", 1)                         = 1
read(4, "1", 1)                         = 1
read(4, "R", 1)                         = 1
read(4, "R", 1)                         = 1
read(4, "1", 1)                         = 1
read(4, "E", 1)                         = 1
read(4, "H", 1)                         = 1
read(4, "3", 1)                         = 1
read(4, "V", 1)                         = 1
read(4, "=", 1)                         = 1
read(4, "G", 1)                         = 1
read(4, "S", 1)                         = 1
read(4, "2", 1)                         = 1
read(4, ".", 1)                         = 1
read(4, "2", 1)                         = 1
read(4, ".", 1)                         = 1
read(4, "s", 1)                         = 1
read(4, "1", 1)                         = 1
read(4, "7", 1)                         = 1
read(4, "6", 1)                         = 1
read(4, "5", 1)                         = 1
read(4, "1", 1)                         = 1
read(4, "6", 1)                         = 1
read(4, "7", 1)                         = 1
read(4, "2", 1)                         = 1
read(4, "2", 1)                         = 1
read(4, "1", 1)                         = 1
read(4, "$", 1)                         = 1
read(4, "o", 1)                         = 1
read(4, "5", 1)                         = 1
read(4, "$", 1)                         = 1
read(4, "g", 1)                         = 1
read(4, "1", 1)                         = 1
read(4, "$", 1)                         = 1
read(4, "t", 1)                         = 1
read(4, "1", 1)                         = 1
read(4, "7", 1)                         = 1
read(4, "6", 1)                         = 1
read(4, "5", 1)                         = 1
read(4, "1", 1)                         = 1
read(4, "6", 1)                         = 1
read(4, "7", 1)                         = 1
read(4, "4", 1)                         = 1
read(4, "5", 1)                         = 1
read(4, "7", 1)                         = 1
read(4, "$", 1)                         = 1
read(4, "j", 1)                         = 1
read(4, "6", 1)                         = 1
read(4, "0", 1)                         = 1
read(4, "$", 1)                         = 1
read(4, "l", 1)                         = 1
read(4, "0", 1)                         = 1
read(4, "$", 1)                         = 1
read(4, "h", 1)                         = 1
read(4, "0", 1)                         = 1
read(4, "\r", 1)                        = 1
read(4, "\n", 1)                        = 1
read(4, "\r", 1)                        = 1
read(4, "\n", 1)                        = 1
openat(AT_FDCWD, "http-root-dir/server.log", O_WRONLY|O_CREAT|O_APPEND, 0666) = 5
lseek(5, 0, SEEK_END)                   = 38926
newfstatat(AT_FDCWD, "/etc/localtime", {st_mode=S_IFREG|0644, st_size=1682, ...}, 0) = 0
newfstatat(5, "", {st_mode=S_IFREG|0640, st_size=38926, ...}, AT_EMPTY_PATH) = 0
write(5, "2025-12-08 01:02:22 | 100.69.114"..., 52) = 52
close(5)                                = 0
write(4, "HTTP/1.1 200 OK\r\nContent-Type: m"..., 120) = 120
openat(AT_FDCWD, "http-root-dir/stream/frame1.jpg", O_RDONLY) = 5
newfstatat(5, "", {st_mode=S_IFREG|0640, st_size=39859, ...}, AT_EMPTY_PATH) = 0
read(5, "\377\330\377\340\0\20JFIF\0\1\2\0\0\1\0\1\0\0\377\376\0\21Lavc58.1"..., 39859) = 39859
close(5)                                = 0
write(4, "--frame\r\nContent-Type: image/jpe"..., 60) = 60
write(4, "\377\330\377\340\0\20JFIF\0\1\2\0\0\1\0\1\0\0\377\376\0\21Lavc58.1"..., 39859) = 39859
write(4, "\r\n", 2)                     = 2
clock_nanosleep(CLOCK_REALTIME, 0, {tv_sec=0, tv_nsec=100000000}, NULL) = 0
openat(AT_FDCWD, "http-root-dir/stream/frame2.jpg", O_RDONLY) = 5
newfstatat(5, "", {st_mode=S_IFREG|0640, st_size=57800, ...}, AT_EMPTY_PATH) = 0
read(5, "\377\330\377\340\0\20JFIF\0\1\2\0\0\1\0\1\0\0\377\376\0\21Lavc58.1"..., 57800) = 57800
close(5)                                = 0
write(4, "--frame\r\nContent-Type: image/jpe"..., 60) = 60
write(4, "\377\330\377\340\0\20JFIF\0\1\2\0\0\1\0\1\0\0\377\376\0\21Lavc58.1"..., 57800) = 57800
write(4, "\r\n", 2)                     = 2
clock_nanosleep(CLOCK_REALTIME, 0, {tv_sec=0, tv_nsec=100000000}, NULL) = 0
openat(AT_FDCWD, "http-root-dir/stream/frame3.jpg", O_RDONLY) = 5
newfstatat(5, "", {st_mode=S_IFREG|0640, st_size=76301, ...}, AT_EMPTY_PATH) = 0
read(5, "\377\330\377\340\0\20JFIF\0\1\2\0\0\1\0\1\0\0\377\376\0\21Lavc58.1"..., 76301) = 76301
close(5)                                = 0
write(4, "--frame\r\nContent-Type: image/jpe"..., 60) = 60
write(4, "\377\330\377\340\0\20JFIF\0\1\2\0\0\1\0\1\0\0\377\376\0\21Lavc58.1"..., 76301) = 76301
write(4, "\r\n", 2)                     = 2
clock_nanosleep(CLOCK_REALTIME, 0, {tv_sec=0, tv_nsec=100000000}, NULL) = 0
openat(AT_FDCWD, "http-root-dir/stream/frame4.jpg", O_RDONLY) = 5
newfstatat(5, "", {st_mode=S_IFREG|0640, st_size=56771, ...}, AT_EMPTY_PATH) = 0
read(5, "\377\330\377\340\0\20JFIF\0\1\2\0\0\1\0\1\0\0\377\376\0\21Lavc58.1"..., 56771) = 56771
close(5)                                = 0
write(4, "--frame\r\nContent-Type: image/jpe"..., 60) = 60
write(4, "\377\330\377\340\0\20JFIF\0\1\2\0\0\1\0\1\0\0\377\376\0\21Lavc58.1"..., 56771) = 56771
write(4, "\r\n", 2)                     = 2
clock_nanosleep(CLOCK_REALTIME, 0, {tv_sec=0, tv_nsec=100000000}, NULL) = 0
openat(AT_FDCWD, "http-root-dir/stream/frame5.jpg", O_RDONLY) = 5
newfstatat(5, "", {st_mode=S_IFREG|0640, st_size=38939, ...}, AT_EMPTY_PATH) = 0
read(5, "\377\330\377\340\0\20JFIF\0\1\2\0\0\1\0\1\0\0\377\376\0\21Lavc58.1"..., 38939) = 38939
close(5)                                = 0
write(4, "--frame\r\nContent-Type: image/jpe"..., 60) = 60
write(4, "\377\330\377\340\0\20JFIF\0\1\2\0\0\1\0\1\0\0\377\376\0\21Lavc58.1"..., 38939) = 38939
write(4, "\r\n", 2)                     = 2
clock_nanosleep(CLOCK_REALTIME, 0, {tv_sec=0, tv_nsec=100000000}, NULL) = 0
openat(AT_FDCWD, "http-root-dir/stream/frame6.jpg", O_RDONLY) = 5
newfstatat(5, "", {st_mode=S_IFREG|0640, st_size=29245, ...}, AT_EMPTY_PATH) = 0
read(5, "\377\330\377\340\0\20JFIF\0\1\2\0\0\1\0\1\0\0\377\376\0\21Lavc58.1"..., 29245) = 29245
close(5)                                = 0
write(4, "--frame\r\nContent-Type: image/jpe"..., 60) = 60
write(4, "\377\330\377\340\0\20JFIF\0\1\2\0\0\1\0\1\0\0\377\376\0\21Lavc58.1"..., 29245) = 29245
write(4, "\r\n", 2)                     = 2
clock_nanosleep(CLOCK_REALTIME, 0, {tv_sec=0, tv_nsec=100000000}, NULL) = 0
openat(AT_FDCWD, "http-root-dir/stream/frame7.jpg", O_RDONLY) = 5
newfstatat(5, "", {st_mode=S_IFREG|0640, st_size=21453, ...}, AT_EMPTY_PATH) = 0
read(5, "\377\330\377\340\0\20JFIF\0\1\2\0\0\1\0\1\0\0\377\376\0\21Lavc58.1"..., 21453) = 21453
close(5)                                = 0
write(4, "--frame\r\nContent-Type: image/jpe"..., 60) = 60
write(4, "\377\330\377\340\0\20JFIF\0\1\2\0\0\1\0\1\0\0\377\376\0\21Lavc58.1"..., 21453) = 21453
write(4, "\r\n", 2)                     = 2
clock_nanosleep(CLOCK_REALTIME, 0, {tv_sec=0, tv_nsec=100000000}, NULL) = 0
openat(AT_FDCWD, "http-root-dir/stream/frame8.jpg", O_RDONLY) = 5
newfstatat(5, "", {st_mode=S_IFREG|0640, st_size=16949, ...}, AT_EMPTY_PATH) = 0
read(5, "\377\330\377\340\0\20JFIF\0\1\2\0\0\1\0\1\0\0\377\376\0\21Lavc58.1"..., 16949) = 16949
close(5)                                = 0
write(4, "--frame\r\nContent-Type: image/jpe"..., 60) = 60
write(4, "\377\330\377\340\0\20JFIF\0\1\2\0\0\1\0\1\0\0\377\376\0\21Lavc58.1"..., 16949) = 16949
write(4, "\r\n", 2)                     = 2
clock_nanosleep(CLOCK_REALTIME, 0, {tv_sec=0, tv_nsec=100000000}, NULL) = 0
openat(AT_FDCWD, "http-root-dir/stream/frame9.jpg", O_RDONLY) = 5
newfstatat(5, "", {st_mode=S_IFREG|0640, st_size=14035, ...}, AT_EMPTY_PATH) = 0
read(5, "\377\330\377\340\0\20JFIF\0\1\2\0\0\1\0\1\0\0\377\376\0\21Lavc58.1"..., 14035) = 14035
close(5)                                = 0
write(4, "--frame\r\nContent-Type: image/jpe"..., 60) = 60
write(4, "\377\330\377\340\0\20JFIF\0\1\2\0\0\1\0\1\0\0\377\376\0\21Lavc58.1"..., 14035) = 14035
write(4, "\r\n", 2)                     = 2
clock_nanosleep(CLOCK_REALTIME, 0, {tv_sec=0, tv_nsec=100000000}, NULL) = 0
openat(AT_FDCWD, "http-root-dir/stream/frame10.jpg", O_RDONLY) = 5
newfstatat(5, "", {st_mode=S_IFREG|0640, st_size=12075, ...}, AT_EMPTY_PATH) = 0
read(5, "\377\330\377\340\0\20JFIF\0\1\2\0\0\1\0\1\0\0\377\376\0\21Lavc58.1"..., 12075) = 12075
close(5)                                = 0
write(4, "--frame\r\nContent-Type: image/jpe"..., 60) = 60
write(4, "\377\330\377\340\0\20JFIF\0\1\2\0\0\1\0\1\0\0\377\376\0\21Lavc58.1"..., 12075) = 12075
write(4, "\r\n", 2)                     = 2
clock_nanosleep(CLOCK_REALTIME, 0, {tv_sec=0, tv_nsec=100000000}, NULL) = 0
openat(AT_FDCWD, "http-root-dir/stream/frame11.jpg", O_RDONLY) = 5
newfstatat(5, "", {st_mode=S_IFREG|0640, st_size=10803, ...}, AT_EMPTY_PATH) = 0
read(5, "\377\330\377\340\0\20JFIF\0\1\2\0\0\1\0\1\0\0\377\376\0\21Lavc58.1"..., 10803) = 10803
close(5)                                = 0
write(4, "--frame\r\nContent-Type: image/jpe"..., 60) = 60
write(4, "\377\330\377\340\0\20JFIF\0\1\2\0\0\1\0\1\0\0\377\376\0\21Lavc58.1"..., 10803) = 10803
write(4, "\r\n", 2)                     = 2
clock_nanosleep(CLOCK_REALTIME, 0, {tv_sec=0, tv_nsec=100000000}, NULL) = 0
openat(AT_FDCWD, "http-root-dir/stream/frame12.jpg", O_RDONLY) = 5
newfstatat(5, "", {st_mode=S_IFREG|0640, st_size=9790, ...}, AT_EMPTY_PATH) = 0
read(5, "\377\330\377\340\0\20JFIF\0\1\2\0\0\1\0\1\0\0\377\376\0\21Lavc58.1"..., 9790) = 9790
close(5)                                = 0
write(4, "--frame\r\nContent-Type: image/jpe"..., 59) = 59
write(4, "\377\330\377\340\0\20JFIF\0\1\2\0\0\1\0\1\0\0\377\376\0\21Lavc58.1"..., 9790) = 9790
write(4, "\r\n", 2)                     = 2
clock_nanosleep(CLOCK_REALTIME, 0, {tv_sec=0, tv_nsec=100000000}, NULL) = 0
openat(AT_FDCWD, "http-root-dir/stream/frame13.jpg", O_RDONLY) = 5
newfstatat(5, "", {st_mode=S_IFREG|0640, st_size=9835, ...}, AT_EMPTY_PATH) = 0
read(5, "\377\330\377\340\0\20JFIF\0\1\2\0\0\1\0\1\0\0\377\376\0\21Lavc58.1"..., 9835) = 9835
close(5)                                = 0
write(4, "--frame\r\nContent-Type: image/jpe"..., 59) = 59
write(4, "\377\330\377\340\0\20JFIF\0\1\2\0\0\1\0\1\0\0\377\376\0\21Lavc58.1"..., 9835) = 9835
write(4, "\r\n", 2)                     = 2
clock_nanosleep(CLOCK_REALTIME, 0, {tv_sec=0, tv_nsec=100000000}, NULL) = 0
openat(AT_FDCWD, "http-root-dir/stream/frame14.jpg", O_RDONLY) = 5
newfstatat(5, "", {st_mode=S_IFREG|0640, st_size=9790, ...}, AT_EMPTY_PATH) = 0
read(5, "\377\330\377\340\0\20JFIF\0\1\2\0\0\1\0\1\0\0\377\376\0\21Lavc58.1"..., 9790) = 9790
close(5)                                = 0
write(4, "--frame\r\nContent-Type: image/jpe"..., 59) = 59
write(4, "\377\330\377\340\0\20JFIF\0\1\2\0\0\1\0\1\0\0\377\376\0\21Lavc58.1"..., 9790) = 9790
write(4, "\r\n", 2)                     = 2
clock_nanosleep(CLOCK_REALTIME, 0, {tv_sec=0, tv_nsec=100000000}, NULL) = 0
openat(AT_FDCWD, "http-root-dir/stream/frame15.jpg", O_RDONLY) = 5
newfstatat(5, "", {st_mode=S_IFREG|0640, st_size=9806, ...}, AT_EMPTY_PATH) = 0
read(5, "\377\330\377\340\0\20JFIF\0\1\2\0\0\1\0\1\0\0\377\376\0\21Lavc58.1"..., 9806) = 9806
close(5)                                = 0
write(4, "--frame\r\nContent-Type: image/jpe"..., 59) = 59
write(4, "\377\330\377\340\0\20JFIF\0\1\2\0\0\1\0\1\0\0\377\376\0\21Lavc58.1"..., 9806) = 9806
write(4, "\r\n", 2)                     = 2
clock_nanosleep(CLOCK_REALTIME, 0, {tv_sec=0, tv_nsec=100000000}, NULL) = 0
openat(AT_FDCWD, "http-root-dir/stream/frame16.jpg", O_RDONLY) = 5
newfstatat(5, "", {st_mode=S_IFREG|0640, st_size=9770, ...}, AT_EMPTY_PATH) = 0
read(5, "\377\330\377\340\0\20JFIF\0\1\2\0\0\1\0\1\0\0\377\376\0\21Lavc58.1"..., 9770) = 9770
close(5)                                = 0
write(4, "--frame\r\nContent-Type: image/jpe"..., 59) = 59
write(4, "\377\330\377\340\0\20JFIF\0\1\2\0\0\1\0\1\0\0\377\376\0\21Lavc58.1"..., 9770) = 9770
write(4, "\r\n", 2)                     = 2
clock_nanosleep(CLOCK_REALTIME, 0, {tv_sec=0, tv_nsec=100000000}, NULL) = 0
openat(AT_FDCWD, "http-root-dir/stream/frame17.jpg", O_RDONLY) = 5
newfstatat(5, "", {st_mode=S_IFREG|0640, st_size=9800, ...}, AT_EMPTY_PATH) = 0
read(5, "\377\330\377\340\0\20JFIF\0\1\2\0\0\1\0\1\0\0\377\376\0\21Lavc58.1"..., 9800) = 9800
close(5)                                = 0
write(4, "--frame\r\nContent-Type: image/jpe"..., 59) = 59
write(4, "\377\330\377\340\0\20JFIF\0\1\2\0\0\1\0\1\0\0\377\376\0\21Lavc58.1"..., 9800) = 9800
write(4, "\r\n", 2)                     = 2
clock_nanosleep(CLOCK_REALTIME, 0, {tv_sec=0, tv_nsec=100000000}, NULL) = 0
openat(AT_FDCWD, "http-root-dir/stream/frame18.jpg", O_RDONLY) = 5
newfstatat(5, "", {st_mode=S_IFREG|0640, st_size=9800, ...}, AT_EMPTY_PATH) = 0
read(5, "\377\330\377\340\0\20JFIF\0\1\2\0\0\1\0\1\0\0\377\376\0\21Lavc58.1"..., 9800) = 9800
close(5)                                = 0
write(4, "--frame\r\nContent-Type: image/jpe"..., 59) = 59
write(4, "\377\330\377\340\0\20JFIF\0\1\2\0\0\1\0\1\0\0\377\376\0\21Lavc58.1"..., 9800) = 9800
write(4, "\r\n", 2)                     = 2
clock_nanosleep(CLOCK_REALTIME, 0, {tv_sec=0, tv_nsec=100000000}, NULL) = 0
openat(AT_FDCWD, "http-root-dir/stream/frame19.jpg", O_RDONLY) = 5
newfstatat(5, "", {st_mode=S_IFREG|0640, st_size=9800, ...}, AT_EMPTY_PATH) = 0
read(5, "\377\330\377\340\0\20JFIF\0\1\2\0\0\1\0\1\0\0\377\376\0\21Lavc58.1"..., 9800) = 9800
close(5)                                = 0
write(4, "--frame\r\nContent-Type: image/jpe"..., 59) = 59
write(4, "\377\330\377\340\0\20JFIF\0\1\2\0\0\1\0\1\0\0\377\376\0\21Lavc58.1"..., 9800) = 9800
write(4, "\r\n", 2)                     = 2
clock_nanosleep(CLOCK_REALTIME, 0, {tv_sec=0, tv_nsec=100000000}, NULL) = 0
openat(AT_FDCWD, "http-root-dir/stream/frame20.jpg", O_RDONLY) = 5
newfstatat(5, "", {st_mode=S_IFREG|0640, st_size=9772, ...}, AT_EMPTY_PATH) = 0
read(5, "\377\330\377\340\0\20JFIF\0\1\2\0\0\1\0\1\0\0\377\376\0\21Lavc58.1"..., 9772) = 9772
close(5)                                = 0
write(4, "--frame\r\nContent-Type: image/jpe"..., 59) = 59
write(4, "\377\330\377\340\0\20JFIF\0\1\2\0\0\1\0\1\0\0\377\376\0\21Lavc58.1"..., 9772) = 9772
write(4, "\r\n", 2)                     = 2
clock_nanosleep(CLOCK_REALTIME, 0, {tv_sec=0, tv_nsec=100000000}, NULL) = 0
openat(AT_FDCWD, "http-root-dir/stream/frame21.jpg", O_RDONLY) = 5
newfstatat(5, "", {st_mode=S_IFREG|0640, st_size=9793, ...}, AT_EMPTY_PATH) = 0
read(5, "\377\330\377\340\0\20JFIF\0\1\2\0\0\1\0\1\0\0\377\376\0\21Lavc58.1"..., 9793) = 9793
close(5)                                = 0
write(4, "--frame\r\nContent-Type: image/jpe"..., 59) = 59
write(4, "\377\330\377\340\0\20JFIF\0\1\2\0\0\1\0\1\0\0\377\376\0\21Lavc58.1"..., 9793) = 9793
write(4, "\r\n", 2)                     = 2
clock_nanosleep(CLOCK_REALTIME, 0, {tv_sec=0, tv_nsec=100000000}, NULL) = 0
openat(AT_FDCWD, "http-root-dir/stream/frame22.jpg", O_RDONLY) = 5
newfstatat(5, "", {st_mode=S_IFREG|0640, st_size=9776, ...}, AT_EMPTY_PATH) = 0
read(5, "\377\330\377\340\0\20JFIF\0\1\2\0\0\1\0\1\0\0\377\376\0\21Lavc58.1"..., 9776) = 9776
close(5)                                = 0
write(4, "--frame\r\nContent-Type: image/jpe"..., 59) = 59
write(4, "\377\330\377\340\0\20JFIF\0\1\2\0\0\1\0\1\0\0\377\376\0\21Lavc58.1"..., 9776) = 9776
write(4, "\r\n", 2)                     = 2
clock_nanosleep(CLOCK_REALTIME, 0, {tv_sec=0, tv_nsec=100000000}, NULL) = 0
openat(AT_FDCWD, "http-root-dir/stream/frame23.jpg", O_RDONLY) = 5
newfstatat(5, "", {st_mode=S_IFREG|0640, st_size=9786, ...}, AT_EMPTY_PATH) = 0
read(5, "\377\330\377\340\0\20JFIF\0\1\2\0\0\1\0\1\0\0\377\376\0\21Lavc58.1"..., 9786) = 9786
close(5)                                = 0
write(4, "--frame\r\nContent-Type: image/jpe"..., 59) = 59
write(4, "\377\330\377\340\0\20JFIF\0\1\2\0\0\1\0\1\0\0\377\376\0\21Lavc58.1"..., 9786) = 9786
write(4, "\r\n", 2)                     = 2
clock_nanosleep(CLOCK_REALTIME, 0, {tv_sec=0, tv_nsec=100000000}, NULL) = 0
openat(AT_FDCWD, "http-root-dir/stream/frame24.jpg", O_RDONLY) = 5
newfstatat(5, "", {st_mode=S_IFREG|0640, st_size=9768, ...}, AT_EMPTY_PATH) = 0
read(5, "\377\330\377\340\0\20JFIF\0\1\2\0\0\1\0\1\0\0\377\376\0\21Lavc58.1"..., 9768) = 9768
close(5)                                = 0
write(4, "--frame\r\nContent-Type: image/jpe"..., 59) = 59
write(4, "\377\330\377\340\0\20JFIF\0\1\2\0\0\1\0\1\0\0\377\376\0\21Lavc58.1"..., 9768) = 9768
write(4, "\r\n", 2)                     = 2
clock_nanosleep(CLOCK_REALTIME, 0, {tv_sec=0, tv_nsec=100000000}, NULL) = 0
openat(AT_FDCWD, "http-root-dir/stream/frame25.jpg", O_RDONLY) = 5
newfstatat(5, "", {st_mode=S_IFREG|0640, st_size=9764, ...}, AT_EMPTY_PATH) = 0
read(5, "\377\330\377\340\0\20JFIF\0\1\2\0\0\1\0\1\0\0\377\376\0\21Lavc58.1"..., 9764) = 9764
close(5)                                = 0
write(4, "--frame\r\nContent-Type: image/jpe"..., 59) = 59
write(4, "\377\330\377\340\0\20JFIF\0\1\2\0\0\1\0\1\0\0\377\376\0\21Lavc58.1"..., 9764) = 9764
write(4, "\r\n", 2)                     = 2
clock_nanosleep(CLOCK_REALTIME, 0, {tv_sec=0, tv_nsec=100000000}, NULL) = 0
openat(AT_FDCWD, "http-root-dir/stream/frame26.jpg", O_RDONLY) = 5
newfstatat(5, "", {st_mode=S_IFREG|0640, st_size=9788, ...}, AT_EMPTY_PATH) = 0
read(5, "\377\330\377\340\0\20JFIF\0\1\2\0\0\1\0\1\0\0\377\376\0\21Lavc58.1"..., 9788) = 9788
close(5)                                = 0
write(4, "--frame\r\nContent-Type: image/jpe"..., 59) = 59
write(4, "\377\330\377\340\0\20JFIF\0\1\2\0\0\1\0\1\0\0\377\376\0\21Lavc58.1"..., 9788) = 9788
write(4, "\r\n", 2)                     = 2
clock_nanosleep(CLOCK_REALTIME, 0, {tv_sec=0, tv_nsec=100000000}, NULL) = 0
openat(AT_FDCWD, "http-root-dir/stream/frame27.jpg", O_RDONLY) = 5
newfstatat(5, "", {st_mode=S_IFREG|0640, st_size=9757, ...}, AT_EMPTY_PATH) = 0
read(5, "\377\330\377\340\0\20JFIF\0\1\2\0\0\1\0\1\0\0\377\376\0\21Lavc58.1"..., 9757) = 9757
close(5)                                = 0
write(4, "--frame\r\nContent-Type: image/jpe"..., 59) = 59
write(4, "\377\330\377\340\0\20JFIF\0\1\2\0\0\1\0\1\0\0\377\376\0\21Lavc58.1"..., 9757) = 9757
write(4, "\r\n", 2)                     = 2
clock_nanosleep(CLOCK_REALTIME, 0, {tv_sec=0, tv_nsec=100000000}, NULL) = 0
openat(AT_FDCWD, "http-root-dir/stream/frame28.jpg", O_RDONLY) = 5
newfstatat(5, "", {st_mode=S_IFREG|0640, st_size=9768, ...}, AT_EMPTY_PATH) = 0
read(5, "\377\330\377\340\0\20JFIF\0\1\2\0\0\1\0\1\0\0\377\376\0\21Lavc58.1"..., 9768) = 9768
close(5)                                = 0
write(4, "--frame\r\nContent-Type: image/jpe"..., 59) = 59
write(4, "\377\330\377\340\0\20JFIF\0\1\2\0\0\1\0\1\0\0\377\376\0\21Lavc58.1"..., 9768) = 9768
write(4, "\r\n", 2)                     = 2
clock_nanosleep(CLOCK_REALTIME, 0, {tv_sec=0, tv_nsec=100000000}, NULL) = 0
openat(AT_FDCWD, "http-root-dir/stream/frame29.jpg", O_RDONLY) = 5
newfstatat(5, "", {st_mode=S_IFREG|0640, st_size=9714, ...}, AT_EMPTY_PATH) = 0
read(5, "\377\330\377\340\0\20JFIF\0\1\2\0\0\1\0\1\0\0\377\376\0\21Lavc58.1"..., 9714) = 9714
close(5)                                = 0
write(4, "--frame\r\nContent-Type: image/jpe"..., 59) = 59
write(4, "\377\330\377\340\0\20JFIF\0\1\2\0\0\1\0\1\0\0\377\376\0\21Lavc58.1"..., 9714) = 9714
write(4, "\r\n", 2)                     = 2
clock_nanosleep(CLOCK_REALTIME, 0, {tv_sec=0, tv_nsec=100000000}, NULL) = 0
openat(AT_FDCWD, "http-root-dir/stream/frame30.jpg", O_RDONLY) = 5
newfstatat(5, "", {st_mode=S_IFREG|0640, st_size=9728, ...}, AT_EMPTY_PATH) = 0
read(5, "\377\330\377\340\0\20JFIF\0\1\2\0\0\1\0\1\0\0\377\376\0\21Lavc58.1"..., 9728) = 9728
close(5)                                = 0
write(4, "--frame\r\nContent-Type: image/jpe"..., 59) = 59
write(4, "\377\330\377\340\0\20JFIF\0\1\2\0\0\1\0\1\0\0\377\376\0\21Lavc58.1"..., 9728) = 9728
write(4, "\r\n", 2)                     = 2
clock_nanosleep(CLOCK_REALTIME, 0, {tv_sec=0, tv_nsec=100000000}, NULL) = 0
openat(AT_FDCWD, "http-root-dir/stream/frame31.jpg", O_RDONLY) = 5
newfstatat(5, "", {st_mode=S_IFREG|0640, st_size=9774, ...}, AT_EMPTY_PATH) = 0
read(5, "\377\330\377\340\0\20JFIF\0\1\2\0\0\1\0\1\0\0\377\376\0\21Lavc58.1"..., 9774) = 9774
close(5)                                = 0
write(4, "--frame\r\nContent-Type: image/jpe"..., 59) = 59
write(4, "\377\330\377\340\0\20JFIF\0\1\2\0\0\1\0\1\0\0\377\376\0\21Lavc58.1"..., 9774) = 9774
write(4, "\r\n", 2)                     = 2
clock_nanosleep(CLOCK_REALTIME, 0, {tv_sec=0, tv_nsec=100000000}, NULL) = 0
openat(AT_FDCWD, "http-root-dir/stream/frame32.jpg", O_RDONLY) = 5
newfstatat(5, "", {st_mode=S_IFREG|0640, st_size=9791, ...}, AT_EMPTY_PATH) = 0
read(5, "\377\330\377\340\0\20JFIF\0\1\2\0\0\1\0\1\0\0\377\376\0\21Lavc58.1"..., 9791) = 9791
close(5)                                = 0
write(4, "--frame\r\nContent-Type: image/jpe"..., 59) = 59
write(4, "\377\330\377\340\0\20JFIF\0\1\2\0\0\1\0\1\0\0\377\376\0\21Lavc58.1"..., 9791) = 9791
write(4, "\r\n", 2)                     = 2
clock_nanosleep(CLOCK_REALTIME, 0, {tv_sec=0, tv_nsec=100000000}, NULL) = 0
openat(AT_FDCWD, "http-root-dir/stream/frame33.jpg", O_RDONLY) = 5
newfstatat(5, "", {st_mode=S_IFREG|0640, st_size=9831, ...}, AT_EMPTY_PATH) = 0
read(5, "\377\330\377\340\0\20JFIF\0\1\2\0\0\1\0\1\0\0\377\376\0\21Lavc58.1"..., 9831) = 9831
close(5)                                = 0
write(4, "--frame\r\nContent-Type: image/jpe"..., 59) = 59
write(4, "\377\330\377\340\0\20JFIF\0\1\2\0\0\1\0\1\0\0\377\376\0\21Lavc58.1"..., 9831) = 9831
write(4, "\r\n", 2)                     = 2
clock_nanosleep(CLOCK_REALTIME, 0, {tv_sec=0, tv_nsec=100000000}, NULL) = 0
openat(AT_FDCWD, "http-root-dir/stream/frame34.jpg", O_RDONLY) = 5
newfstatat(5, "", {st_mode=S_IFREG|0640, st_size=9788, ...}, AT_EMPTY_PATH) = 0
read(5, "\377\330\377\340\0\20JFIF\0\1\2\0\0\1\0\1\0\0\377\376\0\21Lavc58.1"..., 9788) = 9788
close(5)                                = 0
write(4, "--frame\r\nContent-Type: image/jpe"..., 59) = 59
write(4, "\377\330\377\340\0\20JFIF\0\1\2\0\0\1\0\1\0\0\377\376\0\21Lavc58.1"..., 9788) = 9788
write(4, "\r\n", 2)                     = 2
clock_nanosleep(CLOCK_REALTIME, 0, {tv_sec=0, tv_nsec=100000000}, NULL) = 0
openat(AT_FDCWD, "http-root-dir/stream/frame35.jpg", O_RDONLY) = 5
newfstatat(5, "", {st_mode=S_IFREG|0640, st_size=9771, ...}, AT_EMPTY_PATH) = 0
read(5, "\377\330\377\340\0\20JFIF\0\1\2\0\0\1\0\1\0\0\377\376\0\21Lavc58.1"..., 9771) = 9771
close(5)                                = 0
write(4, "--frame\r\nContent-Type: image/jpe"..., 59) = 59
write(4, "\377\330\377\340\0\20JFIF\0\1\2\0\0\1\0\1\0\0\377\376\0\21Lavc58.1"..., 9771) = 9771
write(4, "\r\n", 2)                     = 2
clock_nanosleep(CLOCK_REALTIME, 0, {tv_sec=0, tv_nsec=100000000}, NULL) = 0
openat(AT_FDCWD, "http-root-dir/stream/frame36.jpg", O_RDONLY) = 5
newfstatat(5, "", {st_mode=S_IFREG|0640, st_size=9766, ...}, AT_EMPTY_PATH) = 0
read(5, "\377\330\377\340\0\20JFIF\0\1\2\0\0\1\0\1\0\0\377\376\0\21Lavc58.1"..., 9766) = 9766
close(5)                                = 0
write(4, "--frame\r\nContent-Type: image/jpe"..., 59) = 59
write(4, "\377\330\377\340\0\20JFIF\0\1\2\0\0\1\0\1\0\0\377\376\0\21Lavc58.1"..., 9766) = 9766
write(4, "\r\n", 2)                     = 2
clock_nanosleep(CLOCK_REALTIME, 0, {tv_sec=0, tv_nsec=100000000}, NULL) = 0
openat(AT_FDCWD, "http-root-dir/stream/frame37.jpg", O_RDONLY) = 5
newfstatat(5, "", {st_mode=S_IFREG|0640, st_size=9801, ...}, AT_EMPTY_PATH) = 0
read(5, "\377\330\377\340\0\20JFIF\0\1\2\0\0\1\0\1\0\0\377\376\0\21Lavc58.1"..., 9801) = 9801
close(5)                                = 0
write(4, "--frame\r\nContent-Type: image/jpe"..., 59) = 59
write(4, "\377\330\377\340\0\20JFIF\0\1\2\0\0\1\0\1\0\0\377\376\0\21Lavc58.1"..., 9801) = 9801
write(4, "\r\n", 2)                     = 2
clock_nanosleep(CLOCK_REALTIME, 0, {tv_sec=0, tv_nsec=100000000}, NULL) = 0
openat(AT_FDCWD, "http-root-dir/stream/frame38.jpg", O_RDONLY) = 5
newfstatat(5, "", {st_mode=S_IFREG|0640, st_size=9812, ...}, AT_EMPTY_PATH) = 0
read(5, "\377\330\377\340\0\20JFIF\0\1\2\0\0\1\0\1\0\0\377\376\0\21Lavc58.1"..., 9812) = 9812
close(5)                                = 0
write(4, "--frame\r\nContent-Type: image/jpe"..., 59) = 59
write(4, "\377\330\377\340\0\20JFIF\0\1\2\0\0\1\0\1\0\0\377\376\0\21Lavc58.1"..., 9812) = 9812
write(4, "\r\n", 2)                     = 2
clock_nanosleep(CLOCK_REALTIME, 0, {tv_sec=0, tv_nsec=100000000}, NULL) = 0
openat(AT_FDCWD, "http-root-dir/stream/frame39.jpg", O_RDONLY) = 5
newfstatat(5, "", {st_mode=S_IFREG|0640, st_size=9840, ...}, AT_EMPTY_PATH) = 0
read(5, "\377\330\377\340\0\20JFIF\0\1\2\0\0\1\0\1\0\0\377\376\0\21Lavc58.1"..., 9840) = 9840
close(5)                                = 0
write(4, "--frame\r\nContent-Type: image/jpe"..., 59) = 59
write(4, "\377\330\377\340\0\20JFIF\0\1\2\0\0\1\0\1\0\0\377\376\0\21Lavc58.1"..., 9840) = 9840
write(4, "\r\n", 2)                     = 2
clock_nanosleep(CLOCK_REALTIME, 0, {tv_sec=0, tv_nsec=100000000}, NULL) = 0
openat(AT_FDCWD, "http-root-dir/stream/frame40.jpg", O_RDONLY) = 5
newfstatat(5, "", {st_mode=S_IFREG|0640, st_size=9821, ...}, AT_EMPTY_PATH) = 0
read(5, "\377\330\377\340\0\20JFIF\0\1\2\0\0\1\0\1\0\0\377\376\0\21Lavc58.1"..., 9821) = 9821
close(5)                                = 0
write(4, "--frame\r\nContent-Type: image/jpe"..., 59) = 59
write(4, "\377\330\377\340\0\20JFIF\0\1\2\0\0\1\0\1\0\0\377\376\0\21Lavc58.1"..., 9821) = 9821
write(4, "\r\n", 2)                     = 2
clock_nanosleep(CLOCK_REALTIME, 0, {tv_sec=0, tv_nsec=100000000}, NULL) = 0
openat(AT_FDCWD, "http-root-dir/stream/frame41.jpg", O_RDONLY) = 5
newfstatat(5, "", {st_mode=S_IFREG|0640, st_size=9864, ...}, AT_EMPTY_PATH) = 0
read(5, "\377\330\377\340\0\20JFIF\0\1\2\0\0\1\0\1\0\0\377\376\0\21Lavc58.1"..., 9864) = 9864
close(5)                                = 0
write(4, "--frame\r\nContent-Type: image/jpe"..., 59) = 59
write(4, "\377\330\377\340\0\20JFIF\0\1\2\0\0\1\0\1\0\0\377\376\0\21Lavc58.1"..., 9864) = 9864
write(4, "\r\n", 2)                     = 2
clock_nanosleep(CLOCK_REALTIME, 0, {tv_sec=0, tv_nsec=100000000}, NULL) = 0
openat(AT_FDCWD, "http-root-dir/stream/frame42.jpg", O_RDONLY) = 5
newfstatat(5, "", {st_mode=S_IFREG|0640, st_size=9906, ...}, AT_EMPTY_PATH) = 0
read(5, "\377\330\377\340\0\20JFIF\0\1\2\0\0\1\0\1\0\0\377\376\0\21Lavc58.1"..., 9906) = 9906
close(5)                                = 0
write(4, "--frame\r\nContent-Type: image/jpe"..., 59) = 59
write(4, "\377\330\377\340\0\20JFIF\0\1\2\0\0\1\0\1\0\0\377\376\0\21Lavc58.1"..., 9906) = 9906
write(4, "\r\n", 2)                     = 2
clock_nanosleep(CLOCK_REALTIME, 0, {tv_sec=0, tv_nsec=100000000}, NULL) = 0
openat(AT_FDCWD, "http-root-dir/stream/frame43.jpg", O_RDONLY) = 5
newfstatat(5, "", {st_mode=S_IFREG|0640, st_size=9856, ...}, AT_EMPTY_PATH) = 0
read(5, "\377\330\377\340\0\20JFIF\0\1\2\0\0\1\0\1\0\0\377\376\0\21Lavc58.1"..., 9856) = 9856
close(5)                                = 0
write(4, "--frame\r\nContent-Type: image/jpe"..., 59) = 59
write(4, "\377\330\377\340\0\20JFIF\0\1\2\0\0\1\0\1\0\0\377\376\0\21Lavc58.1"..., 9856) = 9856
write(4, "\r\n", 2)                     = 2
clock_nanosleep(CLOCK_REALTIME, 0, {tv_sec=0, tv_nsec=100000000}, NULL) = 0
openat(AT_FDCWD, "http-root-dir/stream/frame44.jpg", O_RDONLY) = 5
newfstatat(5, "", {st_mode=S_IFREG|0640, st_size=9832, ...}, AT_EMPTY_PATH) = 0
read(5, "\377\330\377\340\0\20JFIF\0\1\2\0\0\1\0\1\0\0\377\376\0\21Lavc58.1"..., 9832) = 9832
close(5)                                = 0
write(4, "--frame\r\nContent-Type: image/jpe"..., 59) = 59
write(4, "\377\330\377\340\0\20JFIF\0\1\2\0\0\1\0\1\0\0\377\376\0\21Lavc58.1"..., 9832) = 9832
write(4, "\r\n", 2)                     = 2
clock_nanosleep(CLOCK_REALTIME, 0, {tv_sec=0, tv_nsec=100000000}, NULL) = 0
openat(AT_FDCWD, "http-root-dir/stream/frame45.jpg", O_RDONLY) = 5
newfstatat(5, "", {st_mode=S_IFREG|0640, st_size=9832, ...}, AT_EMPTY_PATH) = 0
read(5, "\377\330\377\340\0\20JFIF\0\1\2\0\0\1\0\1\0\0\377\376\0\21Lavc58.1"..., 9832) = 9832
close(5)                                = 0
write(4, "--frame\r\nContent-Type: image/jpe"..., 59) = 59
write(4, "\377\330\377\340\0\20JFIF\0\1\2\0\0\1\0\1\0\0\377\376\0\21Lavc58.1"..., 9832) = 9832
write(4, "\r\n", 2)                     = 2
clock_nanosleep(CLOCK_REALTIME, 0, {tv_sec=0, tv_nsec=100000000}, NULL) = 0
openat(AT_FDCWD, "http-root-dir/stream/frame46.jpg", O_RDONLY) = 5
newfstatat(5, "", {st_mode=S_IFREG|0640, st_size=9743, ...}, AT_EMPTY_PATH) = 0
read(5, "\377\330\377\340\0\20JFIF\0\1\2\0\0\1\0\1\0\0\377\376\0\21Lavc58.1"..., 9743) = 9743
close(5)                                = 0
write(4, "--frame\r\nContent-Type: image/jpe"..., 59) = 59
write(4, "\377\330\377\340\0\20JFIF\0\1\2\0\0\1\0\1\0\0\377\376\0\21Lavc58.1"..., 9743) = 9743
write(4, "\r\n", 2)                     = 2
clock_nanosleep(CLOCK_REALTIME, 0, {tv_sec=0, tv_nsec=100000000}, NULL) = 0
openat(AT_FDCWD, "http-root-dir/stream/frame47.jpg", O_RDONLY) = 5
newfstatat(5, "", {st_mode=S_IFREG|0640, st_size=9780, ...}, AT_EMPTY_PATH) = 0
read(5, "\377\330\377\340\0\20JFIF\0\1\2\0\0\1\0\1\0\0\377\376\0\21Lavc58.1"..., 9780) = 9780
close(5)                                = 0
write(4, "--frame\r\nContent-Type: image/jpe"..., 59) = 59
write(4, "\377\330\377\340\0\20JFIF\0\1\2\0\0\1\0\1\0\0\377\376\0\21Lavc58.1"..., 9780) = 9780
write(4, "\r\n", 2)                     = 2
clock_nanosleep(CLOCK_REALTIME, 0, {tv_sec=0, tv_nsec=100000000}, NULL) = 0
openat(AT_FDCWD, "http-root-dir/stream/frame48.jpg", O_RDONLY) = 5
newfstatat(5, "", {st_mode=S_IFREG|0640, st_size=9787, ...}, AT_EMPTY_PATH) = 0
read(5, "\377\330\377\340\0\20JFIF\0\1\2\0\0\1\0\1\0\0\377\376\0\21Lavc58.1"..., 9787) = 9787
close(5)                                = 0
write(4, "--frame\r\nContent-Type: image/jpe"..., 59) = 59
write(4, "\377\330\377\340\0\20JFIF\0\1\2\0\0\1\0\1\0\0\377\376\0\21Lavc58.1"..., 9787) = 9787
write(4, "\r\n", 2)                     = 2
clock_nanosleep(CLOCK_REALTIME, 0, {tv_sec=0, tv_nsec=100000000}, NULL) = 0
openat(AT_FDCWD, "http-root-dir/stream/frame49.jpg", O_RDONLY) = 5
newfstatat(5, "", {st_mode=S_IFREG|0640, st_size=9805, ...}, AT_EMPTY_PATH) = 0
read(5, "\377\330\377\340\0\20JFIF\0\1\2\0\0\1\0\1\0\0\377\376\0\21Lavc58.1"..., 9805) = 9805
close(5)                                = 0
write(4, "--frame\r\nContent-Type: image/jpe"..., 59) = 59
write(4, "\377\330\377\340\0\20JFIF\0\1\2\0\0\1\0\1\0\0\377\376\0\21Lavc58.1"..., 9805) = 9805
write(4, "\r\n", 2)                     = 2
clock_nanosleep(CLOCK_REALTIME, 0, {tv_sec=0, tv_nsec=100000000}, NULL) = 0
openat(AT_FDCWD, "http-root-dir/stream/frame50.jpg", O_RDONLY) = 5
newfstatat(5, "", {st_mode=S_IFREG|0640, st_size=9774, ...}, AT_EMPTY_PATH) = 0
read(5, "\377\330\377\340\0\20JFIF\0\1\2\0\0\1\0\1\0\0\377\376\0\21Lavc58.1"..., 9774) = 9774
close(5)                                = 0
write(4, "--frame\r\nContent-Type: image/jpe"..., 59) = 59
write(4, "\377\330\377\340\0\20JFIF\0\1\2\0\0\1\0\1\0\0\377\376\0\21Lavc58.1"..., 9774) = 9774
write(4, "\r\n", 2)                     = 2
clock_nanosleep(CLOCK_REALTIME, 0, {tv_sec=0, tv_nsec=100000000}, NULL) = 0
openat(AT_FDCWD, "http-root-dir/stream/frame51.jpg", O_RDONLY) = 5
newfstatat(5, "", {st_mode=S_IFREG|0640, st_size=9761, ...}, AT_EMPTY_PATH) = 0
read(5, "\377\330\377\340\0\20JFIF\0\1\2\0\0\1\0\1\0\0\377\376\0\21Lavc58.1"..., 9761) = 9761
close(5)                                = 0
write(4, "--frame\r\nContent-Type: image/jpe"..., 59) = 59
write(4, "\377\330\377\340\0\20JFIF\0\1\2\0\0\1\0\1\0\0\377\376\0\21Lavc58.1"..., 9761) = 9761
write(4, "\r\n", 2)                     = 2
clock_nanosleep(CLOCK_REALTIME, 0, {tv_sec=0, tv_nsec=100000000}, NULL) = 0
openat(AT_FDCWD, "http-root-dir/stream/frame52.jpg", O_RDONLY) = 5
newfstatat(5, "", {st_mode=S_IFREG|0640, st_size=9766, ...}, AT_EMPTY_PATH) = 0
read(5, "\377\330\377\340\0\20JFIF\0\1\2\0\0\1\0\1\0\0\377\376\0\21Lavc58.1"..., 9766) = 9766
close(5)                                = 0
write(4, "--frame\r\nContent-Type: image/jpe"..., 59) = 59
write(4, "\377\330\377\340\0\20JFIF\0\1\2\0\0\1\0\1\0\0\377\376\0\21Lavc58.1"..., 9766) = 9766
write(4, "\r\n", 2)                     = 2
clock_nanosleep(CLOCK_REALTIME, 0, {tv_sec=0, tv_nsec=100000000}, NULL) = 0
openat(AT_FDCWD, "http-root-dir/stream/frame53.jpg", O_RDONLY) = 5
newfstatat(5, "", {st_mode=S_IFREG|0640, st_size=9802, ...}, AT_EMPTY_PATH) = 0
read(5, "\377\330\377\340\0\20JFIF\0\1\2\0\0\1\0\1\0\0\377\376\0\21Lavc58.1"..., 9802) = 9802
close(5)                                = 0
write(4, "--frame\r\nContent-Type: image/jpe"..., 59) = 59
write(4, "\377\330\377\340\0\20JFIF\0\1\2\0\0\1\0\1\0\0\377\376\0\21Lavc58.1"..., 9802) = 9802
write(4, "\r\n", 2)                     = 2
clock_nanosleep(CLOCK_REALTIME, 0, {tv_sec=0, tv_nsec=100000000}, NULL) = 0
openat(AT_FDCWD, "http-root-dir/stream/frame54.jpg", O_RDONLY) = 5
newfstatat(5, "", {st_mode=S_IFREG|0640, st_size=9757, ...}, AT_EMPTY_PATH) = 0
read(5, "\377\330\377\340\0\20JFIF\0\1\2\0\0\1\0\1\0\0\377\376\0\21Lavc58.1"..., 9757) = 9757
close(5)                                = 0
write(4, "--frame\r\nContent-Type: image/jpe"..., 59) = 59
write(4, "\377\330\377\340\0\20JFIF\0\1\2\0\0\1\0\1\0\0\377\376\0\21Lavc58.1"..., 9757) = 9757
write(4, "\r\n", 2)                     = 2
clock_nanosleep(CLOCK_REALTIME, 0, {tv_sec=0, tv_nsec=100000000}, NULL) = 0
openat(AT_FDCWD, "http-root-dir/stream/frame55.jpg", O_RDONLY) = 5
newfstatat(5, "", {st_mode=S_IFREG|0640, st_size=9812, ...}, AT_EMPTY_PATH) = 0
read(5, "\377\330\377\340\0\20JFIF\0\1\2\0\0\1\0\1\0\0\377\376\0\21Lavc58.1"..., 9812) = 9812
close(5)                                = 0
write(4, "--frame\r\nContent-Type: image/jpe"..., 59) = 59
write(4, "\377\330\377\340\0\20JFIF\0\1\2\0\0\1\0\1\0\0\377\376\0\21Lavc58.1"..., 9812) = 9812
write(4, "\r\n", 2)                     = 2
clock_nanosleep(CLOCK_REALTIME, 0, {tv_sec=0, tv_nsec=100000000}, NULL) = 0
openat(AT_FDCWD, "http-root-dir/stream/frame56.jpg", O_RDONLY) = 5
newfstatat(5, "", {st_mode=S_IFREG|0640, st_size=9762, ...}, AT_EMPTY_PATH) = 0
read(5, "\377\330\377\340\0\20JFIF\0\1\2\0\0\1\0\1\0\0\377\376\0\21Lavc58.1"..., 9762) = 9762
close(5)                                = 0
write(4, "--frame\r\nContent-Type: image/jpe"..., 59) = 59
write(4, "\377\330\377\340\0\20JFIF\0\1\2\0\0\1\0\1\0\0\377\376\0\21Lavc58.1"..., 9762) = 9762
write(4, "\r\n", 2)                     = 2
clock_nanosleep(CLOCK_REALTIME, 0, {tv_sec=0, tv_nsec=100000000}, NULL) = 0
openat(AT_FDCWD, "http-root-dir/stream/frame57.jpg", O_RDONLY) = 5
newfstatat(5, "", {st_mode=S_IFREG|0640, st_size=9842, ...}, AT_EMPTY_PATH) = 0
read(5, "\377\330\377\340\0\20JFIF\0\1\2\0\0\1\0\1\0\0\377\376\0\21Lavc58.1"..., 9842) = 9842
close(5)                                = 0
write(4, "--frame\r\nContent-Type: image/jpe"..., 59) = 59
write(4, "\377\330\377\340\0\20JFIF\0\1\2\0\0\1\0\1\0\0\377\376\0\21Lavc58.1"..., 9842) = 9842
write(4, "\r\n", 2)                     = 2
clock_nanosleep(CLOCK_REALTIME, 0, {tv_sec=0, tv_nsec=100000000}, NULL) = 0
openat(AT_FDCWD, "http-root-dir/stream/frame58.jpg", O_RDONLY) = 5
newfstatat(5, "", {st_mode=S_IFREG|0640, st_size=9825, ...}, AT_EMPTY_PATH) = 0
read(5, "\377\330\377\340\0\20JFIF\0\1\2\0\0\1\0\1\0\0\377\376\0\21Lavc58.1"..., 9825) = 9825
close(5)                                = 0
write(4, "--frame\r\nContent-Type: image/jpe"..., 59) = 59
write(4, "\377\330\377\340\0\20JFIF\0\1\2\0\0\1\0\1\0\0\377\376\0\21Lavc58.1"..., 9825) = 9825
write(4, "\r\n", 2)                     = 2
clock_nanosleep(CLOCK_REALTIME, 0, {tv_sec=0, tv_nsec=100000000}, NULL) = 0
openat(AT_FDCWD, "http-root-dir/stream/frame59.jpg", O_RDONLY) = 5
newfstatat(5, "", {st_mode=S_IFREG|0640, st_size=9823, ...}, AT_EMPTY_PATH) = 0
read(5, "\377\330\377\340\0\20JFIF\0\1\2\0\0\1\0\1\0\0\377\376\0\21Lavc58.1"..., 9823) = 9823
close(5)                                = 0
write(4, "--frame\r\nContent-Type: image/jpe"..., 59) = 59
write(4, "\377\330\377\340\0\20JFIF\0\1\2\0\0\1\0\1\0\0\377\376\0\21Lavc58.1"..., 9823) = 9823
write(4, "\r\n", 2)                     = 2
clock_nanosleep(CLOCK_REALTIME, 0, {tv_sec=0, tv_nsec=100000000}, NULL) = 0
openat(AT_FDCWD, "http-root-dir/stream/frame60.jpg", O_RDONLY) = 5
newfstatat(5, "", {st_mode=S_IFREG|0640, st_size=9789, ...}, AT_EMPTY_PATH) = 0
read(5, "\377\330\377\340\0\20JFIF\0\1\2\0\0\1\0\1\0\0\377\376\0\21Lavc58.1"..., 9789) = 9789
close(5)                                = 0
write(4, "--frame\r\nContent-Type: image/jpe"..., 59) = 59
write(4, "\377\330\377\340\0\20JFIF\0\1\2\0\0\1\0\1\0\0\377\376\0\21Lavc58.1"..., 9789) = 9789
write(4, "\r\n", 2)                     = 2
clock_nanosleep(CLOCK_REALTIME, 0, {tv_sec=0, tv_nsec=100000000}, NULL) = 0
openat(AT_FDCWD, "http-root-dir/stream/frame61.jpg", O_RDONLY) = 5
newfstatat(5, "", {st_mode=S_IFREG|0640, st_size=9813, ...}, AT_EMPTY_PATH) = 0
read(5, "\377\330\377\340\0\20JFIF\0\1\2\0\0\1\0\1\0\0\377\376\0\21Lavc58.1"..., 9813) = 9813
close(5)                                = 0
write(4, "--frame\r\nContent-Type: image/jpe"..., 59) = 59
write(4, "\377\330\377\340\0\20JFIF\0\1\2\0\0\1\0\1\0\0\377\376\0\21Lavc58.1"..., 9813) = 9813
write(4, "\r\n", 2)                     = 2
clock_nanosleep(CLOCK_REALTIME, 0, {tv_sec=0, tv_nsec=100000000}, NULL) = 0
openat(AT_FDCWD, "http-root-dir/stream/frame62.jpg", O_RDONLY) = 5
newfstatat(5, "", {st_mode=S_IFREG|0640, st_size=9818, ...}, AT_EMPTY_PATH) = 0
read(5, "\377\330\377\340\0\20JFIF\0\1\2\0\0\1\0\1\0\0\377\376\0\21Lavc58.1"..., 9818) = 9818
close(5)                                = 0
write(4, "--frame\r\nContent-Type: image/jpe"..., 59) = 59
write(4, "\377\330\377\340\0\20JFIF\0\1\2\0\0\1\0\1\0\0\377\376\0\21Lavc58.1"..., 9818) = 9818
write(4, "\r\n", 2)                     = 2
clock_nanosleep(CLOCK_REALTIME, 0, {tv_sec=0, tv_nsec=100000000}, NULL) = 0
openat(AT_FDCWD, "http-root-dir/stream/frame63.jpg", O_RDONLY) = 5
newfstatat(5, "", {st_mode=S_IFREG|0640, st_size=9839, ...}, AT_EMPTY_PATH) = 0
read(5, "\377\330\377\340\0\20JFIF\0\1\2\0\0\1\0\1\0\0\377\376\0\21Lavc58.1"..., 9839) = 9839
close(5)                                = 0
write(4, "--frame\r\nContent-Type: image/jpe"..., 59) = 59
write(4, "\377\330\377\340\0\20JFIF\0\1\2\0\0\1\0\1\0\0\377\376\0\21Lavc58.1"..., 9839) = 9839
write(4, "\r\n", 2)                     = 2
clock_nanosleep(CLOCK_REALTIME, 0, {tv_sec=0, tv_nsec=100000000}, NULL) = 0
openat(AT_FDCWD, "http-root-dir/stream/frame64.jpg", O_RDONLY) = 5
newfstatat(5, "", {st_mode=S_IFREG|0640, st_size=9804, ...}, AT_EMPTY_PATH) = 0
read(5, "\377\330\377\340\0\20JFIF\0\1\2\0\0\1\0\1\0\0\377\376\0\21Lavc58.1"..., 9804) = 9804
close(5)                                = 0
write(4, "--frame\r\nContent-Type: image/jpe"..., 59) = 59
write(4, "\377\330\377\340\0\20JFIF\0\1\2\0\0\1\0\1\0\0\377\376\0\21Lavc58.1"..., 9804) = 9804
write(4, "\r\n", 2)                     = 2
clock_nanosleep(CLOCK_REALTIME, 0, {tv_sec=0, tv_nsec=100000000}, NULL) = 0
openat(AT_FDCWD, "http-root-dir/stream/frame65.jpg", O_RDONLY) = 5
newfstatat(5, "", {st_mode=S_IFREG|0640, st_size=9797, ...}, AT_EMPTY_PATH) = 0
read(5, "\377\330\377\340\0\20JFIF\0\1\2\0\0\1\0\1\0\0\377\376\0\21Lavc58.1"..., 9797) = 9797
close(5)                                = 0
write(4, "--frame\r\nContent-Type: image/jpe"..., 59) = 59
write(4, "\377\330\377\340\0\20JFIF\0\1\2\0\0\1\0\1\0\0\377\376\0\21Lavc58.1"..., 9797) = 9797
write(4, "\r\n", 2)                     = 2
clock_nanosleep(CLOCK_REALTIME, 0, {tv_sec=0, tv_nsec=100000000}, NULL) = 0
openat(AT_FDCWD, "http-root-dir/stream/frame66.jpg", O_RDONLY) = 5
newfstatat(5, "", {st_mode=S_IFREG|0640, st_size=9829, ...}, AT_EMPTY_PATH) = 0
read(5, "\377\330\377\340\0\20JFIF\0\1\2\0\0\1\0\1\0\0\377\376\0\21Lavc58.1"..., 9829) = 9829
close(5)                                = 0
write(4, "--frame\r\nContent-Type: image/jpe"..., 59) = 59
write(4, "\377\330\377\340\0\20JFIF\0\1\2\0\0\1\0\1\0\0\377\376\0\21Lavc58.1"..., 9829) = 9829
write(4, "\r\n", 2)                     = 2
clock_nanosleep(CLOCK_REALTIME, 0, {tv_sec=0, tv_nsec=100000000}, NULL) = 0
openat(AT_FDCWD, "http-root-dir/stream/frame67.jpg", O_RDONLY) = 5
newfstatat(5, "", {st_mode=S_IFREG|0640, st_size=9837, ...}, AT_EMPTY_PATH) = 0
read(5, "\377\330\377\340\0\20JFIF\0\1\2\0\0\1\0\1\0\0\377\376\0\21Lavc58.1"..., 9837) = 9837
close(5)                                = 0
write(4, "--frame\r\nContent-Type: image/jpe"..., 59) = 59
write(4, "\377\330\377\340\0\20JFIF\0\1\2\0\0\1\0\1\0\0\377\376\0\21Lavc58.1"..., 9837) = 9837
write(4, "\r\n", 2)                     = 2
clock_nanosleep(CLOCK_REALTIME, 0, {tv_sec=0, tv_nsec=100000000}, NULL) = 0
openat(AT_FDCWD, "http-root-dir/stream/frame68.jpg", O_RDONLY) = 5
newfstatat(5, "", {st_mode=S_IFREG|0640, st_size=9800, ...}, AT_EMPTY_PATH) = 0
read(5, "\377\330\377\340\0\20JFIF\0\1\2\0\0\1\0\1\0\0\377\376\0\21Lavc58.1"..., 9800) = 9800
close(5)                                = 0
write(4, "--frame\r\nContent-Type: image/jpe"..., 59) = 59
write(4, "\377\330\377\340\0\20JFIF\0\1\2\0\0\1\0\1\0\0\377\376\0\21Lavc58.1"..., 9800) = 9800
write(4, "\r\n", 2)                     = 2
clock_nanosleep(CLOCK_REALTIME, 0, {tv_sec=0, tv_nsec=100000000}, NULL) = 0
openat(AT_FDCWD, "http-root-dir/stream/frame69.jpg", O_RDONLY) = 5
newfstatat(5, "", {st_mode=S_IFREG|0640, st_size=9841, ...}, AT_EMPTY_PATH) = 0
read(5, "\377\330\377\340\0\20JFIF\0\1\2\0\0\1\0\1\0\0\377\376\0\21Lavc58.1"..., 9841) = 9841
close(5)                                = 0
write(4, "--frame\r\nContent-Type: image/jpe"..., 59) = 59
write(4, "\377\330\377\340\0\20JFIF\0\1\2\0\0\1\0\1\0\0\377\376\0\21Lavc58.1"..., 9841) = 9841
write(4, "\r\n", 2)                     = 2
clock_nanosleep(CLOCK_REALTIME, 0, {tv_sec=0, tv_nsec=100000000}, NULL) = 0
openat(AT_FDCWD, "http-root-dir/stream/frame70.jpg", O_RDONLY) = 5
newfstatat(5, "", {st_mode=S_IFREG|0640, st_size=9800, ...}, AT_EMPTY_PATH) = 0
read(5, "\377\330\377\340\0\20JFIF\0\1\2\0\0\1\0\1\0\0\377\376\0\21Lavc58.1"..., 9800) = 9800
close(5)                                = 0
write(4, "--frame\r\nContent-Type: image/jpe"..., 59) = 59
write(4, "\377\330\377\340\0\20JFIF\0\1\2\0\0\1\0\1\0\0\377\376\0\21Lavc58.1"..., 9800) = 9800
write(4, "\r\n", 2)                     = 2
clock_nanosleep(CLOCK_REALTIME, 0, {tv_sec=0, tv_nsec=100000000}, NULL) = 0
openat(AT_FDCWD, "http-root-dir/stream/frame71.jpg", O_RDONLY) = 5
newfstatat(5, "", {st_mode=S_IFREG|0640, st_size=9837, ...}, AT_EMPTY_PATH) = 0
read(5, "\377\330\377\340\0\20JFIF\0\1\2\0\0\1\0\1\0\0\377\376\0\21Lavc58.1"..., 9837) = 9837
close(5)                                = 0
write(4, "--frame\r\nContent-Type: image/jpe"..., 59) = 59
write(4, "\377\330\377\340\0\20JFIF\0\1\2\0\0\1\0\1\0\0\377\376\0\21Lavc58.1"..., 9837) = 9837
write(4, "\r\n", 2)                     = 2
clock_nanosleep(CLOCK_REALTIME, 0, {tv_sec=0, tv_nsec=100000000}, NULL) = 0
openat(AT_FDCWD, "http-root-dir/stream/frame72.jpg", O_RDONLY) = 5
newfstatat(5, "", {st_mode=S_IFREG|0640, st_size=9801, ...}, AT_EMPTY_PATH) = 0
read(5, "\377\330\377\340\0\20JFIF\0\1\2\0\0\1\0\1\0\0\377\376\0\21Lavc58.1"..., 9801) = 9801
close(5)                                = 0
write(4, "--frame\r\nContent-Type: image/jpe"..., 59) = 59
write(4, "\377\330\377\340\0\20JFIF\0\1\2\0\0\1\0\1\0\0\377\376\0\21Lavc58.1"..., 9801) = 9801
write(4, "\r\n", 2)                     = 2
clock_nanosleep(CLOCK_REALTIME, 0, {tv_sec=0, tv_nsec=100000000}, NULL) = 0
openat(AT_FDCWD, "http-root-dir/stream/frame73.jpg", O_RDONLY) = 5
newfstatat(5, "", {st_mode=S_IFREG|0640, st_size=9856, ...}, AT_EMPTY_PATH) = 0
read(5, "\377\330\377\340\0\20JFIF\0\1\2\0\0\1\0\1\0\0\377\376\0\21Lavc58.1"..., 9856) = 9856
close(5)                                = 0
write(4, "--frame\r\nContent-Type: image/jpe"..., 59) = 59
write(4, "\377\330\377\340\0\20JFIF\0\1\2\0\0\1\0\1\0\0\377\376\0\21Lavc58.1"..., 9856) = 9856
write(4, "\r\n", 2)                     = 2
clock_nanosleep(CLOCK_REALTIME, 0, {tv_sec=0, tv_nsec=100000000}, NULL) = 0
openat(AT_FDCWD, "http-root-dir/stream/frame74.jpg", O_RDONLY) = 5
newfstatat(5, "", {st_mode=S_IFREG|0640, st_size=9855, ...}, AT_EMPTY_PATH) = 0
read(5, "\377\330\377\340\0\20JFIF\0\1\2\0\0\1\0\1\0\0\377\376\0\21Lavc58.1"..., 9855) = 9855
close(5)                                = 0
write(4, "--frame\r\nContent-Type: image/jpe"..., 59) = 59
write(4, "\377\330\377\340\0\20JFIF\0\1\2\0\0\1\0\1\0\0\377\376\0\21Lavc58.1"..., 9855) = 9855
write(4, "\r\n", 2)                     = 2
clock_nanosleep(CLOCK_REALTIME, 0, {tv_sec=0, tv_nsec=100000000}, NULL) = 0
openat(AT_FDCWD, "http-root-dir/stream/frame75.jpg", O_RDONLY) = 5
newfstatat(5, "", {st_mode=S_IFREG|0640, st_size=9861, ...}, AT_EMPTY_PATH) = 0
read(5, "\377\330\377\340\0\20JFIF\0\1\2\0\0\1\0\1\0\0\377\376\0\21Lavc58.1"..., 9861) = 9861
close(5)                                = 0
write(4, "--frame\r\nContent-Type: image/jpe"..., 59) = 59
write(4, "\377\330\377\340\0\20JFIF\0\1\2\0\0\1\0\1\0\0\377\376\0\21Lavc58.1"..., 9861) = 9861
write(4, "\r\n", 2)                     = 2
clock_nanosleep(CLOCK_REALTIME, 0, {tv_sec=0, tv_nsec=100000000}, NULL) = 0
openat(AT_FDCWD, "http-root-dir/stream/frame76.jpg", O_RDONLY) = 5
newfstatat(5, "", {st_mode=S_IFREG|0640, st_size=9853, ...}, AT_EMPTY_PATH) = 0
read(5, "\377\330\377\340\0\20JFIF\0\1\2\0\0\1\0\1\0\0\377\376\0\21Lavc58.1"..., 9853) = 9853
close(5)                                = 0
write(4, "--frame\r\nContent-Type: image/jpe"..., 59) = 59
write(4, "\377\330\377\340\0\20JFIF\0\1\2\0\0\1\0\1\0\0\377\376\0\21Lavc58.1"..., 9853) = 9853
write(4, "\r\n", 2)                     = 2
clock_nanosleep(CLOCK_REALTIME, 0, {tv_sec=0, tv_nsec=100000000}, NULL) = 0
openat(AT_FDCWD, "http-root-dir/stream/frame77.jpg", O_RDONLY) = 5
newfstatat(5, "", {st_mode=S_IFREG|0640, st_size=9845, ...}, AT_EMPTY_PATH) = 0
read(5, "\377\330\377\340\0\20JFIF\0\1\2\0\0\1\0\1\0\0\377\376\0\21Lavc58.1"..., 9845) = 9845
close(5)                                = 0
write(4, "--frame\r\nContent-Type: image/jpe"..., 59) = 59
write(4, "\377\330\377\340\0\20JFIF\0\1\2\0\0\1\0\1\0\0\377\376\0\21Lavc58.1"..., 9845) = 9845
write(4, "\r\n", 2)                     = 2
clock_nanosleep(CLOCK_REALTIME, 0, {tv_sec=0, tv_nsec=100000000}, NULL) = 0
openat(AT_FDCWD, "http-root-dir/stream/frame78.jpg", O_RDONLY) = 5
newfstatat(5, "", {st_mode=S_IFREG|0640, st_size=9812, ...}, AT_EMPTY_PATH) = 0
read(5, "\377\330\377\340\0\20JFIF\0\1\2\0\0\1\0\1\0\0\377\376\0\21Lavc58.1"..., 9812) = 9812
close(5)                                = 0
write(4, "--frame\r\nContent-Type: image/jpe"..., 59) = 59
write(4, "\377\330\377\340\0\20JFIF\0\1\2\0\0\1\0\1\0\0\377\376\0\21Lavc58.1"..., 9812) = 9812
write(4, "\r\n", 2)                     = 2
clock_nanosleep(CLOCK_REALTIME, 0, {tv_sec=0, tv_nsec=100000000}, NULL) = 0
openat(AT_FDCWD, "http-root-dir/stream/frame79.jpg", O_RDONLY) = 5
newfstatat(5, "", {st_mode=S_IFREG|0640, st_size=9853, ...}, AT_EMPTY_PATH) = 0
read(5, "\377\330\377\340\0\20JFIF\0\1\2\0\0\1\0\1\0\0\377\376\0\21Lavc58.1"..., 9853) = 9853
close(5)                                = 0
write(4, "--frame\r\nContent-Type: image/jpe"..., 59) = 59
write(4, "\377\330\377\340\0\20JFIF\0\1\2\0\0\1\0\1\0\0\377\376\0\21Lavc58.1"..., 9853) = 9853
write(4, "\r\n", 2)                     = 2
clock_nanosleep(CLOCK_REALTIME, 0, {tv_sec=0, tv_nsec=100000000}, NULL) = 0
openat(AT_FDCWD, "http-root-dir/stream/frame80.jpg", O_RDONLY) = 5
newfstatat(5, "", {st_mode=S_IFREG|0640, st_size=9761, ...}, AT_EMPTY_PATH) = 0
read(5, "\377\330\377\340\0\20JFIF\0\1\2\0\0\1\0\1\0\0\377\376\0\21Lavc58.1"..., 9761) = 9761
close(5)                                = 0
write(4, "--frame\r\nContent-Type: image/jpe"..., 59) = 59
write(4, "\377\330\377\340\0\20JFIF\0\1\2\0\0\1\0\1\0\0\377\376\0\21Lavc58.1"..., 9761) = 9761
write(4, "\r\n", 2)                     = 2
clock_nanosleep(CLOCK_REALTIME, 0, {tv_sec=0, tv_nsec=100000000}, NULL) = 0
openat(AT_FDCWD, "http-root-dir/stream/frame81.jpg", O_RDONLY) = 5
newfstatat(5, "", {st_mode=S_IFREG|0640, st_size=9822, ...}, AT_EMPTY_PATH) = 0
read(5, "\377\330\377\340\0\20JFIF\0\1\2\0\0\1\0\1\0\0\377\376\0\21Lavc58.1"..., 9822) = 9822
close(5)                                = 0
write(4, "--frame\r\nContent-Type: image/jpe"..., 59) = 59
write(4, "\377\330\377\340\0\20JFIF\0\1\2\0\0\1\0\1\0\0\377\376\0\21Lavc58.1"..., 9822) = 9822
write(4, "\r\n", 2)                     = 2
clock_nanosleep(CLOCK_REALTIME, 0, {tv_sec=0, tv_nsec=100000000}, NULL) = 0
openat(AT_FDCWD, "http-root-dir/stream/frame82.jpg", O_RDONLY) = 5
newfstatat(5, "", {st_mode=S_IFREG|0640, st_size=9840, ...}, AT_EMPTY_PATH) = 0
read(5, "\377\330\377\340\0\20JFIF\0\1\2\0\0\1\0\1\0\0\377\376\0\21Lavc58.1"..., 9840) = 9840
close(5)                                = 0
write(4, "--frame\r\nContent-Type: image/jpe"..., 59) = 59
write(4, "\377\330\377\340\0\20JFIF\0\1\2\0\0\1\0\1\0\0\377\376\0\21Lavc58.1"..., 9840) = 9840
write(4, "\r\n", 2)                     = 2
clock_nanosleep(CLOCK_REALTIME, 0, {tv_sec=0, tv_nsec=100000000}, NULL) = 0
openat(AT_FDCWD, "http-root-dir/stream/frame83.jpg", O_RDONLY) = 5
newfstatat(5, "", {st_mode=S_IFREG|0640, st_size=9819, ...}, AT_EMPTY_PATH) = 0
read(5, "\377\330\377\340\0\20JFIF\0\1\2\0\0\1\0\1\0\0\377\376\0\21Lavc58.1"..., 9819) = 9819
close(5)                                = 0
write(4, "--frame\r\nContent-Type: image/jpe"..., 59) = 59
write(4, "\377\330\377\340\0\20JFIF\0\1\2\0\0\1\0\1\0\0\377\376\0\21Lavc58.1"..., 9819) = 9819
write(4, "\r\n", 2)                     = 2
clock_nanosleep(CLOCK_REALTIME, 0, {tv_sec=0, tv_nsec=100000000}, NULL) = 0
openat(AT_FDCWD, "http-root-dir/stream/frame84.jpg", O_RDONLY) = 5
newfstatat(5, "", {st_mode=S_IFREG|0640, st_size=9851, ...}, AT_EMPTY_PATH) = 0
read(5, "\377\330\377\340\0\20JFIF\0\1\2\0\0\1\0\1\0\0\377\376\0\21Lavc58.1"..., 9851) = 9851
close(5)                                = 0
write(4, "--frame\r\nContent-Type: image/jpe"..., 59) = 59
write(4, "\377\330\377\340\0\20JFIF\0\1\2\0\0\1\0\1\0\0\377\376\0\21Lavc58.1"..., 9851) = 9851
write(4, "\r\n", 2)                     = 2
clock_nanosleep(CLOCK_REALTIME, 0, {tv_sec=0, tv_nsec=100000000}, NULL) = 0
openat(AT_FDCWD, "http-root-dir/stream/frame85.jpg", O_RDONLY) = 5
newfstatat(5, "", {st_mode=S_IFREG|0640, st_size=9876, ...}, AT_EMPTY_PATH) = 0
read(5, "\377\330\377\340\0\20JFIF\0\1\2\0\0\1\0\1\0\0\377\376\0\21Lavc58.1"..., 9876) = 9876
close(5)                                = 0
write(4, "--frame\r\nContent-Type: image/jpe"..., 59) = 59
write(4, "\377\330\377\340\0\20JFIF\0\1\2\0\0\1\0\1\0\0\377\376\0\21Lavc58.1"..., 9876) = 9876
write(4, "\r\n", 2)                     = 2
clock_nanosleep(CLOCK_REALTIME, 0, {tv_sec=0, tv_nsec=100000000}, NULL) = 0
openat(AT_FDCWD, "http-root-dir/stream/frame86.jpg", O_RDONLY) = 5
newfstatat(5, "", {st_mode=S_IFREG|0640, st_size=9840, ...}, AT_EMPTY_PATH) = 0
read(5, "\377\330\377\340\0\20JFIF\0\1\2\0\0\1\0\1\0\0\377\376\0\21Lavc58.1"..., 9840) = 9840
close(5)                                = 0
write(4, "--frame\r\nContent-Type: image/jpe"..., 59) = 59
write(4, "\377\330\377\340\0\20JFIF\0\1\2\0\0\1\0\1\0\0\377\376\0\21Lavc58.1"..., 9840) = 9840
write(4, "\r\n", 2)                     = 2
clock_nanosleep(CLOCK_REALTIME, 0, {tv_sec=0, tv_nsec=100000000}, NULL) = 0
openat(AT_FDCWD, "http-root-dir/stream/frame87.jpg", O_RDONLY) = 5
newfstatat(5, "", {st_mode=S_IFREG|0640, st_size=9853, ...}, AT_EMPTY_PATH) = 0
read(5, "\377\330\377\340\0\20JFIF\0\1\2\0\0\1\0\1\0\0\377\376\0\21Lavc58.1"..., 9853) = 9853
close(5)                                = 0
write(4, "--frame\r\nContent-Type: image/jpe"..., 59) = 59
write(4, "\377\330\377\340\0\20JFIF\0\1\2\0\0\1\0\1\0\0\377\376\0\21Lavc58.1"..., 9853) = 9853
write(4, "\r\n", 2)                     = 2
clock_nanosleep(CLOCK_REALTIME, 0, {tv_sec=0, tv_nsec=100000000}, NULL) = 0
openat(AT_FDCWD, "http-root-dir/stream/frame88.jpg", O_RDONLY) = 5
newfstatat(5, "", {st_mode=S_IFREG|0640, st_size=9786, ...}, AT_EMPTY_PATH) = 0
read(5, "\377\330\377\340\0\20JFIF\0\1\2\0\0\1\0\1\0\0\377\376\0\21Lavc58.1"..., 9786) = 9786
close(5)                                = 0
write(4, "--frame\r\nContent-Type: image/jpe"..., 59) = 59
write(4, "\377\330\377\340\0\20JFIF\0\1\2\0\0\1\0\1\0\0\377\376\0\21Lavc58.1"..., 9786) = 9786
write(4, "\r\n", 2)                     = 2
clock_nanosleep(CLOCK_REALTIME, 0, {tv_sec=0, tv_nsec=100000000}, NULL) = 0
openat(AT_FDCWD, "http-root-dir/stream/frame89.jpg", O_RDONLY) = 5
newfstatat(5, "", {st_mode=S_IFREG|0640, st_size=9767, ...}, AT_EMPTY_PATH) = 0
read(5, "\377\330\377\340\0\20JFIF\0\1\2\0\0\1\0\1\0\0\377\376\0\21Lavc58.1"..., 9767) = 9767
close(5)                                = 0
write(4, "--frame\r\nContent-Type: image/jpe"..., 59) = 59
write(4, "\377\330\377\340\0\20JFIF\0\1\2\0\0\1\0\1\0\0\377\376\0\21Lavc58.1"..., 9767) = 9767
write(4, "\r\n", 2)                     = 2
clock_nanosleep(CLOCK_REALTIME, 0, {tv_sec=0, tv_nsec=100000000}, NULL) = 0
openat(AT_FDCWD, "http-root-dir/stream/frame90.jpg", O_RDONLY) = 5
newfstatat(5, "", {st_mode=S_IFREG|0640, st_size=9780, ...}, AT_EMPTY_PATH) = 0
read(5, "\377\330\377\340\0\20JFIF\0\1\2\0\0\1\0\1\0\0\377\376\0\21Lavc58.1"..., 9780) = 9780
close(5)                                = 0
write(4, "--frame\r\nContent-Type: image/jpe"..., 59) = 59
write(4, "\377\330\377\340\0\20JFIF\0\1\2\0\0\1\0\1\0\0\377\376\0\21Lavc58.1"..., 9780) = 9780
write(4, "\r\n", 2)                     = 2
clock_nanosleep(CLOCK_REALTIME, 0, {tv_sec=0, tv_nsec=100000000}, NULL) = 0
openat(AT_FDCWD, "http-root-dir/stream/frame91.jpg", O_RDONLY) = 5
newfstatat(5, "", {st_mode=S_IFREG|0640, st_size=9834, ...}, AT_EMPTY_PATH) = 0
read(5, "\377\330\377\340\0\20JFIF\0\1\2\0\0\1\0\1\0\0\377\376\0\21Lavc58.1"..., 9834) = 9834
close(5)                                = 0
write(4, "--frame\r\nContent-Type: image/jpe"..., 59) = 59
write(4, "\377\330\377\340\0\20JFIF\0\1\2\0\0\1\0\1\0\0\377\376\0\21Lavc58.1"..., 9834) = 9834
write(4, "\r\n", 2)                     = 2
clock_nanosleep(CLOCK_REALTIME, 0, {tv_sec=0, tv_nsec=100000000}, NULL) = 0
openat(AT_FDCWD, "http-root-dir/stream/frame92.jpg", O_RDONLY) = 5
newfstatat(5, "", {st_mode=S_IFREG|0640, st_size=9837, ...}, AT_EMPTY_PATH) = 0
read(5, "\377\330\377\340\0\20JFIF\0\1\2\0\0\1\0\1\0\0\377\376\0\21Lavc58.1"..., 9837) = 9837
close(5)                                = 0
write(4, "--frame\r\nContent-Type: image/jpe"..., 59) = 59
write(4, "\377\330\377\340\0\20JFIF\0\1\2\0\0\1\0\1\0\0\377\376\0\21Lavc58.1"..., 9837) = 9837
write(4, "\r\n", 2)                     = 2
clock_nanosleep(CLOCK_REALTIME, 0, {tv_sec=0, tv_nsec=100000000}, NULL) = 0
openat(AT_FDCWD, "http-root-dir/stream/frame93.jpg", O_RDONLY) = 5
newfstatat(5, "", {st_mode=S_IFREG|0640, st_size=9806, ...}, AT_EMPTY_PATH) = 0
read(5, "\377\330\377\340\0\20JFIF\0\1\2\0\0\1\0\1\0\0\377\376\0\21Lavc58.1"..., 9806) = 9806
close(5)                                = 0
write(4, "--frame\r\nContent-Type: image/jpe"..., 59) = 59
write(4, "\377\330\377\340\0\20JFIF\0\1\2\0\0\1\0\1\0\0\377\376\0\21Lavc58.1"..., 9806) = 9806
write(4, "\r\n", 2)                     = 2
clock_nanosleep(CLOCK_REALTIME, 0, {tv_sec=0, tv_nsec=100000000}, NULL) = 0
openat(AT_FDCWD, "http-root-dir/stream/frame94.jpg", O_RDONLY) = 5
newfstatat(5, "", {st_mode=S_IFREG|0640, st_size=9826, ...}, AT_EMPTY_PATH) = 0
read(5, "\377\330\377\340\0\20JFIF\0\1\2\0\0\1\0\1\0\0\377\376\0\21Lavc58.1"..., 9826) = 9826
close(5)                                = 0
write(4, "--frame\r\nContent-Type: image/jpe"..., 59) = 59
write(4, "\377\330\377\340\0\20JFIF\0\1\2\0\0\1\0\1\0\0\377\376\0\21Lavc58.1"..., 9826) = 9826
write(4, "\r\n", 2)                     = 2
clock_nanosleep(CLOCK_REALTIME, 0, {tv_sec=0, tv_nsec=100000000}, NULL) = 0
openat(AT_FDCWD, "http-root-dir/stream/frame95.jpg", O_RDONLY) = 5
newfstatat(5, "", {st_mode=S_IFREG|0640, st_size=9869, ...}, AT_EMPTY_PATH) = 0
read(5, "\377\330\377\340\0\20JFIF\0\1\2\0\0\1\0\1\0\0\377\376\0\21Lavc58.1"..., 9869) = 9869
close(5)                                = 0
write(4, "--frame\r\nContent-Type: image/jpe"..., 59) = 59
write(4, "\377\330\377\340\0\20JFIF\0\1\2\0\0\1\0\1\0\0\377\376\0\21Lavc58.1"..., 9869) = 9869
write(4, "\r\n", 2)                     = 2
clock_nanosleep(CLOCK_REALTIME, 0, {tv_sec=0, tv_nsec=100000000}, NULL) = 0
openat(AT_FDCWD, "http-root-dir/stream/frame96.jpg", O_RDONLY) = 5
newfstatat(5, "", {st_mode=S_IFREG|0640, st_size=9840, ...}, AT_EMPTY_PATH) = 0
read(5, "\377\330\377\340\0\20JFIF\0\1\2\0\0\1\0\1\0\0\377\376\0\21Lavc58.1"..., 9840) = 9840
close(5)                                = 0
write(4, "--frame\r\nContent-Type: image/jpe"..., 59) = 59
write(4, "\377\330\377\340\0\20JFIF\0\1\2\0\0\1\0\1\0\0\377\376\0\21Lavc58.1"..., 9840) = 9840
write(4, "\r\n", 2)                     = 2
clock_nanosleep(CLOCK_REALTIME, 0, {tv_sec=0, tv_nsec=100000000}, NULL) = 0
openat(AT_FDCWD, "http-root-dir/stream/frame97.jpg", O_RDONLY) = 5
newfstatat(5, "", {st_mode=S_IFREG|0640, st_size=9826, ...}, AT_EMPTY_PATH) = 0
read(5, "\377\330\377\340\0\20JFIF\0\1\2\0\0\1\0\1\0\0\377\376\0\21Lavc58.1"..., 9826) = 9826
close(5)                                = 0
write(4, "--frame\r\nContent-Type: image/jpe"..., 59) = 59
write(4, "\377\330\377\340\0\20JFIF\0\1\2\0\0\1\0\1\0\0\377\376\0\21Lavc58.1"..., 9826) = 9826
write(4, "\r\n", 2)                     = 2
clock_nanosleep(CLOCK_REALTIME, 0, {tv_sec=0, tv_nsec=100000000}, NULL) = 0
openat(AT_FDCWD, "http-root-dir/stream/frame98.jpg", O_RDONLY) = 5
newfstatat(5, "", {st_mode=S_IFREG|0640, st_size=9769, ...}, AT_EMPTY_PATH) = 0
read(5, "\377\330\377\340\0\20JFIF\0\1\2\0\0\1\0\1\0\0\377\376\0\21Lavc58.1"..., 9769) = 9769
close(5)                                = 0
write(4, "--frame\r\nContent-Type: image/jpe"..., 59) = 59
write(4, "\377\330\377\340\0\20JFIF\0\1\2\0\0\1\0\1\0\0\377\376\0\21Lavc58.1"..., 9769) = 9769
write(4, "\r\n", 2)                     = 2
clock_nanosleep(CLOCK_REALTIME, 0, {tv_sec=0, tv_nsec=100000000}, NULL) = 0
openat(AT_FDCWD, "http-root-dir/stream/frame99.jpg", O_RDONLY) = 5
newfstatat(5, "", {st_mode=S_IFREG|0640, st_size=9783, ...}, AT_EMPTY_PATH) = 0
read(5, "\377\330\377\340\0\20JFIF\0\1\2\0\0\1\0\1\0\0\377\376\0\21Lavc58.1"..., 9783) = 9783
close(5)                                = 0
write(4, "--frame\r\nContent-Type: image/jpe"..., 59) = 59
write(4, "\377\330\377\340\0\20JFIF\0\1\2\0\0\1\0\1\0\0\377\376\0\21Lavc58.1"..., 9783) = 9783
write(4, "\r\n", 2)                     = 2
clock_nanosleep(CLOCK_REALTIME, 0, {tv_sec=0, tv_nsec=100000000}, NULL) = 0
openat(AT_FDCWD, "http-root-dir/stream/frame100.jpg", O_RDONLY) = 5
newfstatat(5, "", {st_mode=S_IFREG|0640, st_size=9752, ...}, AT_EMPTY_PATH) = 0
read(5, "\377\330\377\340\0\20JFIF\0\1\2\0\0\1\0\1\0\0\377\376\0\21Lavc58.1"..., 9752) = 9752
close(5)                                = 0
write(4, "--frame\r\nContent-Type: image/jpe"..., 59) = 59
write(4, "\377\330\377\340\0\20JFIF\0\1\2\0\0\1\0\1\0\0\377\376\0\21Lavc58.1"..., 9752) = 9752
write(4, "\r\n", 2)                     = 2
clock_nanosleep(CLOCK_REALTIME, 0, {tv_sec=0, tv_nsec=100000000}, NULL) = 0
openat(AT_FDCWD, "http-root-dir/stream/frame101.jpg", O_RDONLY) = 5
newfstatat(5, "", {st_mode=S_IFREG|0640, st_size=9799, ...}, AT_EMPTY_PATH) = 0
read(5, "\377\330\377\340\0\20JFIF\0\1\2\0\0\1\0\1\0\0\377\376\0\21Lavc58.1"..., 9799) = 9799
close(5)                                = 0
write(4, "--frame\r\nContent-Type: image/jpe"..., 59) = 59
write(4, "\377\330\377\340\0\20JFIF\0\1\2\0\0\1\0\1\0\0\377\376\0\21Lavc58.1"..., 9799) = 9799
write(4, "\r\n", 2)                     = 2
clock_nanosleep(CLOCK_REALTIME, 0, {tv_sec=0, tv_nsec=100000000}, NULL) = 0
openat(AT_FDCWD, "http-root-dir/stream/frame102.jpg", O_RDONLY) = 5
newfstatat(5, "", {st_mode=S_IFREG|0640, st_size=9791, ...}, AT_EMPTY_PATH) = 0
read(5, "\377\330\377\340\0\20JFIF\0\1\2\0\0\1\0\1\0\0\377\376\0\21Lavc58.1"..., 9791) = 9791
close(5)                                = 0
write(4, "--frame\r\nContent-Type: image/jpe"..., 59) = 59
write(4, "\377\330\377\340\0\20JFIF\0\1\2\0\0\1\0\1\0\0\377\376\0\21Lavc58.1"..., 9791) = 9791
write(4, "\r\n", 2)                     = 2
clock_nanosleep(CLOCK_REALTIME, 0, {tv_sec=0, tv_nsec=100000000}, NULL) = 0
openat(AT_FDCWD, "http-root-dir/stream/frame103.jpg", O_RDONLY) = 5
newfstatat(5, "", {st_mode=S_IFREG|0640, st_size=9836, ...}, AT_EMPTY_PATH) = 0
read(5, "\377\330\377\340\0\20JFIF\0\1\2\0\0\1\0\1\0\0\377\376\0\21Lavc58.1"..., 9836) = 9836
close(5)                                = 0
write(4, "--frame\r\nContent-Type: image/jpe"..., 59) = 59
write(4, "\377\330\377\340\0\20JFIF\0\1\2\0\0\1\0\1\0\0\377\376\0\21Lavc58.1"..., 9836) = 9836
write(4, "\r\n", 2)                     = 2
clock_nanosleep(CLOCK_REALTIME, 0, {tv_sec=0, tv_nsec=100000000}, NULL) = 0
openat(AT_FDCWD, "http-root-dir/stream/frame104.jpg", O_RDONLY) = 5
newfstatat(5, "", {st_mode=S_IFREG|0640, st_size=9809, ...}, AT_EMPTY_PATH) = 0
read(5, "\377\330\377\340\0\20JFIF\0\1\2\0\0\1\0\1\0\0\377\376\0\21Lavc58.1"..., 9809) = 9809
close(5)                                = 0
write(4, "--frame\r\nContent-Type: image/jpe"..., 59) = 59
write(4, "\377\330\377\340\0\20JFIF\0\1\2\0\0\1\0\1\0\0\377\376\0\21Lavc58.1"..., 9809) = 9809
write(4, "\r\n", 2)                     = 2
clock_nanosleep(CLOCK_REALTIME, 0, {tv_sec=0, tv_nsec=100000000}, NULL) = 0
openat(AT_FDCWD, "http-root-dir/stream/frame105.jpg", O_RDONLY) = 5
newfstatat(5, "", {st_mode=S_IFREG|0640, st_size=9831, ...}, AT_EMPTY_PATH) = 0
read(5, "\377\330\377\340\0\20JFIF\0\1\2\0\0\1\0\1\0\0\377\376\0\21Lavc58.1"..., 9831) = 9831
close(5)                                = 0
write(4, "--frame\r\nContent-Type: image/jpe"..., 59) = 59
write(4, "\377\330\377\340\0\20JFIF\0\1\2\0\0\1\0\1\0\0\377\376\0\21Lavc58.1"..., 9831) = 9831
write(4, "\r\n", 2)                     = 2
clock_nanosleep(CLOCK_REALTIME, 0, {tv_sec=0, tv_nsec=100000000}, NULL) = 0
openat(AT_FDCWD, "http-root-dir/stream/frame106.jpg", O_RDONLY) = 5
newfstatat(5, "", {st_mode=S_IFREG|0640, st_size=9793, ...}, AT_EMPTY_PATH) = 0
read(5, "\377\330\377\340\0\20JFIF\0\1\2\0\0\1\0\1\0\0\377\376\0\21Lavc58.1"..., 9793) = 9793
close(5)                                = 0
write(4, "--frame\r\nContent-Type: image/jpe"..., 59) = 59
write(4, "\377\330\377\340\0\20JFIF\0\1\2\0\0\1\0\1\0\0\377\376\0\21Lavc58.1"..., 9793) = 9793
write(4, "\r\n", 2)                     = 2
clock_nanosleep(CLOCK_REALTIME, 0, {tv_sec=0, tv_nsec=100000000}, NULL) = 0
openat(AT_FDCWD, "http-root-dir/stream/frame107.jpg", O_RDONLY) = 5
newfstatat(5, "", {st_mode=S_IFREG|0640, st_size=9769, ...}, AT_EMPTY_PATH) = 0
read(5, "\377\330\377\340\0\20JFIF\0\1\2\0\0\1\0\1\0\0\377\376\0\21Lavc58.1"..., 9769) = 9769
close(5)                                = 0
write(4, "--frame\r\nContent-Type: image/jpe"..., 59) = 59
write(4, "\377\330\377\340\0\20JFIF\0\1\2\0\0\1\0\1\0\0\377\376\0\21Lavc58.1"..., 9769) = 9769
write(4, "\r\n", 2)                     = 2
clock_nanosleep(CLOCK_REALTIME, 0, {tv_sec=0, tv_nsec=100000000}, NULL) = 0
openat(AT_FDCWD, "http-root-dir/stream/frame108.jpg", O_RDONLY) = 5
newfstatat(5, "", {st_mode=S_IFREG|0640, st_size=9804, ...}, AT_EMPTY_PATH) = 0
read(5, "\377\330\377\340\0\20JFIF\0\1\2\0\0\1\0\1\0\0\377\376\0\21Lavc58.1"..., 9804) = 9804
close(5)                                = 0
write(4, "--frame\r\nContent-Type: image/jpe"..., 59) = 59
write(4, "\377\330\377\340\0\20JFIF\0\1\2\0\0\1\0\1\0\0\377\376\0\21Lavc58.1"..., 9804) = 9804
write(4, "\r\n", 2)                     = 2
clock_nanosleep(CLOCK_REALTIME, 0, {tv_sec=0, tv_nsec=100000000}, NULL) = 0
openat(AT_FDCWD, "http-root-dir/stream/frame109.jpg", O_RDONLY) = 5
newfstatat(5, "", {st_mode=S_IFREG|0640, st_size=9796, ...}, AT_EMPTY_PATH) = 0
read(5, "\377\330\377\340\0\20JFIF\0\1\2\0\0\1\0\1\0\0\377\376\0\21Lavc58.1"..., 9796) = 9796
close(5)                                = 0
write(4, "--frame\r\nContent-Type: image/jpe"..., 59) = 59
write(4, "\377\330\377\340\0\20JFIF\0\1\2\0\0\1\0\1\0\0\377\376\0\21Lavc58.1"..., 9796) = 9796
write(4, "\r\n", 2)                     = 2
clock_nanosleep(CLOCK_REALTIME, 0, {tv_sec=0, tv_nsec=100000000}, NULL) = 0
openat(AT_FDCWD, "http-root-dir/stream/frame110.jpg", O_RDONLY) = 5
newfstatat(5, "", {st_mode=S_IFREG|0640, st_size=9783, ...}, AT_EMPTY_PATH) = 0
read(5, "\377\330\377\340\0\20JFIF\0\1\2\0\0\1\0\1\0\0\377\376\0\21Lavc58.1"..., 9783) = 9783
close(5)                                = 0
write(4, "--frame\r\nContent-Type: image/jpe"..., 59) = 59
write(4, "\377\330\377\340\0\20JFIF\0\1\2\0\0\1\0\1\0\0\377\376\0\21Lavc58.1"..., 9783) = 9783
write(4, "\r\n", 2)                     = 2
clock_nanosleep(CLOCK_REALTIME, 0, {tv_sec=0, tv_nsec=100000000}, NULL) = 0
openat(AT_FDCWD, "http-root-dir/stream/frame111.jpg", O_RDONLY) = 5
newfstatat(5, "", {st_mode=S_IFREG|0640, st_size=9802, ...}, AT_EMPTY_PATH) = 0
read(5, "\377\330\377\340\0\20JFIF\0\1\2\0\0\1\0\1\0\0\377\376\0\21Lavc58.1"..., 9802) = 9802
close(5)                                = 0
write(4, "--frame\r\nContent-Type: image/jpe"..., 59) = 59
write(4, "\377\330\377\340\0\20JFIF\0\1\2\0\0\1\0\1\0\0\377\376\0\21Lavc58.1"..., 9802) = 9802
write(4, "\r\n", 2)                     = 2
clock_nanosleep(CLOCK_REALTIME, 0, {tv_sec=0, tv_nsec=100000000}, NULL) = 0
openat(AT_FDCWD, "http-root-dir/stream/frame112.jpg", O_RDONLY) = 5
newfstatat(5, "", {st_mode=S_IFREG|0640, st_size=9768, ...}, AT_EMPTY_PATH) = 0
read(5, "\377\330\377\340\0\20JFIF\0\1\2\0\0\1\0\1\0\0\377\376\0\21Lavc58.1"..., 9768) = 9768
close(5)                                = 0
write(4, "--frame\r\nContent-Type: image/jpe"..., 59) = 59
write(4, "\377\330\377\340\0\20JFIF\0\1\2\0\0\1\0\1\0\0\377\376\0\21Lavc58.1"..., 9768) = 9768
write(4, "\r\n", 2)                     = 2
clock_nanosleep(CLOCK_REALTIME, 0, {tv_sec=0, tv_nsec=100000000}, NULL) = 0
openat(AT_FDCWD, "http-root-dir/stream/frame113.jpg", O_RDONLY) = 5
newfstatat(5, "", {st_mode=S_IFREG|0640, st_size=9803, ...}, AT_EMPTY_PATH) = 0
read(5, "\377\330\377\340\0\20JFIF\0\1\2\0\0\1\0\1\0\0\377\376\0\21Lavc58.1"..., 9803) = 9803
close(5)                                = 0
write(4, "--frame\r\nContent-Type: image/jpe"..., 59) = 59
write(4, "\377\330\377\340\0\20JFIF\0\1\2\0\0\1\0\1\0\0\377\376\0\21Lavc58.1"..., 9803) = 9803
write(4, "\r\n", 2)                     = 2
clock_nanosleep(CLOCK_REALTIME, 0, {tv_sec=0, tv_nsec=100000000}, NULL) = 0
openat(AT_FDCWD, "http-root-dir/stream/frame114.jpg", O_RDONLY) = 5
newfstatat(5, "", {st_mode=S_IFREG|0640, st_size=9820, ...}, AT_EMPTY_PATH) = 0
read(5, "\377\330\377\340\0\20JFIF\0\1\2\0\0\1\0\1\0\0\377\376\0\21Lavc58.1"..., 9820) = 9820
close(5)                                = 0
write(4, "--frame\r\nContent-Type: image/jpe"..., 59) = 59
write(4, "\377\330\377\340\0\20JFIF\0\1\2\0\0\1\0\1\0\0\377\376\0\21Lavc58.1"..., 9820) = 9820
write(4, "\r\n", 2)                     = 2
clock_nanosleep(CLOCK_REALTIME, 0, {tv_sec=0, tv_nsec=100000000}, NULL) = 0
openat(AT_FDCWD, "http-root-dir/stream/frame115.jpg", O_RDONLY) = 5
newfstatat(5, "", {st_mode=S_IFREG|0640, st_size=9788, ...}, AT_EMPTY_PATH) = 0
read(5, "\377\330\377\340\0\20JFIF\0\1\2\0\0\1\0\1\0\0\377\376\0\21Lavc58.1"..., 9788) = 9788
close(5)                                = 0
write(4, "--frame\r\nContent-Type: image/jpe"..., 59) = 59
write(4, "\377\330\377\340\0\20JFIF\0\1\2\0\0\1\0\1\0\0\377\376\0\21Lavc58.1"..., 9788) = 9788
write(4, "\r\n", 2)                     = 2
clock_nanosleep(CLOCK_REALTIME, 0, {tv_sec=0, tv_nsec=100000000}, NULL) = 0
openat(AT_FDCWD, "http-root-dir/stream/frame116.jpg", O_RDONLY) = 5
newfstatat(5, "", {st_mode=S_IFREG|0640, st_size=9824, ...}, AT_EMPTY_PATH) = 0
read(5, "\377\330\377\340\0\20JFIF\0\1\2\0\0\1\0\1\0\0\377\376\0\21Lavc58.1"..., 9824) = 9824
close(5)                                = 0
write(4, "--frame\r\nContent-Type: image/jpe"..., 59) = 59
write(4, "\377\330\377\340\0\20JFIF\0\1\2\0\0\1\0\1\0\0\377\376\0\21Lavc58.1"..., 9824) = 9824
write(4, "\r\n", 2)                     = 2
clock_nanosleep(CLOCK_REALTIME, 0, {tv_sec=0, tv_nsec=100000000}, NULL) = 0
openat(AT_FDCWD, "http-root-dir/stream/frame117.jpg", O_RDONLY) = 5
newfstatat(5, "", {st_mode=S_IFREG|0640, st_size=9794, ...}, AT_EMPTY_PATH) = 0
read(5, "\377\330\377\340\0\20JFIF\0\1\2\0\0\1\0\1\0\0\377\376\0\21Lavc58.1"..., 9794) = 9794
close(5)                                = 0
write(4, "--frame\r\nContent-Type: image/jpe"..., 59) = 59
write(4, "\377\330\377\340\0\20JFIF\0\1\2\0\0\1\0\1\0\0\377\376\0\21Lavc58.1"..., 9794) = 9794
write(4, "\r\n", 2)                     = 2
clock_nanosleep(CLOCK_REALTIME, 0, {tv_sec=0, tv_nsec=100000000}, NULL) = 0
openat(AT_FDCWD, "http-root-dir/stream/frame118.jpg", O_RDONLY) = 5
newfstatat(5, "", {st_mode=S_IFREG|0640, st_size=9803, ...}, AT_EMPTY_PATH) = 0
read(5, "\377\330\377\340\0\20JFIF\0\1\2\0\0\1\0\1\0\0\377\376\0\21Lavc58.1"..., 9803) = 9803
close(5)                                = 0
write(4, "--frame\r\nContent-Type: image/jpe"..., 59) = 59
write(4, "\377\330\377\340\0\20JFIF\0\1\2\0\0\1\0\1\0\0\377\376\0\21Lavc58.1"..., 9803) = 9803
write(4, "\r\n", 2)                     = 2
clock_nanosleep(CLOCK_REALTIME, 0, {tv_sec=0, tv_nsec=100000000}, NULL) = 0
openat(AT_FDCWD, "http-root-dir/stream/frame119.jpg", O_RDONLY) = 5
newfstatat(5, "", {st_mode=S_IFREG|0640, st_size=9799, ...}, AT_EMPTY_PATH) = 0
read(5, "\377\330\377\340\0\20JFIF\0\1\2\0\0\1\0\1\0\0\377\376\0\21Lavc58.1"..., 9799) = 9799
close(5)                                = 0
write(4, "--frame\r\nContent-Type: image/jpe"..., 59) = 59
write(4, "\377\330\377\340\0\20JFIF\0\1\2\0\0\1\0\1\0\0\377\376\0\21Lavc58.1"..., 9799) = 9799
write(4, "\r\n", 2)                     = 2
clock_nanosleep(CLOCK_REALTIME, 0, {tv_sec=0, tv_nsec=100000000}, NULL) = 0
openat(AT_FDCWD, "http-root-dir/stream/frame120.jpg", O_RDONLY) = 5
newfstatat(5, "", {st_mode=S_IFREG|0640, st_size=9850, ...}, AT_EMPTY_PATH) = 0
read(5, "\377\330\377\340\0\20JFIF\0\1\2\0\0\1\0\1\0\0\377\376\0\21Lavc58.1"..., 9850) = 9850
close(5)                                = 0
write(4, "--frame\r\nContent-Type: image/jpe"..., 59) = 59
write(4, "\377\330\377\340\0\20JFIF\0\1\2\0\0\1\0\1\0\0\377\376\0\21Lavc58.1"..., 9850) = 9850
write(4, "\r\n", 2)                     = 2
clock_nanosleep(CLOCK_REALTIME, 0, {tv_sec=0, tv_nsec=100000000}, NULL) = 0
openat(AT_FDCWD, "http-root-dir/stream/frame121.jpg", O_RDONLY) = 5
newfstatat(5, "", {st_mode=S_IFREG|0640, st_size=9941, ...}, AT_EMPTY_PATH) = 0
read(5, "\377\330\377\340\0\20JFIF\0\1\2\0\0\1\0\1\0\0\377\376\0\21Lavc58.1"..., 9941) = 9941
close(5)                                = 0
write(4, "--frame\r\nContent-Type: image/jpe"..., 59) = -1 EPIPE (Broken pipe)
--- SIGPIPE {si_signo=SIGPIPE, si_code=SI_USER, si_pid=1435683, si_uid=2290473} ---
+++ killed by SIGPIPE +++
