Your branch is up to date with 'origin/master'.
On branch master
Your branch is up to date with 'origin/master'.

Untracked files:
  (use "git add <file>..." to include in what will be committed)
	.local.git.out

nothing added to commit but untracked files present (use "git add" to track)
Your branch is up to date with 'origin/master'.
[master f5d25e2] Commit
 Committer: Naman Kansal <kansal2@data.cs.purdue.edu>
Your name and email address were configured automatically based
on your username and hostname. Please check that they are accurate.
You can suppress this message by setting them explicitly:

    git config --global user.name "Your Name"
    git config --global user.email you@example.com

After doing this, you may fix the identity used for this commit with:

    git commit --amend --reset-author

 3 files changed, 3278 insertions(+)
 create mode 100644 lex.yy.cc
 create mode 100644 y.tab.cc
 create mode 100644 y.tab.hh
D	lex.yy.cc
D	y.tab.cc
D	y.tab.hh
Your branch is up to date with 'origin/master'.
[master 19bb4df] Commit
 Committer: Naman Kansal <kansal2@data.cs.purdue.edu>
Your name and email address were configured automatically based
on your username and hostname. Please check that they are accurate.
You can suppress this message by setting them explicitly:

    git config --global user.name "Your Name"
    git config --global user.email you@example.com

After doing this, you may fix the identity used for this commit with:

    git commit --amend --reset-author

 3 files changed, 3278 deletions(-)
 delete mode 100644 lex.yy.cc
 delete mode 100644 y.tab.cc
 delete mode 100644 y.tab.hh
M	shell.y
Your branch is up to date with 'origin/master'.
[master 2c5f8c6] Commit
 Committer: Naman Kansal <kansal2@data.cs.purdue.edu>
Your name and email address were configured automatically based
on your username and hostname. Please check that they are accurate.
You can suppress this message by setting them explicitly:

    git config --global user.name "Your Name"
    git config --global user.email you@example.com

After doing this, you may fix the identity used for this commit with:

    git commit --amend --reset-author

 1 file changed, 4 insertions(+), 1 deletion(-)
Your branch is up to date with 'origin/master'.
On branch master
Your branch is up to date with 'origin/master'.

Untracked files:
  (use "git add <file>..." to include in what will be committed)
	.local.git.out

nothing added to commit but untracked files present (use "git add" to track)
M	shell.l
Your branch is up to date with 'origin/master'.
[master b8b7e23] Commit
 Committer: Naman Kansal <kansal2@data.cs.purdue.edu>
Your name and email address were configured automatically based
on your username and hostname. Please check that they are accurate.
You can suppress this message by setting them explicitly:

    git config --global user.name "Your Name"
    git config --global user.email you@example.com

After doing this, you may fix the identity used for this commit with:

    git commit --amend --reset-author

 1 file changed, 39 insertions(+), 2 deletions(-)
Your branch is up to date with 'origin/master'.
On branch master
Your branch is up to date with 'origin/master'.

Untracked files:
  (use "git add <file>..." to include in what will be committed)
	.local.git.out
	out

nothing added to commit but untracked files present (use "git add" to track)
Your branch is up to date with 'origin/master'.
[master bb9bc8d] Commit
 Committer: Naman Kansal <kansal2@data.cs.purdue.edu>
Your name and email address were configured automatically based
on your username and hostname. Please check that they are accurate.
You can suppress this message by setting them explicitly:

    git config --global user.name "Your Name"
    git config --global user.email you@example.com

After doing this, you may fix the identity used for this commit with:

    git commit --amend --reset-author

 2 files changed, 1469 insertions(+)
 create mode 100644 y.tab.cc
 create mode 100644 y.tab.hh
Your branch is up to date with 'origin/master'.
On branch master
Your branch is up to date with 'origin/master'.

Untracked files:
  (use "git add <file>..." to include in what will be committed)
	.local.git.out
	out
	y.tab.o

nothing added to commit but untracked files present (use "git add" to track)
M	shell.l
Your branch is up to date with 'origin/master'.
[master 6cc486a] Commit
 Committer: Naman Kansal <kansal2@data.cs.purdue.edu>
Your name and email address were configured automatically based
on your username and hostname. Please check that they are accurate.
You can suppress this message by setting them explicitly:

    git config --global user.name "Your Name"
    git config --global user.email you@example.com

After doing this, you may fix the identity used for this commit with:

    git commit --amend --reset-author

 1 file changed, 2 insertions(+), 39 deletions(-)
D	y.tab.cc
D	y.tab.hh
Your branch is up to date with 'origin/master'.
[master 783d847] Commit
 Committer: Naman Kansal <kansal2@data.cs.purdue.edu>
Your name and email address were configured automatically based
on your username and hostname. Please check that they are accurate.
You can suppress this message by setting them explicitly:

    git config --global user.name "Your Name"
    git config --global user.email you@example.com

After doing this, you may fix the identity used for this commit with:

    git commit --amend --reset-author

 2 files changed, 1469 deletions(-)
 delete mode 100644 y.tab.cc
 delete mode 100644 y.tab.hh
M	shell.l
Your branch is up to date with 'origin/master'.
[master c8c001d] Commit
 Committer: Naman Kansal <kansal2@data.cs.purdue.edu>
Your name and email address were configured automatically based
on your username and hostname. Please check that they are accurate.
You can suppress this message by setting them explicitly:

    git config --global user.name "Your Name"
    git config --global user.email you@example.com

After doing this, you may fix the identity used for this commit with:

    git commit --amend --reset-author

 1 file changed, 35 insertions(+), 2 deletions(-)
M	shell.l
Your branch is up to date with 'origin/master'.
[master 52692ae] Commit
 Committer: Naman Kansal <kansal2@data.cs.purdue.edu>
Your name and email address were configured automatically based
on your username and hostname. Please check that they are accurate.
You can suppress this message by setting them explicitly:

    git config --global user.name "Your Name"
    git config --global user.email you@example.com

After doing this, you may fix the identity used for this commit with:

    git commit --amend --reset-author

 1 file changed, 20 insertions(+), 37 deletions(-)
M	shell.l
Your branch is up to date with 'origin/master'.
[master 34992f7] Commit
 Committer: Naman Kansal <kansal2@data.cs.purdue.edu>
Your name and email address were configured automatically based
on your username and hostname. Please check that they are accurate.
You can suppress this message by setting them explicitly:

    git config --global user.name "Your Name"
    git config --global user.email you@example.com

After doing this, you may fix the identity used for this commit with:

    git commit --amend --reset-author

 1 file changed, 63 insertions(+), 59 deletions(-)
 rewrite shell.l (61%)
M	shell.l
Your branch is up to date with 'origin/master'.
[master 9c942db] Commit
 Committer: Naman Kansal <kansal2@data.cs.purdue.edu>
Your name and email address were configured automatically based
on your username and hostname. Please check that they are accurate.
You can suppress this message by setting them explicitly:

    git config --global user.name "Your Name"
    git config --global user.email you@example.com

After doing this, you may fix the identity used for this commit with:

    git commit --amend --reset-author

 1 file changed, 4 deletions(-)
M	shell.l
Your branch is up to date with 'origin/master'.
[master 1e6294c] Commit
 Committer: Naman Kansal <kansal2@data.cs.purdue.edu>
Your name and email address were configured automatically based
on your username and hostname. Please check that they are accurate.
You can suppress this message by setting them explicitly:

    git config --global user.name "Your Name"
    git config --global user.email you@example.com

After doing this, you may fix the identity used for this commit with:

    git commit --amend --reset-author

 1 file changed, 3 deletions(-)
M	shell.l
Your branch is up to date with 'origin/master'.
[master 9acf5c1] Commit
 Committer: Naman Kansal <kansal2@data.cs.purdue.edu>
Your name and email address were configured automatically based
on your username and hostname. Please check that they are accurate.
You can suppress this message by setting them explicitly:

    git config --global user.name "Your Name"
    git config --global user.email you@example.com

After doing this, you may fix the identity used for this commit with:

    git commit --amend --reset-author

 1 file changed, 12 insertions(+)
Your branch is up to date with 'origin/master'.
[master 1525c3a] Commit
 Committer: Naman Kansal <kansal2@data.cs.purdue.edu>
Your name and email address were configured automatically based
on your username and hostname. Please check that they are accurate.
You can suppress this message by setting them explicitly:

    git config --global user.name "Your Name"
    git config --global user.email you@example.com

After doing this, you may fix the identity used for this commit with:

    git commit --amend --reset-author

 3 files changed, 3346 insertions(+)
 create mode 100644 lex.yy.cc
 create mode 100644 y.tab.cc
 create mode 100644 y.tab.hh
D	lex.yy.cc
M	shell.y
D	y.tab.cc
D	y.tab.hh
Your branch is up to date with 'origin/master'.
[master a13eae9] Commit
 Committer: Naman Kansal <kansal2@data.cs.purdue.edu>
Your name and email address were configured automatically based
on your username and hostname. Please check that they are accurate.
You can suppress this message by setting them explicitly:

    git config --global user.name "Your Name"
    git config --global user.email you@example.com

After doing this, you may fix the identity used for this commit with:

    git commit --amend --reset-author

 4 files changed, 135 insertions(+), 3463 deletions(-)
 delete mode 100644 lex.yy.cc
 rewrite shell.y (72%)
 delete mode 100644 y.tab.cc
 delete mode 100644 y.tab.hh
M	shell.y
Your branch is up to date with 'origin/master'.
[master cc36b48] Commit
 Committer: Naman Kansal <kansal2@data.cs.purdue.edu>
Your name and email address were configured automatically based
on your username and hostname. Please check that they are accurate.
You can suppress this message by setting them explicitly:

    git config --global user.name "Your Name"
    git config --global user.email you@example.com

After doing this, you may fix the identity used for this commit with:

    git commit --amend --reset-author

 1 file changed, 3 insertions(+), 2 deletions(-)
Your branch is up to date with 'origin/master'.
[master b28a562] Commit
 Committer: Naman Kansal <kansal2@data.cs.purdue.edu>
Your name and email address were configured automatically based
on your username and hostname. Please check that they are accurate.
You can suppress this message by setting them explicitly:

    git config --global user.name "Your Name"
    git config --global user.email you@example.com

After doing this, you may fix the identity used for this commit with:

    git commit --amend --reset-author

 3 files changed, 3389 insertions(+)
 create mode 100644 lex.yy.cc
 create mode 100644 y.tab.cc
 create mode 100644 y.tab.hh
Your branch is up to date with 'origin/master'.
On branch master
Your branch is up to date with 'origin/master'.

Untracked files:
  (use "git add <file>..." to include in what will be committed)
	.local.git.out
	command.o
	lex.yy.o
	out
	shell
	shell.o
	simpleCommand.o
	y.tab.o

nothing added to commit but untracked files present (use "git add" to track)
Your branch is up to date with 'origin/master'.
On branch master
Your branch is up to date with 'origin/master'.

Untracked files:
  (use "git add <file>..." to include in what will be committed)
	.local.git.out
	command.o
	lex.yy.o
	out
	shell
	shell.o
	simpleCommand.o
	y.tab.o

nothing added to commit but untracked files present (use "git add" to track)
D	lex.yy.cc
D	y.tab.cc
D	y.tab.hh
Your branch is up to date with 'origin/master'.
[master eb660fe] Commit
 Committer: Naman Kansal <kansal2@data.cs.purdue.edu>
Your name and email address were configured automatically based
on your username and hostname. Please check that they are accurate.
You can suppress this message by setting them explicitly:

    git config --global user.name "Your Name"
    git config --global user.email you@example.com

After doing this, you may fix the identity used for this commit with:

    git commit --amend --reset-author

 3 files changed, 3389 deletions(-)
 delete mode 100644 lex.yy.cc
 delete mode 100644 y.tab.cc
 delete mode 100644 y.tab.hh
Your branch is up to date with 'origin/master'.
On branch master
Your branch is up to date with 'origin/master'.

Untracked files:
  (use "git add <file>..." to include in what will be committed)
	.local.git.out
	out

nothing added to commit but untracked files present (use "git add" to track)
M	shell.y
Your branch is up to date with 'origin/master'.
[master 999d4e8] Commit
 Committer: Naman Kansal <kansal2@data.cs.purdue.edu>
Your name and email address were configured automatically based
on your username and hostname. Please check that they are accurate.
You can suppress this message by setting them explicitly:

    git config --global user.name "Your Name"
    git config --global user.email you@example.com

After doing this, you may fix the identity used for this commit with:

    git commit --amend --reset-author

 1 file changed, 4 insertions(+), 1 deletion(-)
M	shell.y
Your branch is up to date with 'origin/master'.
[master 22d995e] Commit
 Committer: Naman Kansal <kansal2@data.cs.purdue.edu>
Your name and email address were configured automatically based
on your username and hostname. Please check that they are accurate.
You can suppress this message by setting them explicitly:

    git config --global user.name "Your Name"
    git config --global user.email you@example.com

After doing this, you may fix the identity used for this commit with:

    git commit --amend --reset-author

 1 file changed, 10 insertions(+), 12 deletions(-)
M	shell.y
Your branch is up to date with 'origin/master'.
[master 10cf888] Commit
 Committer: Naman Kansal <kansal2@data.cs.purdue.edu>
Your name and email address were configured automatically based
on your username and hostname. Please check that they are accurate.
You can suppress this message by setting them explicitly:

    git config --global user.name "Your Name"
    git config --global user.email you@example.com

After doing this, you may fix the identity used for this commit with:

    git commit --amend --reset-author

 1 file changed, 12 insertions(+), 10 deletions(-)
M	shell.y
Your branch is up to date with 'origin/master'.
[master 8ebf3b3] Commit
 Committer: Naman Kansal <kansal2@data.cs.purdue.edu>
Your name and email address were configured automatically based
on your username and hostname. Please check that they are accurate.
You can suppress this message by setting them explicitly:

    git config --global user.name "Your Name"
    git config --global user.email you@example.com

After doing this, you may fix the identity used for this commit with:

    git commit --amend --reset-author

 1 file changed, 10 insertions(+), 12 deletions(-)
M	shell.y
Your branch is up to date with 'origin/master'.
[master affdb9d] Commit
 Committer: Naman Kansal <kansal2@data.cs.purdue.edu>
Your name and email address were configured automatically based
on your username and hostname. Please check that they are accurate.
You can suppress this message by setting them explicitly:

    git config --global user.name "Your Name"
    git config --global user.email you@example.com

After doing this, you may fix the identity used for this commit with:

    git commit --amend --reset-author

 1 file changed, 2 insertions(+), 2 deletions(-)
M	shell.y
Your branch is up to date with 'origin/master'.
[master 7e0ac2c] Commit
 Committer: Naman Kansal <kansal2@data.cs.purdue.edu>
Your name and email address were configured automatically based
on your username and hostname. Please check that they are accurate.
You can suppress this message by setting them explicitly:

    git config --global user.name "Your Name"
    git config --global user.email you@example.com

After doing this, you may fix the identity used for this commit with:

    git commit --amend --reset-author

 1 file changed, 22 insertions(+), 28 deletions(-)
M	shell.y
Your branch is up to date with 'origin/master'.
[master 547c6e4] Commit
 Committer: Naman Kansal <kansal2@data.cs.purdue.edu>
Your name and email address were configured automatically based
on your username and hostname. Please check that they are accurate.
You can suppress this message by setting them explicitly:

    git config --global user.name "Your Name"
    git config --global user.email you@example.com

After doing this, you may fix the identity used for this commit with:

    git commit --amend --reset-author

 1 file changed, 28 insertions(+), 33 deletions(-)
M	shell.y
Your branch is up to date with 'origin/master'.
[master 1d47fcf] Commit
 Committer: Naman Kansal <kansal2@data.cs.purdue.edu>
Your name and email address were configured automatically based
on your username and hostname. Please check that they are accurate.
You can suppress this message by setting them explicitly:

    git config --global user.name "Your Name"
    git config --global user.email you@example.com

After doing this, you may fix the identity used for this commit with:

    git commit --amend --reset-author

 4 files changed, 3392 insertions(+), 2 deletions(-)
 create mode 100644 lex.yy.cc
 create mode 100644 y.tab.cc
 create mode 100644 y.tab.hh
D	lex.yy.cc
D	y.tab.cc
D	y.tab.hh
Your branch is up to date with 'origin/master'.
[master fe6d7be] Commit
 Committer: Naman Kansal <kansal2@data.cs.purdue.edu>
Your name and email address were configured automatically based
on your username and hostname. Please check that they are accurate.
You can suppress this message by setting them explicitly:

    git config --global user.name "Your Name"
    git config --global user.email you@example.com

After doing this, you may fix the identity used for this commit with:

    git commit --amend --reset-author

 3 files changed, 3384 deletions(-)
 delete mode 100644 lex.yy.cc
 delete mode 100644 y.tab.cc
 delete mode 100644 y.tab.hh
M	shell.l
Your branch is up to date with 'origin/master'.
[master 027817b] Commit
 Committer: Naman Kansal <kansal2@data.cs.purdue.edu>
Your name and email address were configured automatically based
on your username and hostname. Please check that they are accurate.
You can suppress this message by setting them explicitly:

    git config --global user.name "Your Name"
    git config --global user.email you@example.com

After doing this, you may fix the identity used for this commit with:

    git commit --amend --reset-author

 4 files changed, 3400 insertions(+), 6 deletions(-)
 create mode 100644 lex.yy.cc
 create mode 100644 y.tab.cc
 create mode 100644 y.tab.hh
D	lex.yy.cc
Your branch is up to date with 'origin/master'.
[master 1b0b8a7] Commit
 Committer: Naman Kansal <kansal2@data.cs.purdue.edu>
Your name and email address were configured automatically based
on your username and hostname. Please check that they are accurate.
You can suppress this message by setting them explicitly:

    git config --global user.name "Your Name"
    git config --global user.email you@example.com

After doing this, you may fix the identity used for this commit with:

    git commit --amend --reset-author

 1 file changed, 1877 deletions(-)
 delete mode 100644 lex.yy.cc
M	shell.l
Your branch is up to date with 'origin/master'.
[master cb9704e] Commit
 Committer: Naman Kansal <kansal2@data.cs.purdue.edu>
Your name and email address were configured automatically based
on your username and hostname. Please check that they are accurate.
You can suppress this message by setting them explicitly:

    git config --global user.name "Your Name"
    git config --global user.email you@example.com

After doing this, you may fix the identity used for this commit with:

    git commit --amend --reset-author

 1 file changed, 1 insertion(+)
M	shell.l
D	y.tab.cc
D	y.tab.hh
Your branch is up to date with 'origin/master'.
[master 6b0f4d6] Commit
 Committer: Naman Kansal <kansal2@data.cs.purdue.edu>
Your name and email address were configured automatically based
on your username and hostname. Please check that they are accurate.
You can suppress this message by setting them explicitly:

    git config --global user.name "Your Name"
    git config --global user.email you@example.com

After doing this, you may fix the identity used for this commit with:

    git commit --amend --reset-author

 3 files changed, 12 insertions(+), 1524 deletions(-)
 delete mode 100644 y.tab.cc
 delete mode 100644 y.tab.hh
M	shell.l
Your branch is up to date with 'origin/master'.
[master abda320] Commit
 Committer: Naman Kansal <kansal2@data.cs.purdue.edu>
Your name and email address were configured automatically based
on your username and hostname. Please check that they are accurate.
You can suppress this message by setting them explicitly:

    git config --global user.name "Your Name"
    git config --global user.email you@example.com

After doing this, you may fix the identity used for this commit with:

    git commit --amend --reset-author

 1 file changed, 7 insertions(+), 12 deletions(-)
M	shell.l
Your branch is up to date with 'origin/master'.
[master d4238c5] Commit
 Committer: Naman Kansal <kansal2@data.cs.purdue.edu>
Your name and email address were configured automatically based
on your username and hostname. Please check that they are accurate.
You can suppress this message by setting them explicitly:

    git config --global user.name "Your Name"
    git config --global user.email you@example.com

After doing this, you may fix the identity used for this commit with:

    git commit --amend --reset-author

 3 files changed, 1520 insertions(+), 3 deletions(-)
 create mode 100644 y.tab.cc
 create mode 100644 y.tab.hh
M	shell.l
D	y.tab.cc
D	y.tab.hh
Your branch is up to date with 'origin/master'.
[master e38558a] Commit
 Committer: Naman Kansal <kansal2@data.cs.purdue.edu>
Your name and email address were configured automatically based
on your username and hostname. Please check that they are accurate.
You can suppress this message by setting them explicitly:

    git config --global user.name "Your Name"
    git config --global user.email you@example.com

After doing this, you may fix the identity used for this commit with:

    git commit --amend --reset-author

 3 files changed, 12 insertions(+), 1530 deletions(-)
 delete mode 100644 y.tab.cc
 delete mode 100644 y.tab.hh
M	shell.l
Your branch is up to date with 'origin/master'.
[master 968bd25] Commit
 Committer: Naman Kansal <kansal2@data.cs.purdue.edu>
Your name and email address were configured automatically based
on your username and hostname. Please check that they are accurate.
You can suppress this message by setting them explicitly:

    git config --global user.name "Your Name"
    git config --global user.email you@example.com

After doing this, you may fix the identity used for this commit with:

    git commit --amend --reset-author

 1 file changed, 2 insertions(+), 2 deletions(-)
M	shell.l
Your branch is up to date with 'origin/master'.
[master 22821b5] Commit
 Committer: Naman Kansal <kansal2@data.cs.purdue.edu>
Your name and email address were configured automatically based
on your username and hostname. Please check that they are accurate.
You can suppress this message by setting them explicitly:

    git config --global user.name "Your Name"
    git config --global user.email you@example.com

After doing this, you may fix the identity used for this commit with:

    git commit --amend --reset-author

 1 file changed, 2 insertions(+), 2 deletions(-)
M	shell.l
Your branch is up to date with 'origin/master'.
[master 99a486e] Commit
 Committer: Naman Kansal <kansal2@data.cs.purdue.edu>
Your name and email address were configured automatically based
on your username and hostname. Please check that they are accurate.
You can suppress this message by setting them explicitly:

    git config --global user.name "Your Name"
    git config --global user.email you@example.com

After doing this, you may fix the identity used for this commit with:

    git commit --amend --reset-author

 1 file changed, 55 insertions(+), 68 deletions(-)
 rewrite shell.l (60%)
M	shell.l
Your branch is up to date with 'origin/master'.
[master cbf9144] Commit
 Committer: Naman Kansal <kansal2@data.cs.purdue.edu>
Your name and email address were configured automatically based
on your username and hostname. Please check that they are accurate.
You can suppress this message by setting them explicitly:

    git config --global user.name "Your Name"
    git config --global user.email you@example.com

After doing this, you may fix the identity used for this commit with:

    git commit --amend --reset-author

 1 file changed, 10 insertions(+)
M	shell.l
Your branch is up to date with 'origin/master'.
[master 44ad3d3] Commit
 Committer: Naman Kansal <kansal2@data.cs.purdue.edu>
Your name and email address were configured automatically based
on your username and hostname. Please check that they are accurate.
You can suppress this message by setting them explicitly:

    git config --global user.name "Your Name"
    git config --global user.email you@example.com

After doing this, you may fix the identity used for this commit with:

    git commit --amend --reset-author

 3 files changed, 1517 insertions(+), 10 deletions(-)
 create mode 100644 y.tab.cc
 create mode 100644 y.tab.hh
M	shell.y
Your branch is up to date with 'origin/master'.
[master a3640cb] Commit
 Committer: Naman Kansal <kansal2@data.cs.purdue.edu>
Your name and email address were configured automatically based
on your username and hostname. Please check that they are accurate.
You can suppress this message by setting them explicitly:

    git config --global user.name "Your Name"
    git config --global user.email you@example.com

After doing this, you may fix the identity used for this commit with:

    git commit --amend --reset-author

 2 files changed, 1918 insertions(+), 1 deletion(-)
 create mode 100644 lex.yy.cc
M	y.tab.cc
Your branch is up to date with 'origin/master'.
[master 4e34efc] Commit
 Committer: Naman Kansal <kansal2@data.cs.purdue.edu>
Your name and email address were configured automatically based
on your username and hostname. Please check that they are accurate.
You can suppress this message by setting them explicitly:

    git config --global user.name "Your Name"
    git config --global user.email you@example.com

After doing this, you may fix the identity used for this commit with:

    git commit --amend --reset-author

 1 file changed, 17 insertions(+), 16 deletions(-)
M	shell.y
Your branch is up to date with 'origin/master'.
[master b52e4b2] Commit
 Committer: Naman Kansal <kansal2@data.cs.purdue.edu>
Your name and email address were configured automatically based
on your username and hostname. Please check that they are accurate.
You can suppress this message by setting them explicitly:

    git config --global user.name "Your Name"
    git config --global user.email you@example.com

After doing this, you may fix the identity used for this commit with:

    git commit --amend --reset-author

 1 file changed, 1 insertion(+)
M	shell.y
M	y.tab.cc
M	y.tab.hh
Your branch is up to date with 'origin/master'.
[master 4cac043] Commit
 Committer: Naman Kansal <kansal2@data.cs.purdue.edu>
Your name and email address were configured automatically based
on your username and hostname. Please check that they are accurate.
You can suppress this message by setting them explicitly:

    git config --global user.name "Your Name"
    git config --global user.email you@example.com

After doing this, you may fix the identity used for this commit with:

    git commit --amend --reset-author

 3 files changed, 18 insertions(+), 19 deletions(-)
D	lex.yy.cc
D	y.tab.cc
D	y.tab.hh
Your branch is up to date with 'origin/master'.
[master c86a437] Commit
 Committer: Naman Kansal <kansal2@data.cs.purdue.edu>
Your name and email address were configured automatically based
on your username and hostname. Please check that they are accurate.
You can suppress this message by setting them explicitly:

    git config --global user.name "Your Name"
    git config --global user.email you@example.com

After doing this, you may fix the identity used for this commit with:

    git commit --amend --reset-author

 3 files changed, 3388 deletions(-)
 delete mode 100644 lex.yy.cc
 delete mode 100644 y.tab.cc
 delete mode 100644 y.tab.hh
M	command.cc
Your branch is up to date with 'origin/master'.
[master d94503e] Commit
 Committer: Naman Kansal <kansal2@data.cs.purdue.edu>
Your name and email address were configured automatically based
on your username and hostname. Please check that they are accurate.
You can suppress this message by setting them explicitly:

    git config --global user.name "Your Name"
    git config --global user.email you@example.com

After doing this, you may fix the identity used for this commit with:

    git commit --amend --reset-author

 1 file changed, 50 insertions(+), 41 deletions(-)
M	command.cc
Your branch is up to date with 'origin/master'.
[master 1957197] Commit
 Committer: Naman Kansal <kansal2@data.cs.purdue.edu>
Your name and email address were configured automatically based
on your username and hostname. Please check that they are accurate.
You can suppress this message by setting them explicitly:

    git config --global user.name "Your Name"
    git config --global user.email you@example.com

After doing this, you may fix the identity used for this commit with:

    git commit --amend --reset-author

 1 file changed, 61 insertions(+), 17 deletions(-)
M	shell.y
Your branch is up to date with 'origin/master'.
[master 3a28359] Commit
 Committer: Naman Kansal <kansal2@data.cs.purdue.edu>
Your name and email address were configured automatically based
on your username and hostname. Please check that they are accurate.
You can suppress this message by setting them explicitly:

    git config --global user.name "Your Name"
    git config --global user.email you@example.com

After doing this, you may fix the identity used for this commit with:

    git commit --amend --reset-author

 1 file changed, 12 insertions(+), 7 deletions(-)
M	shell.y
Your branch is up to date with 'origin/master'.
[master 93bf909] Commit
 Committer: Naman Kansal <kansal2@data.cs.purdue.edu>
Your name and email address were configured automatically based
on your username and hostname. Please check that they are accurate.
You can suppress this message by setting them explicitly:

    git config --global user.name "Your Name"
    git config --global user.email you@example.com

After doing this, you may fix the identity used for this commit with:

    git commit --amend --reset-author

 1 file changed, 2 insertions(+), 52 deletions(-)
M	command.cc
Your branch is up to date with 'origin/master'.
[master 8a668bb] Commit
 Committer: Naman Kansal <kansal2@data.cs.purdue.edu>
Your name and email address were configured automatically based
on your username and hostname. Please check that they are accurate.
You can suppress this message by setting them explicitly:

    git config --global user.name "Your Name"
    git config --global user.email you@example.com

After doing this, you may fix the identity used for this commit with:

    git commit --amend --reset-author

 1 file changed, 17 insertions(+), 73 deletions(-)
M	command.cc
Your branch is up to date with 'origin/master'.
[master 1a46cfb] Commit
 Committer: Naman Kansal <kansal2@data.cs.purdue.edu>
Your name and email address were configured automatically based
on your username and hostname. Please check that they are accurate.
You can suppress this message by setting them explicitly:

    git config --global user.name "Your Name"
    git config --global user.email you@example.com

After doing this, you may fix the identity used for this commit with:

    git commit --amend --reset-author

 1 file changed, 66 insertions(+), 9 deletions(-)
Your branch is up to date with 'origin/master'.
On branch master
Your branch is up to date with 'origin/master'.

Untracked files:
  (use "git add <file>..." to include in what will be committed)
	.local.git.out
	.vscode/
	out

nothing added to commit but untracked files present (use "git add" to track)
Your branch is up to date with 'origin/master'.
On branch master
Your branch is up to date with 'origin/master'.

Untracked files:
  (use "git add <file>..." to include in what will be committed)
	.local.git.out
	.vscode/
	out

nothing added to commit but untracked files present (use "git add" to track)
M	command.cc
Your branch is up to date with 'origin/master'.
[master 52dfba5] Commit
 Committer: Naman Kansal <kansal2@data.cs.purdue.edu>
Your name and email address were configured automatically based
on your username and hostname. Please check that they are accurate.
You can suppress this message by setting them explicitly:

    git config --global user.name "Your Name"
    git config --global user.email you@example.com

After doing this, you may fix the identity used for this commit with:

    git commit --amend --reset-author

 1 file changed, 15 insertions(+), 17 deletions(-)
Your branch is up to date with 'origin/master'.
On branch master
Your branch is up to date with 'origin/master'.

Untracked files:
  (use "git add <file>..." to include in what will be committed)
	.local.git.out
	.vscode/
	out
	out.txt

nothing added to commit but untracked files present (use "git add" to track)
M	shell.cc
Your branch is up to date with 'origin/master'.
[master c4852d9] Commit
 Committer: Naman Kansal <kansal2@data.cs.purdue.edu>
Your name and email address were configured automatically based
on your username and hostname. Please check that they are accurate.
You can suppress this message by setting them explicitly:

    git config --global user.name "Your Name"
    git config --global user.email you@example.com

After doing this, you may fix the identity used for this commit with:

    git commit --amend --reset-author

 1 file changed, 7 insertions(+), 3 deletions(-)
Your branch is up to date with 'origin/master'.
On branch master
Your branch is up to date with 'origin/master'.

Untracked files:
  (use "git add <file>..." to include in what will be committed)
	.local.git.out
	.vscode/
	out
	out.txt
	test.sh

nothing added to commit but untracked files present (use "git add" to track)
M	shell.cc
Your branch is up to date with 'origin/master'.
[master 04a7808] Commit
 Committer: Naman Kansal <kansal2@data.cs.purdue.edu>
Your name and email address were configured automatically based
on your username and hostname. Please check that they are accurate.
You can suppress this message by setting them explicitly:

    git config --global user.name "Your Name"
    git config --global user.email you@example.com

After doing this, you may fix the identity used for this commit with:

    git commit --amend --reset-author

 4 files changed, 3411 insertions(+), 6 deletions(-)
 create mode 100644 lex.yy.cc
 create mode 100644 y.tab.cc
 create mode 100644 y.tab.hh
D	lex.yy.cc
D	y.tab.cc
D	y.tab.hh
Your branch is up to date with 'origin/master'.
[master c27e57c] Commit
 Committer: Naman Kansal <kansal2@data.cs.purdue.edu>
Your name and email address were configured automatically based
on your username and hostname. Please check that they are accurate.
You can suppress this message by setting them explicitly:

    git config --global user.name "Your Name"
    git config --global user.email you@example.com

After doing this, you may fix the identity used for this commit with:

    git commit --amend --reset-author

 3 files changed, 3390 deletions(-)
 delete mode 100644 lex.yy.cc
 delete mode 100644 y.tab.cc
 delete mode 100644 y.tab.hh
M	shell.cc
Your branch is up to date with 'origin/master'.
[master 0c0ed99] Commit
 Committer: Naman Kansal <kansal2@data.cs.purdue.edu>
Your name and email address were configured automatically based
on your username and hostname. Please check that they are accurate.
You can suppress this message by setting them explicitly:

    git config --global user.name "Your Name"
    git config --global user.email you@example.com

After doing this, you may fix the identity used for this commit with:

    git commit --amend --reset-author

 1 file changed, 26 insertions(+), 5 deletions(-)
M	command.cc
Your branch is up to date with 'origin/master'.
[master eed2211] Commit
 Committer: Naman Kansal <kansal2@data.cs.purdue.edu>
Your name and email address were configured automatically based
on your username and hostname. Please check that they are accurate.
You can suppress this message by setting them explicitly:

    git config --global user.name "Your Name"
    git config --global user.email you@example.com

After doing this, you may fix the identity used for this commit with:

    git commit --amend --reset-author

 1 file changed, 13 insertions(+)
Your branch is up to date with 'origin/master'.
On branch master
Your branch is up to date with 'origin/master'.

Untracked files:
  (use "git add <file>..." to include in what will be committed)
	.local.git.out
	.vscode/
	out
	out.txt
	test.sh

nothing added to commit but untracked files present (use "git add" to track)
M	shell.l
Your branch is up to date with 'origin/master'.
[master 6f9da1b] Commit
 Committer: Naman Kansal <kansal2@data.cs.purdue.edu>
Your name and email address were configured automatically based
on your username and hostname. Please check that they are accurate.
You can suppress this message by setting them explicitly:

    git config --global user.name "Your Name"
    git config --global user.email you@example.com

After doing this, you may fix the identity used for this commit with:

    git commit --amend --reset-author

 1 file changed, 12 insertions(+)
M	shell.l
Your branch is up to date with 'origin/master'.
[master 306c078] Commit
 Committer: Naman Kansal <kansal2@data.cs.purdue.edu>
Your name and email address were configured automatically based
on your username and hostname. Please check that they are accurate.
You can suppress this message by setting them explicitly:

    git config --global user.name "Your Name"
    git config --global user.email you@example.com

After doing this, you may fix the identity used for this commit with:

    git commit --amend --reset-author

 1 file changed, 12 insertions(+), 11 deletions(-)
M	shell.l
Your branch is up to date with 'origin/master'.
[master 2b8ea76] Commit
 Committer: Naman Kansal <kansal2@data.cs.purdue.edu>
Your name and email address were configured automatically based
on your username and hostname. Please check that they are accurate.
You can suppress this message by setting them explicitly:

    git config --global user.name "Your Name"
    git config --global user.email you@example.com

After doing this, you may fix the identity used for this commit with:

    git commit --amend --reset-author

 1 file changed, 35 insertions(+), 9 deletions(-)
M	command.cc
Your branch is up to date with 'origin/master'.
[master ac227b8] Commit
 Committer: Naman Kansal <kansal2@data.cs.purdue.edu>
Your name and email address were configured automatically based
on your username and hostname. Please check that they are accurate.
You can suppress this message by setting them explicitly:

    git config --global user.name "Your Name"
    git config --global user.email you@example.com

After doing this, you may fix the identity used for this commit with:

    git commit --amend --reset-author

 1 file changed, 82 insertions(+), 6 deletions(-)
Your branch is up to date with 'origin/master'.
On branch master
Your branch is up to date with 'origin/master'.

Untracked files:
  (use "git add <file>..." to include in what will be committed)
	.local.git.out
	.vscode/
	out
	out.txt
	test.sh

nothing added to commit but untracked files present (use "git add" to track)
M	shell.cc
Your branch is up to date with 'origin/master'.
[master ecc1b2e] Commit
 Committer: Naman Kansal <kansal2@data.cs.purdue.edu>
Your name and email address were configured automatically based
on your username and hostname. Please check that they are accurate.
You can suppress this message by setting them explicitly:

    git config --global user.name "Your Name"
    git config --global user.email you@example.com

After doing this, you may fix the identity used for this commit with:

    git commit --amend --reset-author

 1 file changed, 11 insertions(+)
Your branch is up to date with 'origin/master'.
On branch master
Your branch is up to date with 'origin/master'.

Untracked files:
  (use "git add <file>..." to include in what will be committed)
	.local.git.out
	.vscode/
	out
	out.txt
	test.sh

nothing added to commit but untracked files present (use "git add" to track)
Your branch is up to date with 'origin/master'.
On branch master
Your branch is up to date with 'origin/master'.

Untracked files:
  (use "git add <file>..." to include in what will be committed)
	.local.git.out
	.vscode/
	out
	out.txt
	test.sh

nothing added to commit but untracked files present (use "git add" to track)
Your branch is up to date with 'origin/master'.
On branch master
Your branch is up to date with 'origin/master'.

Untracked files:
  (use "git add <file>..." to include in what will be committed)
	.local.git.out
	.vscode/
	out
	out.txt
	test.sh

nothing added to commit but untracked files present (use "git add" to track)
Your branch is up to date with 'origin/master'.
On branch master
Your branch is up to date with 'origin/master'.

Untracked files:
  (use "git add <file>..." to include in what will be committed)
	.local.git.out
	.vscode/
	out
	out.txt
	test.sh

nothing added to commit but untracked files present (use "git add" to track)
Your branch is up to date with 'origin/master'.
On branch master
Your branch is up to date with 'origin/master'.

Untracked files:
  (use "git add <file>..." to include in what will be committed)
	.local.git.out
	.shellrc
	.vscode/
	out
	out.txt
	test.sh

nothing added to commit but untracked files present (use "git add" to track)
M	command.cc
Your branch is up to date with 'origin/master'.
[master dc63bea] Commit
 Committer: Naman Kansal <kansal2@data.cs.purdue.edu>
Your name and email address were configured automatically based
on your username and hostname. Please check that they are accurate.
You can suppress this message by setting them explicitly:

    git config --global user.name "Your Name"
    git config --global user.email you@example.com

After doing this, you may fix the identity used for this commit with:

    git commit --amend --reset-author

 1 file changed, 12 insertions(+), 12 deletions(-)
M	command.cc
Your branch is up to date with 'origin/master'.
[master f1605f5] Commit
 Committer: Naman Kansal <kansal2@data.cs.purdue.edu>
Your name and email address were configured automatically based
on your username and hostname. Please check that they are accurate.
You can suppress this message by setting them explicitly:

    git config --global user.name "Your Name"
    git config --global user.email you@example.com

After doing this, you may fix the identity used for this commit with:

    git commit --amend --reset-author

 1 file changed, 13 insertions(+), 12 deletions(-)
M	command.cc
M	command.hh
M	shell.y
Your branch is up to date with 'origin/master'.
[master 71eaaa5] Commit
 Committer: Naman Kansal <kansal2@data.cs.purdue.edu>
Your name and email address were configured automatically based
on your username and hostname. Please check that they are accurate.
You can suppress this message by setting them explicitly:

    git config --global user.name "Your Name"
    git config --global user.email you@example.com

After doing this, you may fix the identity used for this commit with:

    git commit --amend --reset-author

 3 files changed, 30 insertions(+), 18 deletions(-)
M	shell.l
Your branch is up to date with 'origin/master'.
[master 0443cf1] Commit
 Committer: Naman Kansal <kansal2@data.cs.purdue.edu>
Your name and email address were configured automatically based
on your username and hostname. Please check that they are accurate.
You can suppress this message by setting them explicitly:

    git config --global user.name "Your Name"
    git config --global user.email you@example.com

After doing this, you may fix the identity used for this commit with:

    git commit --amend --reset-author

 1 file changed, 80 insertions(+), 94 deletions(-)
 rewrite shell.l (85%)
Your branch is up to date with 'origin/master'.
On branch master
Your branch is up to date with 'origin/master'.

Untracked files:
  (use "git add <file>..." to include in what will be committed)
	.local.git.out
	.vscode/
	out
	out.txt
	test.sh

nothing added to commit but untracked files present (use "git add" to track)
M	shell.y
Your branch is up to date with 'origin/master'.
[master 54b589e] Commit
 Committer: Naman Kansal <kansal2@data.cs.purdue.edu>
Your name and email address were configured automatically based
on your username and hostname. Please check that they are accurate.
You can suppress this message by setting them explicitly:

    git config --global user.name "Your Name"
    git config --global user.email you@example.com

After doing this, you may fix the identity used for this commit with:

    git commit --amend --reset-author

 1 file changed, 5 insertions(+)
Your branch is up to date with 'origin/master'.
On branch master
Your branch is up to date with 'origin/master'.

Untracked files:
  (use "git add <file>..." to include in what will be committed)
	.local.git.out
	.vscode/
	ls
	out
	out.txt
	test.sh

nothing added to commit but untracked files present (use "git add" to track)
Your branch is up to date with 'origin/master'.
On branch master
Your branch is up to date with 'origin/master'.

Untracked files:
  (use "git add <file>..." to include in what will be committed)
	.local.git.out
	.shellrc
	.vscode/
	ls
	out
	out.txt
	test.sh

nothing added to commit but untracked files present (use "git add" to track)
M	shell.cc
Your branch is up to date with 'origin/master'.
[master d9be108] Commit
 Committer: Naman Kansal <kansal2@data.cs.purdue.edu>
Your name and email address were configured automatically based
on your username and hostname. Please check that they are accurate.
You can suppress this message by setting them explicitly:

    git config --global user.name "Your Name"
    git config --global user.email you@example.com

After doing this, you may fix the identity used for this commit with:

    git commit --amend --reset-author

 1 file changed, 7 insertions(+), 9 deletions(-)
Your branch is up to date with 'origin/master'.
On branch master
Your branch is up to date with 'origin/master'.

Untracked files:
  (use "git add <file>..." to include in what will be committed)
	.local.git.out
	.shellrc
	.vscode/
	ls
	out
	out.txt
	test.sh

nothing added to commit but untracked files present (use "git add" to track)
M	shell.cc
Your branch is up to date with 'origin/master'.
[master 7132013] Commit
 Committer: Naman Kansal <kansal2@data.cs.purdue.edu>
Your name and email address were configured automatically based
on your username and hostname. Please check that they are accurate.
You can suppress this message by setting them explicitly:

    git config --global user.name "Your Name"
    git config --global user.email you@example.com

After doing this, you may fix the identity used for this commit with:

    git commit --amend --reset-author

 1 file changed, 10 deletions(-)
Your branch is up to date with 'origin/master'.
[master d70b666] Commit
 Committer: Naman Kansal <kansal2@data.cs.purdue.edu>
Your name and email address were configured automatically based
on your username and hostname. Please check that they are accurate.
You can suppress this message by setting them explicitly:

    git config --global user.name "Your Name"
    git config --global user.email you@example.com

After doing this, you may fix the identity used for this commit with:

    git commit --amend --reset-author

 3 files changed, 3487 insertions(+)
 create mode 100644 lex.yy.cc
 create mode 100644 y.tab.cc
 create mode 100644 y.tab.hh
D	lex.yy.cc
M	shell.cc
D	y.tab.cc
D	y.tab.hh
Your branch is up to date with 'origin/master'.
[master e5b5429] Commit
 Committer: Naman Kansal <kansal2@data.cs.purdue.edu>
Your name and email address were configured automatically based
on your username and hostname. Please check that they are accurate.
You can suppress this message by setting them explicitly:

    git config --global user.name "Your Name"
    git config --global user.email you@example.com

After doing this, you may fix the identity used for this commit with:

    git commit --amend --reset-author

 4 files changed, 4 insertions(+), 3497 deletions(-)
 delete mode 100644 lex.yy.cc
 delete mode 100644 y.tab.cc
 delete mode 100644 y.tab.hh
M	shell.l
Your branch is up to date with 'origin/master'.
[master 480cf7f] Commit
 Committer: Naman Kansal <kansal2@data.cs.purdue.edu>
Your name and email address were configured automatically based
on your username and hostname. Please check that they are accurate.
You can suppress this message by setting them explicitly:

    git config --global user.name "Your Name"
    git config --global user.email you@example.com

After doing this, you may fix the identity used for this commit with:

    git commit --amend --reset-author

 1 file changed, 98 insertions(+), 10 deletions(-)
M	shell.l
Your branch is up to date with 'origin/master'.
[master 01cef50] Commit
 Committer: Naman Kansal <kansal2@data.cs.purdue.edu>
Your name and email address were configured automatically based
on your username and hostname. Please check that they are accurate.
You can suppress this message by setting them explicitly:

    git config --global user.name "Your Name"
    git config --global user.email you@example.com

After doing this, you may fix the identity used for this commit with:

    git commit --amend --reset-author

 1 file changed, 2 insertions(+), 33 deletions(-)
M	shell.l
Your branch is up to date with 'origin/master'.
[master c8f6234] Commit
 Committer: Naman Kansal <kansal2@data.cs.purdue.edu>
Your name and email address were configured automatically based
on your username and hostname. Please check that they are accurate.
You can suppress this message by setting them explicitly:

    git config --global user.name "Your Name"
    git config --global user.email you@example.com

After doing this, you may fix the identity used for this commit with:

    git commit --amend --reset-author

 1 file changed, 16 insertions(+)
M	shell.l
Your branch is up to date with 'origin/master'.
[master 1110f43] Commit
 Committer: Naman Kansal <kansal2@data.cs.purdue.edu>
Your name and email address were configured automatically based
on your username and hostname. Please check that they are accurate.
You can suppress this message by setting them explicitly:

    git config --global user.name "Your Name"
    git config --global user.email you@example.com

After doing this, you may fix the identity used for this commit with:

    git commit --amend --reset-author

 1 file changed, 1 insertion(+), 1 deletion(-)
M	shell.l
Your branch is up to date with 'origin/master'.
[master 88593ca] Commit
 Committer: Naman Kansal <kansal2@data.cs.purdue.edu>
Your name and email address were configured automatically based
on your username and hostname. Please check that they are accurate.
You can suppress this message by setting them explicitly:

    git config --global user.name "Your Name"
    git config --global user.email you@example.com

After doing this, you may fix the identity used for this commit with:

    git commit --amend --reset-author

 1 file changed, 4 insertions(+), 1 deletion(-)
M	command.cc
M	shell.l
M	shell.y
Your branch is up to date with 'origin/master'.
[master be20b1f] Commit
 Committer: Naman Kansal <kansal2@data.cs.purdue.edu>
Your name and email address were configured automatically based
on your username and hostname. Please check that they are accurate.
You can suppress this message by setting them explicitly:

    git config --global user.name "Your Name"
    git config --global user.email you@example.com

After doing this, you may fix the identity used for this commit with:

    git commit --amend --reset-author

 3 files changed, 20 insertions(+), 15 deletions(-)
M	command.cc
Your branch is up to date with 'origin/master'.
[master 84a46a6] Commit
 Committer: Naman Kansal <kansal2@data.cs.purdue.edu>
Your name and email address were configured automatically based
on your username and hostname. Please check that they are accurate.
You can suppress this message by setting them explicitly:

    git config --global user.name "Your Name"
    git config --global user.email you@example.com

After doing this, you may fix the identity used for this commit with:

    git commit --amend --reset-author

 1 file changed, 3 insertions(+), 1 deletion(-)
M	shell.l
Your branch is up to date with 'origin/master'.
[master 5aaf154] Commit
 Committer: Naman Kansal <kansal2@data.cs.purdue.edu>
Your name and email address were configured automatically based
on your username and hostname. Please check that they are accurate.
You can suppress this message by setting them explicitly:

    git config --global user.name "Your Name"
    git config --global user.email you@example.com

After doing this, you may fix the identity used for this commit with:

    git commit --amend --reset-author

 1 file changed, 1 insertion(+), 1 deletion(-)
M	shell.l
Your branch is up to date with 'origin/master'.
[master babe453] Commit
 Committer: Naman Kansal <kansal2@data.cs.purdue.edu>
Your name and email address were configured automatically based
on your username and hostname. Please check that they are accurate.
You can suppress this message by setting them explicitly:

    git config --global user.name "Your Name"
    git config --global user.email you@example.com

After doing this, you may fix the identity used for this commit with:

    git commit --amend --reset-author

 1 file changed, 7 insertions(+), 1 deletion(-)
Your branch is up to date with 'origin/master'.
On branch master
Your branch is up to date with 'origin/master'.

Untracked files:
  (use "git add <file>..." to include in what will be committed)
	.local.git.out
	.shellrc
	.vscode/
	ls
	out
	out.txt
	test.sh

nothing added to commit but untracked files present (use "git add" to track)
Your branch is up to date with 'origin/master'.
On branch master
Your branch is up to date with 'origin/master'.

Untracked files:
  (use "git add <file>..." to include in what will be committed)
	.local.git.out
	.shellrc
	.vscode/
	ls
	out
	out.txt
	test.sh

nothing added to commit but untracked files present (use "git add" to track)
Your branch is up to date with 'origin/master'.
On branch master
Your branch is up to date with 'origin/master'.

Untracked files:
  (use "git add <file>..." to include in what will be committed)
	.local.git.out
	.shellrc
	.vscode/
	ls
	out
	out.txt
	test.sh

nothing added to commit but untracked files present (use "git add" to track)
Your branch is up to date with 'origin/master'.
On branch master
Your branch is up to date with 'origin/master'.

Untracked files:
  (use "git add <file>..." to include in what will be committed)
	.local.git.out
	.shellrc
	.vscode/
	ls
	out
	out.txt
	test.sh

nothing added to commit but untracked files present (use "git add" to track)
Your branch is up to date with 'origin/master'.
[master 49589ba] Commit
 Committer: Naman Kansal <kansal2@data.cs.purdue.edu>
Your name and email address were configured automatically based
on your username and hostname. Please check that they are accurate.
You can suppress this message by setting them explicitly:

    git config --global user.name "Your Name"
    git config --global user.email you@example.com

After doing this, you may fix the identity used for this commit with:

    git commit --amend --reset-author

 3 files changed, 3585 insertions(+)
 create mode 100644 lex.yy.cc
 create mode 100644 y.tab.cc
 create mode 100644 y.tab.hh
M	shell.y
Your branch is up to date with 'origin/master'.
[master f8acb95] Commit
 Committer: Naman Kansal <kansal2@data.cs.purdue.edu>
Your name and email address were configured automatically based
on your username and hostname. Please check that they are accurate.
You can suppress this message by setting them explicitly:

    git config --global user.name "Your Name"
    git config --global user.email you@example.com

After doing this, you may fix the identity used for this commit with:

    git commit --amend --reset-author

 1 file changed, 1 insertion(+), 16 deletions(-)
D	lex.yy.cc
D	y.tab.cc
D	y.tab.hh
Your branch is up to date with 'origin/master'.
[master 137056d] Commit
 Committer: Naman Kansal <kansal2@data.cs.purdue.edu>
Your name and email address were configured automatically based
on your username and hostname. Please check that they are accurate.
You can suppress this message by setting them explicitly:

    git config --global user.name "Your Name"
    git config --global user.email you@example.com

After doing this, you may fix the identity used for this commit with:

    git commit --amend --reset-author

 3 files changed, 3585 deletions(-)
 delete mode 100644 lex.yy.cc
 delete mode 100644 y.tab.cc
 delete mode 100644 y.tab.hh
M	command.cc
M	shell.l
Your branch is up to date with 'origin/master'.
[master 385a5a1] Commit
 Committer: Naman Kansal <kansal2@data.cs.purdue.edu>
Your name and email address were configured automatically based
on your username and hostname. Please check that they are accurate.
You can suppress this message by setting them explicitly:

    git config --global user.name "Your Name"
    git config --global user.email you@example.com

After doing this, you may fix the identity used for this commit with:

    git commit --amend --reset-author

 2 files changed, 51 insertions(+), 67 deletions(-)
M	shell.l
Your branch is up to date with 'origin/master'.
[master c32dd39] Commit
 Committer: Naman Kansal <kansal2@data.cs.purdue.edu>
Your name and email address were configured automatically based
on your username and hostname. Please check that they are accurate.
You can suppress this message by setting them explicitly:

    git config --global user.name "Your Name"
    git config --global user.email you@example.com

After doing this, you may fix the identity used for this commit with:

    git commit --amend --reset-author

 1 file changed, 33 insertions(+), 33 deletions(-)
M	shell.l
Your branch is up to date with 'origin/master'.
[master 5be5ff0] Commit
 Committer: Naman Kansal <kansal2@data.cs.purdue.edu>
Your name and email address were configured automatically based
on your username and hostname. Please check that they are accurate.
You can suppress this message by setting them explicitly:

    git config --global user.name "Your Name"
    git config --global user.email you@example.com

After doing this, you may fix the identity used for this commit with:

    git commit --amend --reset-author

 1 file changed, 7 insertions(+), 6 deletions(-)
M	command.cc
M	command.hh
M	shell.l
Your branch is up to date with 'origin/master'.
[master 156be7c] Commit
 Committer: Naman Kansal <kansal2@data.cs.purdue.edu>
Your name and email address were configured automatically based
on your username and hostname. Please check that they are accurate.
You can suppress this message by setting them explicitly:

    git config --global user.name "Your Name"
    git config --global user.email you@example.com

After doing this, you may fix the identity used for this commit with:

    git commit --amend --reset-author

 6 files changed, 3960 insertions(+), 48 deletions(-)
 rewrite command.hh (98%)
 create mode 100644 lex.yy.cc
 create mode 100644 y.tab.cc
 create mode 100644 y.tab.hh
M	command.hh
D	lex.yy.cc
D	y.tab.cc
D	y.tab.hh
Your branch is up to date with 'origin/master'.
[master 916e9e4] Commit
 Committer: Naman Kansal <kansal2@data.cs.purdue.edu>
Your name and email address were configured automatically based
on your username and hostname. Please check that they are accurate.
You can suppress this message by setting them explicitly:

    git config --global user.name "Your Name"
    git config --global user.email you@example.com

After doing this, you may fix the identity used for this commit with:

    git commit --amend --reset-author

 4 files changed, 22 insertions(+), 3796 deletions(-)
 rewrite command.hh (99%)
 delete mode 100644 lex.yy.cc
 delete mode 100644 y.tab.cc
 delete mode 100644 y.tab.hh
Your branch is up to date with 'origin/master'.
On branch master
Your branch is up to date with 'origin/master'.

Untracked files:
  (use "git add <file>..." to include in what will be committed)
	.local.git.out
	.shell.y.swp
	.shellrc
	.vscode/
	ls
	out
	out.txt
	test.sh

nothing added to commit but untracked files present (use "git add" to track)
M	shell.cc
Your branch is up to date with 'origin/master'.
[master a9e48ad] Commit
 Committer: Naman Kansal <kansal2@data.cs.purdue.edu>
Your name and email address were configured automatically based
on your username and hostname. Please check that they are accurate.
You can suppress this message by setting them explicitly:

    git config --global user.name "Your Name"
    git config --global user.email you@example.com

After doing this, you may fix the identity used for this commit with:

    git commit --amend --reset-author

 1 file changed, 37 insertions(+)
M	shell.cc
Your branch is up to date with 'origin/master'.
[master 1c000c4] Commit
 Committer: Naman Kansal <kansal2@data.cs.purdue.edu>
Your name and email address were configured automatically based
on your username and hostname. Please check that they are accurate.
You can suppress this message by setting them explicitly:

    git config --global user.name "Your Name"
    git config --global user.email you@example.com

After doing this, you may fix the identity used for this commit with:

    git commit --amend --reset-author

 1 file changed, 3 insertions(+), 1 deletion(-)
M	shell.cc
Your branch is up to date with 'origin/master'.
[master 176d1d9] Commit
 Committer: Naman Kansal <kansal2@data.cs.purdue.edu>
Your name and email address were configured automatically based
on your username and hostname. Please check that they are accurate.
You can suppress this message by setting them explicitly:

    git config --global user.name "Your Name"
    git config --global user.email you@example.com

After doing this, you may fix the identity used for this commit with:

    git commit --amend --reset-author

 1 file changed, 13 insertions(+), 2 deletions(-)
Your branch is up to date with 'origin/master'.
On branch master
Your branch is up to date with 'origin/master'.

Untracked files:
  (use "git add <file>..." to include in what will be committed)
	.local.git.out
	.shell.y.swp
	.shellrc
	.vscode/
	ls
	out
	out.txt
	test.sh

nothing added to commit but untracked files present (use "git add" to track)
Your branch is up to date with 'origin/master'.
On branch master
Your branch is up to date with 'origin/master'.

Untracked files:
  (use "git add <file>..." to include in what will be committed)
	.local.git.out
	.shell.y.swp
	.shellrc
	.vscode/
	ls
	out
	out.txt
	test.sh

nothing added to commit but untracked files present (use "git add" to track)
Your branch is up to date with 'origin/master'.
On branch master
Your branch is up to date with 'origin/master'.

Untracked files:
  (use "git add <file>..." to include in what will be committed)
	.local.git.out
	.shell.y.swp
	.shellrc
	.vscode/
	ls
	out
	out.txt
	test.sh

nothing added to commit but untracked files present (use "git add" to track)
M	shell.cc
Your branch is up to date with 'origin/master'.
[master d1bad27] Commit
 Committer: Naman Kansal <kansal2@data.cs.purdue.edu>
Your name and email address were configured automatically based
on your username and hostname. Please check that they are accurate.
You can suppress this message by setting them explicitly:

    git config --global user.name "Your Name"
    git config --global user.email you@example.com

After doing this, you may fix the identity used for this commit with:

    git commit --amend --reset-author

 1 file changed, 9 insertions(+), 36 deletions(-)
M	shell.cc
Your branch is up to date with 'origin/master'.
[master 342b09d] Commit
 Committer: Naman Kansal <kansal2@data.cs.purdue.edu>
Your name and email address were configured automatically based
on your username and hostname. Please check that they are accurate.
You can suppress this message by setting them explicitly:

    git config --global user.name "Your Name"
    git config --global user.email you@example.com

After doing this, you may fix the identity used for this commit with:

    git commit --amend --reset-author

 1 file changed, 5 insertions(+)
M	shell.cc
Your branch is up to date with 'origin/master'.
[master cd921f1] Commit
 Committer: Naman Kansal <kansal2@data.cs.purdue.edu>
Your name and email address were configured automatically based
on your username and hostname. Please check that they are accurate.
You can suppress this message by setting them explicitly:

    git config --global user.name "Your Name"
    git config --global user.email you@example.com

After doing this, you may fix the identity used for this commit with:

    git commit --amend --reset-author

 1 file changed, 1 insertion(+), 5 deletions(-)
M	command.cc
Your branch is up to date with 'origin/master'.
[master b8ecff6] Commit
 Committer: Naman Kansal <kansal2@data.cs.purdue.edu>
Your name and email address were configured automatically based
on your username and hostname. Please check that they are accurate.
You can suppress this message by setting them explicitly:

    git config --global user.name "Your Name"
    git config --global user.email you@example.com

After doing this, you may fix the identity used for this commit with:

    git commit --amend --reset-author

 1 file changed, 32 insertions(+), 12 deletions(-)
M	command.cc
M	command.hh
M	shell.cc
M	shell.y
Your branch is up to date with 'origin/master'.
[master e2b000a] Commit
 Committer: Naman Kansal <kansal2@data.cs.purdue.edu>
Your name and email address were configured automatically based
on your username and hostname. Please check that they are accurate.
You can suppress this message by setting them explicitly:

    git config --global user.name "Your Name"
    git config --global user.email you@example.com

After doing this, you may fix the identity used for this commit with:

    git commit --amend --reset-author

 4 files changed, 50 insertions(+), 56 deletions(-)
 rewrite command.hh (81%)
Your branch is up to date with 'origin/master'.
[master 3f324de] Commit
 Committer: Naman Kansal <kansal2@data.cs.purdue.edu>
Your name and email address were configured automatically based
on your username and hostname. Please check that they are accurate.
You can suppress this message by setting them explicitly:

    git config --global user.name "Your Name"
    git config --global user.email you@example.com

After doing this, you may fix the identity used for this commit with:

    git commit --amend --reset-author

 3 files changed, 3682 insertions(+)
 create mode 100644 lex.yy.cc
 create mode 100644 y.tab.cc
 create mode 100644 y.tab.hh
D	lex.yy.cc
D	y.tab.cc
D	y.tab.hh
Your branch is up to date with 'origin/master'.
[master bc83a26] Commit
 Committer: Naman Kansal <kansal2@data.cs.purdue.edu>
Your name and email address were configured automatically based
on your username and hostname. Please check that they are accurate.
You can suppress this message by setting them explicitly:

    git config --global user.name "Your Name"
    git config --global user.email you@example.com

After doing this, you may fix the identity used for this commit with:

    git commit --amend --reset-author

 3 files changed, 3682 deletions(-)
 delete mode 100644 lex.yy.cc
 delete mode 100644 y.tab.cc
 delete mode 100644 y.tab.hh
Your branch is up to date with 'origin/master'.
On branch master
Your branch is up to date with 'origin/master'.

Untracked files:
  (use "git add <file>..." to include in what will be committed)
	.local.git.out
	.shell.y.swp
	.shellrc.backup
	.vscode/
	fifo
	ls
	out
	out.txt
	test.sh

nothing added to commit but untracked files present (use "git add" to track)
Your branch is up to date with 'origin/master'.
On branch master
Your branch is up to date with 'origin/master'.

Untracked files:
  (use "git add <file>..." to include in what will be committed)
	.local.git.out
	.shell.y.swp
	.shellrc.backup
	.vscode/
	fifo
	ls
	out
	out.txt
	test.sh

nothing added to commit but untracked files present (use "git add" to track)
Your branch is up to date with 'origin/master'.
On branch master
Your branch is up to date with 'origin/master'.

Untracked files:
  (use "git add <file>..." to include in what will be committed)
	.local.git.out
	.shell.y.swp
	.shellrc.backup
	.vscode/
	fifo
	ls
	out
	out.txt
	test.sh

nothing added to commit but untracked files present (use "git add" to track)
M	test-shell/file-list-1
M	test-shell/file-list-2
M	test-shell/testall.out
Your branch is up to date with 'origin/master'.
[master 2ba0089] Commit
 Committer: Naman Kansal <kansal2@data.cs.purdue.edu>
Your name and email address were configured automatically based
on your username and hostname. Please check that they are accurate.
You can suppress this message by setting them explicitly:

    git config --global user.name "Your Name"
    git config --global user.email you@example.com

After doing this, you may fix the identity used for this commit with:

    git commit --amend --reset-author

 3 files changed, 63 insertions(+), 46 deletions(-)
 rewrite test-shell/testall.out (100%)
M	command.hh
Your branch is up to date with 'origin/master'.
[master a6f98b4] Commit
 Committer: Naman Kansal <kansal2@data.cs.purdue.edu>
Your name and email address were configured automatically based
on your username and hostname. Please check that they are accurate.
You can suppress this message by setting them explicitly:

    git config --global user.name "Your Name"
    git config --global user.email you@example.com

After doing this, you may fix the identity used for this commit with:

    git commit --amend --reset-author

 1 file changed, 328 insertions(+), 20 deletions(-)
 rewrite command.hh (100%)
Your branch is up to date with 'origin/master'.
On branch master
Your branch is up to date with 'origin/master'.

Untracked files:
  (use "git add <file>..." to include in what will be committed)
	.local.git.out
	.shell.y.swp
	.shellrc.backup
	.vscode/
	fifo
	ls
	out
	out.txt
	test-shell/bgfile
	test-shell/err2
	test-shell/hello world
	test-shell/my_output.txt
	test-shell/out1
	test-shell/results_p1.txt
	test.sh

nothing added to commit but untracked files present (use "git add" to track)
M	command.cc
Your branch is up to date with 'origin/master'.
[master 7548fde] Commit
 Committer: Naman Kansal <kansal2@data.cs.purdue.edu>
Your name and email address were configured automatically based
on your username and hostname. Please check that they are accurate.
You can suppress this message by setting them explicitly:

    git config --global user.name "Your Name"
    git config --global user.email you@example.com

After doing this, you may fix the identity used for this commit with:

    git commit --amend --reset-author

 1 file changed, 19 insertions(+), 17 deletions(-)
M	command.hh
Your branch is up to date with 'origin/master'.
[master 82bb7a6] Commit
 Committer: Naman Kansal <kansal2@data.cs.purdue.edu>
Your name and email address were configured automatically based
on your username and hostname. Please check that they are accurate.
You can suppress this message by setting them explicitly:

    git config --global user.name "Your Name"
    git config --global user.email you@example.com

After doing this, you may fix the identity used for this commit with:

    git commit --amend --reset-author

 1 file changed, 20 insertions(+), 328 deletions(-)
 rewrite command.hh (100%)
Your branch is up to date with 'origin/master'.
On branch master
Your branch is up to date with 'origin/master'.

Untracked files:
  (use "git add <file>..." to include in what will be committed)
	.local.git.out
	.shell.y.swp
	.shellrc.backup
	.vscode/
	fifo
	ls
	out
	out.txt
	test-shell/bgfile
	test-shell/err2
	test-shell/hello world
	test-shell/my_output.txt
	test-shell/out1
	test-shell/results_p1.txt
	test.sh

nothing added to commit but untracked files present (use "git add" to track)
M	command.cc
M	test-shell/testall.out
Your branch is up to date with 'origin/master'.
[master 8a571b7] Commit
 Committer: Naman Kansal <kansal2@data.cs.purdue.edu>
Your name and email address were configured automatically based
on your username and hostname. Please check that they are accurate.
You can suppress this message by setting them explicitly:

    git config --global user.name "Your Name"
    git config --global user.email you@example.com

After doing this, you may fix the identity used for this commit with:

    git commit --amend --reset-author

 2 files changed, 16 insertions(+), 19 deletions(-)
Your branch is up to date with 'origin/master'.
On branch master
Your branch is up to date with 'origin/master'.

Untracked files:
  (use "git add <file>..." to include in what will be committed)
	.local.git.out
	.shell.y.swp
	.shellrc.backup
	.vscode/
	fifo
	ls
	out
	out.txt
	test-shell/hello world
	test-shell/my_output.txt
	test-shell/results_p1.txt
	test.sh

nothing added to commit but untracked files present (use "git add" to track)
M	test-shell/file-list-1
M	test-shell/file-list-2
M	test-shell/testall.out
Your branch is up to date with 'origin/master'.
[master 9bd7602] Commit
 Committer: Naman Kansal <kansal2@data.cs.purdue.edu>
Your name and email address were configured automatically based
on your username and hostname. Please check that they are accurate.
You can suppress this message by setting them explicitly:

    git config --global user.name "Your Name"
    git config --global user.email you@example.com

After doing this, you may fix the identity used for this commit with:

    git commit --amend --reset-author

 3 files changed, 5 insertions(+)
M	command.cc
M	command.hh
M	shell.cc
M	shell.l
M	shell.y
Your branch is up to date with 'origin/master'.
[master 71177b7] Commit
 Committer: Naman Kansal <kansal2@data.cs.purdue.edu>
Your name and email address were configured automatically based
on your username and hostname. Please check that they are accurate.
You can suppress this message by setting them explicitly:

    git config --global user.name "Your Name"
    git config --global user.email you@example.com

After doing this, you may fix the identity used for this commit with:

    git commit --amend --reset-author

 5 files changed, 100 insertions(+), 37 deletions(-)
 rewrite command.hh (80%)
Your branch is up to date with 'origin/master'.
On branch master
Your branch is up to date with 'origin/master'.

Untracked files:
  (use "git add <file>..." to include in what will be committed)
	.local.git.out
	.shell.y.swp
	.shellrc.backup
	.vscode/
	fifo
	ls
	out
	out.txt
	test-shell/bgfile
	test-shell/err2
	test-shell/hello world
	test-shell/my_output.txt
	test-shell/results_p1.txt
	test.sh

nothing added to commit but untracked files present (use "git add" to track)
M	test-shell/file-list-1
M	test-shell/file-list-2
M	test-shell/testall.out
Your branch is up to date with 'origin/master'.
[master a170928] Commit
 Committer: Naman Kansal <kansal2@data.cs.purdue.edu>
Your name and email address were configured automatically based
on your username and hostname. Please check that they are accurate.
You can suppress this message by setting them explicitly:

    git config --global user.name "Your Name"
    git config --global user.email you@example.com

After doing this, you may fix the identity used for this commit with:

    git commit --amend --reset-author

 3 files changed, 3 insertions(+), 1 deletion(-)
M	command.cc
Your branch is up to date with 'origin/master'.
[master 2815486] Commit
 Committer: Naman Kansal <kansal2@data.cs.purdue.edu>
Your name and email address were configured automatically based
on your username and hostname. Please check that they are accurate.
You can suppress this message by setting them explicitly:

    git config --global user.name "Your Name"
    git config --global user.email you@example.com

After doing this, you may fix the identity used for this commit with:

    git commit --amend --reset-author

 1 file changed, 32 insertions(+), 3 deletions(-)
Your branch is up to date with 'origin/master'.
On branch master
Your branch is up to date with 'origin/master'.

Untracked files:
  (use "git add <file>..." to include in what will be committed)
	.local.git.out
	.shell.y.swp
	.shellrc.backup
	.vscode/
	fifo
	ls
	out
	out.txt
	test-shell/bgfile
	test-shell/err2
	test-shell/hello world
	test-shell/my_output.txt
	test-shell/out1
	test-shell/results_p1.txt
	test.sh

nothing added to commit but untracked files present (use "git add" to track)
Your branch is up to date with 'origin/master'.
[master c162b53] Commit
 Committer: Naman Kansal <kansal2@data.cs.purdue.edu>
Your name and email address were configured automatically based
on your username and hostname. Please check that they are accurate.
You can suppress this message by setting them explicitly:

    git config --global user.name "Your Name"
    git config --global user.email you@example.com

After doing this, you may fix the identity used for this commit with:

    git commit --amend --reset-author

 3 files changed, 3702 insertions(+)
 create mode 100644 lex.yy.cc
 create mode 100644 y.tab.cc
 create mode 100644 y.tab.hh
D	lex.yy.cc
D	y.tab.cc
D	y.tab.hh
Your branch is up to date with 'origin/master'.
[master fdeba64] Commit
 Committer: Naman Kansal <kansal2@data.cs.purdue.edu>
Your name and email address were configured automatically based
on your username and hostname. Please check that they are accurate.
You can suppress this message by setting them explicitly:

    git config --global user.name "Your Name"
    git config --global user.email you@example.com

After doing this, you may fix the identity used for this commit with:

    git commit --amend --reset-author

 3 files changed, 3702 deletions(-)
 delete mode 100644 lex.yy.cc
 delete mode 100644 y.tab.cc
 delete mode 100644 y.tab.hh
M	command.cc
Your branch is up to date with 'origin/master'.
[master 834004b] Commit
 Committer: Naman Kansal <kansal2@data.cs.purdue.edu>
Your name and email address were configured automatically based
on your username and hostname. Please check that they are accurate.
You can suppress this message by setting them explicitly:

    git config --global user.name "Your Name"
    git config --global user.email you@example.com

After doing this, you may fix the identity used for this commit with:

    git commit --amend --reset-author

 1 file changed, 1 insertion(+), 40 deletions(-)
Your branch is up to date with 'origin/master'.
[master 8bd334d] Commit
 Committer: Naman Kansal <kansal2@data.cs.purdue.edu>
Your name and email address were configured automatically based
on your username and hostname. Please check that they are accurate.
You can suppress this message by setting them explicitly:

    git config --global user.name "Your Name"
    git config --global user.email you@example.com

After doing this, you may fix the identity used for this commit with:

    git commit --amend --reset-author

 3 files changed, 3702 insertions(+)
 create mode 100644 lex.yy.cc
 create mode 100644 y.tab.cc
 create mode 100644 y.tab.hh
D	lex.yy.cc
D	y.tab.cc
D	y.tab.hh
Your branch is up to date with 'origin/master'.
[master 750ee21] Commit
 Committer: Naman Kansal <kansal2@data.cs.purdue.edu>
Your name and email address were configured automatically based
on your username and hostname. Please check that they are accurate.
You can suppress this message by setting them explicitly:

    git config --global user.name "Your Name"
    git config --global user.email you@example.com

After doing this, you may fix the identity used for this commit with:

    git commit --amend --reset-author

 3 files changed, 3702 deletions(-)
 delete mode 100644 lex.yy.cc
 delete mode 100644 y.tab.cc
 delete mode 100644 y.tab.hh
M	test-shell/file-list-1
M	test-shell/file-list-2
M	test-shell/testall.out
Your branch is up to date with 'origin/master'.
[master 84bdb3c] Commit
 Committer: Naman Kansal <kansal2@data.cs.purdue.edu>
Your name and email address were configured automatically based
on your username and hostname. Please check that they are accurate.
You can suppress this message by setting them explicitly:

    git config --global user.name "Your Name"
    git config --global user.email you@example.com

After doing this, you may fix the identity used for this commit with:

    git commit --amend --reset-author

 3 files changed, 1 insertion(+), 3 deletions(-)
M	test-shell/file-list-1
M	test-shell/file-list-2
M	test-shell/testall.out
Your branch is up to date with 'origin/master'.
[master 8ad171d] Commit
 Committer: Naman Kansal <kansal2@data.cs.purdue.edu>
Your name and email address were configured automatically based
on your username and hostname. Please check that they are accurate.
You can suppress this message by setting them explicitly:

    git config --global user.name "Your Name"
    git config --global user.email you@example.com

After doing this, you may fix the identity used for this commit with:

    git commit --amend --reset-author

 3 files changed, 3 insertions(+), 1 deletion(-)
M	test-shell/testall.out
Your branch is up to date with 'origin/master'.
[master f00210a] Commit
 Committer: Naman Kansal <kansal2@data.cs.purdue.edu>
Your name and email address were configured automatically based
on your username and hostname. Please check that they are accurate.
You can suppress this message by setting them explicitly:

    git config --global user.name "Your Name"
    git config --global user.email you@example.com

After doing this, you may fix the identity used for this commit with:

    git commit --amend --reset-author

 1 file changed, 1 insertion(+), 1 deletion(-)
M	command.cc
M	command.hh
M	shell.cc
M	shell.l
M	simpleCommand.hh
M	test-shell/testall.out
Your branch is up to date with 'origin/master'.
[master fef48c8] Commit
 Committer: Naman Kansal <kansal2@data.cs.purdue.edu>
Your name and email address were configured automatically based
on your username and hostname. Please check that they are accurate.
You can suppress this message by setting them explicitly:

    git config --global user.name "Your Name"
    git config --global user.email you@example.com

After doing this, you may fix the identity used for this commit with:

    git commit --amend --reset-author

 6 files changed, 75 insertions(+), 13 deletions(-)
M	shell.l
Your branch is up to date with 'origin/master'.
[master 70c23ff] Commit
 Committer: Naman Kansal <kansal2@data.cs.purdue.edu>
Your name and email address were configured automatically based
on your username and hostname. Please check that they are accurate.
You can suppress this message by setting them explicitly:

    git config --global user.name "Your Name"
    git config --global user.email you@example.com

After doing this, you may fix the identity used for this commit with:

    git commit --amend --reset-author

 1 file changed, 41 insertions(+)
M	shell.l
Your branch is up to date with 'origin/master'.
[master b6f6469] Commit
 Committer: Naman Kansal <kansal2@data.cs.purdue.edu>
Your name and email address were configured automatically based
on your username and hostname. Please check that they are accurate.
You can suppress this message by setting them explicitly:

    git config --global user.name "Your Name"
    git config --global user.email you@example.com

After doing this, you may fix the identity used for this commit with:

    git commit --amend --reset-author

 1 file changed, 146 insertions(+), 2 deletions(-)
Your branch is up to date with 'origin/master'.
On branch master
Your branch is up to date with 'origin/master'.

Untracked files:
  (use "git add <file>..." to include in what will be committed)
	.local.git.out
	.shell.y.swp
	.shellrc.backup
	.vscode/
	fifo
	ls
	out
	out.txt
	test-shell/bgfile
	test-shell/err2
	test-shell/hello world
	test-shell/my_output.txt
	test-shell/out1
	test-shell/results_p1.txt
	test.sh

nothing added to commit but untracked files present (use "git add" to track)
M	Makefile
M	read-line.c
M	shell.l
Your branch is up to date with 'origin/master'.
[master d7ba521] Commit
 Committer: Naman Kansal <kansal2@data.cs.purdue.edu>
Your name and email address were configured automatically based
on your username and hostname. Please check that they are accurate.
You can suppress this message by setting them explicitly:

    git config --global user.name "Your Name"
    git config --global user.email you@example.com

After doing this, you may fix the identity used for this commit with:

    git commit --amend --reset-author

 3 files changed, 290 insertions(+), 166 deletions(-)
 rewrite read-line.c (90%)
Your branch is up to date with 'origin/master'.
On branch master
Your branch is up to date with 'origin/master'.

Untracked files:
  (use "git add <file>..." to include in what will be committed)
	.local.git.out
	.shell.y.swp
	.shellrc.backup
	.vscode/
	fifo
	ls
	out
	out.txt
	test-shell/bgfile
	test-shell/err2
	test-shell/hello world
	test-shell/my_output.txt
	test-shell/out1
	test-shell/results_p1.txt
	test.sh
	test1.txt
	test2.txt
	test3.txt

nothing added to commit but untracked files present (use "git add" to track)
Your branch is up to date with 'origin/master'.
On branch master
Your branch is up to date with 'origin/master'.

Untracked files:
  (use "git add <file>..." to include in what will be committed)
	.local.git.out
	.shell.y.swp
	.shellrc.backup
	.vscode/
	fifo
	ls
	out
	out.txt
	test-shell/bgfile
	test-shell/err2
	test-shell/hello world
	test-shell/my_output.txt
	test-shell/out1
	test-shell/results_p1.txt
	test.sh
	test1.txt
	test2.txt
	test3.txt

nothing added to commit but untracked files present (use "git add" to track)
M	read-line.c
Your branch is up to date with 'origin/master'.
[master e8313af] Commit
 Committer: Naman Kansal <kansal2@data.cs.purdue.edu>
Your name and email address were configured automatically based
on your username and hostname. Please check that they are accurate.
You can suppress this message by setting them explicitly:

    git config --global user.name "Your Name"
    git config --global user.email you@example.com

After doing this, you may fix the identity used for this commit with:

    git commit --amend --reset-author

 1 file changed, 12 insertions(+), 16 deletions(-)
M	Makefile
Your branch is up to date with 'origin/master'.
[master 04cb046] Commit
 Committer: Naman Kansal <kansal2@data.cs.purdue.edu>
Your name and email address were configured automatically based
on your username and hostname. Please check that they are accurate.
You can suppress this message by setting them explicitly:

    git config --global user.name "Your Name"
    git config --global user.email you@example.com

After doing this, you may fix the identity used for this commit with:

    git commit --amend --reset-author

 1 file changed, 1 insertion(+), 1 deletion(-)
Your branch is up to date with 'origin/master'.
On branch master
Your branch is up to date with 'origin/master'.

Untracked files:
  (use "git add <file>..." to include in what will be committed)
	.local.git.out
	.shell.y.swp
	.shellrc.backup
	.vscode/
	fifo
	ls
	out
	out.txt
	test-shell/bgfile
	test-shell/err2
	test-shell/hello world
	test-shell/my_output.txt
	test-shell/out1
	test-shell/results_p1.txt
	test.sh
	test1.txt
	test2.txt
	test3.txt

nothing added to commit but untracked files present (use "git add" to track)
M	Makefile
M	shell.l
Your branch is up to date with 'origin/master'.
[master 2acd892] Commit
 Committer: Naman Kansal <kansal2@data.cs.purdue.edu>
Your name and email address were configured automatically based
on your username and hostname. Please check that they are accurate.
You can suppress this message by setting them explicitly:

    git config --global user.name "Your Name"
    git config --global user.email you@example.com

After doing this, you may fix the identity used for this commit with:

    git commit --amend --reset-author

 2 files changed, 6 insertions(+)
M	Makefile
Your branch is up to date with 'origin/master'.
[master d040e40] Commit
 Committer: Naman Kansal <kansal2@data.cs.purdue.edu>
Your name and email address were configured automatically based
on your username and hostname. Please check that they are accurate.
You can suppress this message by setting them explicitly:

    git config --global user.name "Your Name"
    git config --global user.email you@example.com

After doing this, you may fix the identity used for this commit with:

    git commit --amend --reset-author

 1 file changed, 1 insertion(+), 1 deletion(-)
M	read-line.c
Your branch is up to date with 'origin/master'.
[master 0da85d3] Commit
 Committer: Naman Kansal <kansal2@data.cs.purdue.edu>
Your name and email address were configured automatically based
on your username and hostname. Please check that they are accurate.
You can suppress this message by setting them explicitly:

    git config --global user.name "Your Name"
    git config --global user.email you@example.com

After doing this, you may fix the identity used for this commit with:

    git commit --amend --reset-author

 1 file changed, 47 insertions(+)
M	read-line.c
Your branch is up to date with 'origin/master'.
[master 51e31c8] Commit
 Committer: Naman Kansal <kansal2@data.cs.purdue.edu>
Your name and email address were configured automatically based
on your username and hostname. Please check that they are accurate.
You can suppress this message by setting them explicitly:

    git config --global user.name "Your Name"
    git config --global user.email you@example.com

After doing this, you may fix the identity used for this commit with:

    git commit --amend --reset-author

 1 file changed, 151 insertions(+), 305 deletions(-)
 rewrite read-line.c (79%)
Your branch is up to date with 'origin/master'.
On branch master
Your branch is up to date with 'origin/master'.

Untracked files:
  (use "git add <file>..." to include in what will be committed)
	.local.git.out
	.shell.y.swp
	.shellrc.backup
	.vscode/
	fifo
	ls
	out
	out.txt
	test-shell/bgfile
	test-shell/err2
	test-shell/hello world
	test-shell/my_output.txt
	test-shell/out1
	test-shell/results_p1.txt
	test.sh
	test1.txt
	test2.txt
	test3.txt

nothing added to commit but untracked files present (use "git add" to track)
M	command.cc
M	tty-raw-mode.c
Your branch is up to date with 'origin/master'.
[master 8a81d9f] Commit
 Committer: Naman Kansal <kansal2@data.cs.purdue.edu>
Your name and email address were configured automatically based
on your username and hostname. Please check that they are accurate.
You can suppress this message by setting them explicitly:

    git config --global user.name "Your Name"
    git config --global user.email you@example.com

After doing this, you may fix the identity used for this commit with:

    git commit --amend --reset-author

 2 files changed, 35 insertions(+), 17 deletions(-)
M	command.cc
Your branch is up to date with 'origin/master'.
[master a75976d] Commit
 Committer: Naman Kansal <kansal2@data.cs.purdue.edu>
Your name and email address were configured automatically based
on your username and hostname. Please check that they are accurate.
You can suppress this message by setting them explicitly:

    git config --global user.name "Your Name"
    git config --global user.email you@example.com

After doing this, you may fix the identity used for this commit with:

    git commit --amend --reset-author

 1 file changed, 2 insertions(+), 3 deletions(-)
M	command.cc
Your branch is up to date with 'origin/master'.
[master 6ff4c91] Commit
 Committer: Naman Kansal <kansal2@data.cs.purdue.edu>
Your name and email address were configured automatically based
on your username and hostname. Please check that they are accurate.
You can suppress this message by setting them explicitly:

    git config --global user.name "Your Name"
    git config --global user.email you@example.com

After doing this, you may fix the identity used for this commit with:

    git commit --amend --reset-author

 1 file changed, 7 insertions(+), 6 deletions(-)
M	read-line.c
Your branch is up to date with 'origin/master'.
[master 12da4a2] Commit
 Committer: Naman Kansal <kansal2@data.cs.purdue.edu>
Your name and email address were configured automatically based
on your username and hostname. Please check that they are accurate.
You can suppress this message by setting them explicitly:

    git config --global user.name "Your Name"
    git config --global user.email you@example.com

After doing this, you may fix the identity used for this commit with:

    git commit --amend --reset-author

 1 file changed, 193 insertions(+), 32 deletions(-)
M	shell.cc
Your branch is up to date with 'origin/master'.
[master b590c81] Commit
 Committer: Naman Kansal <kansal2@data.cs.purdue.edu>
Your name and email address were configured automatically based
on your username and hostname. Please check that they are accurate.
You can suppress this message by setting them explicitly:

    git config --global user.name "Your Name"
    git config --global user.email you@example.com

After doing this, you may fix the identity used for this commit with:

    git commit --amend --reset-author

 1 file changed, 59 insertions(+), 1 deletion(-)
Your branch is up to date with 'origin/master'.
On branch master
Your branch is up to date with 'origin/master'.

Untracked files:
  (use "git add <file>..." to include in what will be committed)
	.local.git.out
	.shell.y.swp
	.shellrc.backup
	.vscode/
	fifo
	ls
	out
	out.txt
	test-shell/bgfile
	test-shell/err2
	test-shell/hello world
	test-shell/my_output.txt
	test-shell/out1
	test-shell/results_p1.txt
	test.sh
	test1.txt
	test2.txt
	test3.txt

nothing added to commit but untracked files present (use "git add" to track)
M	read-line.c
M	test-shell/file-list-1
M	test-shell/file-list-2
M	test-shell/testall.out
Your branch is up to date with 'origin/master'.
[master e4aff47] Commit
 Committer: Naman Kansal <kansal2@data.cs.purdue.edu>
Your name and email address were configured automatically based
on your username and hostname. Please check that they are accurate.
You can suppress this message by setting them explicitly:

    git config --global user.name "Your Name"
    git config --global user.email you@example.com

After doing this, you may fix the identity used for this commit with:

    git commit --amend --reset-author

 4 files changed, 332 insertions(+), 29 deletions(-)
 rewrite test-shell/testall.out (100%)
Your branch is up to date with 'origin/master'.
On branch master
Your branch is up to date with 'origin/master'.

Untracked files:
  (use "git add <file>..." to include in what will be committed)
	.local.git.out
	.shell.y.swp
	.shellrc.backup
	.vscode/
	fifo
	ls
	out
	out.txt
	test-shell/bgfile
	test-shell/err2
	test-shell/hello world
	test-shell/my_output.txt
	test-shell/out1
	test-shell/results_p1.txt
	test.sh
	test1.txt
	test2.txt
	test3.txt

nothing added to commit but untracked files present (use "git add" to track)
M	read-line.c
Your branch is up to date with 'origin/master'.
[master 7fd22c8] Commit
 Committer: Naman Kansal <kansal2@data.cs.purdue.edu>
Your name and email address were configured automatically based
on your username and hostname. Please check that they are accurate.
You can suppress this message by setting them explicitly:

    git config --global user.name "Your Name"
    git config --global user.email you@example.com

After doing this, you may fix the identity used for this commit with:

    git commit --amend --reset-author

 1 file changed, 12 insertions(+), 5 deletions(-)
M	read-line.c
Your branch is up to date with 'origin/master'.
[master 3b5727d] Commit
 Committer: Naman Kansal <kansal2@data.cs.purdue.edu>
Your name and email address were configured automatically based
on your username and hostname. Please check that they are accurate.
You can suppress this message by setting them explicitly:

    git config --global user.name "Your Name"
    git config --global user.email you@example.com

After doing this, you may fix the identity used for this commit with:

    git commit --amend --reset-author

 1 file changed, 17 insertions(+), 11 deletions(-)
M	shell.cc
Your branch is up to date with 'origin/master'.
[master 7c377ce] Commit
 Committer: Naman Kansal <kansal2@data.cs.purdue.edu>
Your name and email address were configured automatically based
on your username and hostname. Please check that they are accurate.
You can suppress this message by setting them explicitly:

    git config --global user.name "Your Name"
    git config --global user.email you@example.com

After doing this, you may fix the identity used for this commit with:

    git commit --amend --reset-author

 1 file changed, 26 insertions(+), 5 deletions(-)
M	shell.cc
Your branch is up to date with 'origin/master'.
[master 21965ba] Commit
 Committer: Naman Kansal <kansal2@data.cs.purdue.edu>
Your name and email address were configured automatically based
on your username and hostname. Please check that they are accurate.
You can suppress this message by setting them explicitly:

    git config --global user.name "Your Name"
    git config --global user.email you@example.com

After doing this, you may fix the identity used for this commit with:

    git commit --amend --reset-author

 1 file changed, 5 insertions(+), 5 deletions(-)
M	shell.cc
Your branch is up to date with 'origin/master'.
[master 8051c72] Commit
 Committer: Naman Kansal <kansal2@data.cs.purdue.edu>
Your name and email address were configured automatically based
on your username and hostname. Please check that they are accurate.
You can suppress this message by setting them explicitly:

    git config --global user.name "Your Name"
    git config --global user.email you@example.com

After doing this, you may fix the identity used for this commit with:

    git commit --amend --reset-author

 1 file changed, 1 insertion(+), 27 deletions(-)
Your branch is up to date with 'origin/master'.
On branch master
Your branch is up to date with 'origin/master'.

Untracked files:
  (use "git add <file>..." to include in what will be committed)
	.local.git.out
	.shell.y.swp
	.shellrc.backup
	.vscode/
	fifo
	ls
	out
	out.txt
	test-shell/bgfile
	test-shell/err2
	test-shell/hello world
	test-shell/my_output.txt
	test-shell/out1
	test-shell/results_p1.txt
	test.sh
	test1.txt
	test2.txt
	test3.txt

nothing added to commit but untracked files present (use "git add" to track)
M	test-shell/file-list-1
M	test-shell/file-list-2
Your branch is up to date with 'origin/master'.
[master 9d19c5a] Commit
 Committer: Naman Kansal <kansal2@data.cs.purdue.edu>
Your name and email address were configured automatically based
on your username and hostname. Please check that they are accurate.
You can suppress this message by setting them explicitly:

    git config --global user.name "Your Name"
    git config --global user.email you@example.com

After doing this, you may fix the identity used for this commit with:

    git commit --amend --reset-author

 2 files changed, 2 deletions(-)
Your branch is up to date with 'origin/master'.
On branch master
Your branch is up to date with 'origin/master'.

Untracked files:
  (use "git add <file>..." to include in what will be committed)
	.local.git.out
	.shell.y.swp
	.shellrc.backup
	.vscode/
	fifo
	ls
	out
	out.txt
	test-shell/bgfile
	test-shell/err2
	test-shell/hello world
	test-shell/my_output.txt
	test-shell/out1
	test-shell/results_p1.txt
	test.sh
	test1.txt
	test2.txt
	test3.txt

nothing added to commit but untracked files present (use "git add" to track)
Your branch is up to date with 'origin/master'.
On branch master
Your branch is up to date with 'origin/master'.

Untracked files:
  (use "git add <file>..." to include in what will be committed)
	.local.git.out
	.shell.y.swp
	.shellrc.backup
	.vscode/
	fifo
	ls
	out
	out.txt
	test-shell/bgfile
	test-shell/err2
	test-shell/hello world
	test-shell/my_output.txt
	test-shell/out1
	test-shell/results_p1.txt
	test.sh
	test1.txt
	test2.txt
	test3.txt

nothing added to commit but untracked files present (use "git add" to track)
M	shell.l
M	test-shell/file-list-1
M	test-shell/file-list-2
Your branch is up to date with 'origin/master'.
[master 5b713e4] Commit
 Committer: Naman Kansal <kansal2@data.cs.purdue.edu>
Your name and email address were configured automatically based
on your username and hostname. Please check that they are accurate.
You can suppress this message by setting them explicitly:

    git config --global user.name "Your Name"
    git config --global user.email you@example.com

After doing this, you may fix the identity used for this commit with:

    git commit --amend --reset-author

 3 files changed, 46 insertions(+), 2 deletions(-)
M	shell.l
Your branch is up to date with 'origin/master'.
[master b44a4ab] Commit
 Committer: Naman Kansal <kansal2@data.cs.purdue.edu>
Your name and email address were configured automatically based
on your username and hostname. Please check that they are accurate.
You can suppress this message by setting them explicitly:

    git config --global user.name "Your Name"
    git config --global user.email you@example.com

After doing this, you may fix the identity used for this commit with:

    git commit --amend --reset-author

 1 file changed, 12 insertions(+), 7 deletions(-)
M	shell.l
Your branch is up to date with 'origin/master'.
[master ceff7c3] Commit
 Committer: Naman Kansal <kansal2@data.cs.purdue.edu>
Your name and email address were configured automatically based
on your username and hostname. Please check that they are accurate.
You can suppress this message by setting them explicitly:

    git config --global user.name "Your Name"
    git config --global user.email you@example.com

After doing this, you may fix the identity used for this commit with:

    git commit --amend --reset-author

 1 file changed, 17 insertions(+), 5 deletions(-)
M	test-shell/testall.out
Your branch is up to date with 'origin/master'.
[master 059eff7] Commit
 Committer: Naman Kansal <kansal2@data.cs.purdue.edu>
Your name and email address were configured automatically based
on your username and hostname. Please check that they are accurate.
You can suppress this message by setting them explicitly:

    git config --global user.name "Your Name"
    git config --global user.email you@example.com

After doing this, you may fix the identity used for this commit with:

    git commit --amend --reset-author

 1 file changed, 7 insertions(+), 7 deletions(-)
M	shell.l
M	test-shell/file-list-1
M	test-shell/file-list-2
Your branch is up to date with 'origin/master'.
[master 99be1a7] Commit
 Committer: Naman Kansal <kansal2@data.cs.purdue.edu>
Your name and email address were configured automatically based
on your username and hostname. Please check that they are accurate.
You can suppress this message by setting them explicitly:

    git config --global user.name "Your Name"
    git config --global user.email you@example.com

After doing this, you may fix the identity used for this commit with:

    git commit --amend --reset-author

 3 files changed, 17 insertions(+), 11 deletions(-)
M	shell.l
Your branch is up to date with 'origin/master'.
[master 307606c] Commit
 Committer: Naman Kansal <kansal2@data.cs.purdue.edu>
Your name and email address were configured automatically based
on your username and hostname. Please check that they are accurate.
You can suppress this message by setting them explicitly:

    git config --global user.name "Your Name"
    git config --global user.email you@example.com

After doing this, you may fix the identity used for this commit with:

    git commit --amend --reset-author

 1 file changed, 21 insertions(+), 71 deletions(-)
M	test-shell/file-list-1
M	test-shell/file-list-2
M	test-shell/testall.out
Your branch is up to date with 'origin/master'.
[master 04b0804] Commit
 Committer: Naman Kansal <kansal2@data.cs.purdue.edu>
Your name and email address were configured automatically based
on your username and hostname. Please check that they are accurate.
You can suppress this message by setting them explicitly:

    git config --global user.name "Your Name"
    git config --global user.email you@example.com

After doing this, you may fix the identity used for this commit with:

    git commit --amend --reset-author

 3 files changed, 31 insertions(+), 111 deletions(-)
 rewrite test-shell/file-list-2 (100%)
 rewrite test-shell/testall.out (88%)
M	test-shell/file-list-1
M	test-shell/file-list-2
M	test-shell/testall.out
Your branch is up to date with 'origin/master'.
[master 94b781b] Commit
 Committer: Naman Kansal <kansal2@data.cs.purdue.edu>
Your name and email address were configured automatically based
on your username and hostname. Please check that they are accurate.
You can suppress this message by setting them explicitly:

    git config --global user.name "Your Name"
    git config --global user.email you@example.com

After doing this, you may fix the identity used for this commit with:

    git commit --amend --reset-author

 3 files changed, 113 insertions(+), 31 deletions(-)
 rewrite test-shell/testall.out (83%)
